From,To,Time,Flow
98,92,0,0.0
98,92,1,0.0
98,92,2,0.0
98,92,3,0.0
98,92,4,0.0
98,92,5,-0.0
98,92,6,-0.0
98,92,7,-0.0
98,92,8,-0.0
98,92,9,-0.0
98,92,10,-0.0
98,92,11,-0.0
98,92,12,-0.0
98,92,13,0.0
98,92,14,0.0
98,92,15,-0.0
98,92,16,-0.0
98,92,17,-0.0
98,92,18,-0.0
98,92,19,-0.0
98,92,20,-0.0
98,92,21,-0.0
98,92,22,-0.0
98,92,23,-0.0
98,92,24,-0.0
98,92,25,-0.0
98,92,26,-0.0
98,92,27,-0.0
98,92,28,-0.0
98,92,29,-0.0
98,92,30,-0.0
98,92,31,-0.0
98,92,32,-0.0
98,92,33,-0.0
98,92,34,-0.0
98,92,35,-0.0
98,92,36,-0.0
98,92,37,-0.0
98,92,38,-0.0
98,92,39,-0.0
98,92,40,-0.0
98,92,41,0.0
98,92,42,-0.0
98,92,43,-0.0
98,92,44,-0.0
98,92,45,-0.0
98,92,46,-0.0
98,92,47,-0.0
98,92,48,-0.0
98,92,49,-0.0
98,92,50,-0.0
98,92,51,-0.0
98,92,52,-0.0
98,92,53,-0.0
98,92,54,-0.0
98,92,55,-0.0
98,92,56,-0.0
98,92,57,-0.0
98,92,58,0.0
98,92,59,-0.0
98,92,60,-0.0
98,92,61,-0.0
98,92,62,-0.0
98,92,63,-0.0
98,92,64,-0.0
98,92,65,-0.0
98,92,66,-0.0
98,92,67,-0.0
98,92,68,-0.0
98,92,69,0.0
98,92,70,-0.0
98,92,71,-0.0
98,92,72,-0.0
98,92,73,-0.0
98,92,74,-0.0
98,92,75,-0.0
98,92,76,-0.0
98,92,77,-0.0
98,92,78,-0.0
98,92,79,-0.0
98,92,80,0.0
98,92,81,0.0
98,92,82,-0.0
98,92,83,0.0
98,92,84,-0.0
98,92,85,-0.0
98,92,86,0.0
98,92,87,-0.0
98,92,88,-0.0
98,92,89,-0.0
98,92,90,-0.0
98,92,91,-0.0
98,92,92,-0.0
98,92,93,0.0
98,92,94,-0.0
98,92,95,-0.0
98,92,96,-0.0
98,92,97,-0.0
98,92,98,-0.0
98,92,99,-0.0
98,92,100,-0.0
98,92,101,-0.0
98,92,102,-0.0
98,92,103,-0.0
98,92,104,-0.0
98,92,105,-0.0
98,92,106,-0.0
98,92,107,-0.0
98,92,108,-0.0
98,92,109,-0.0
98,92,110,-0.0
98,92,111,-0.0
98,92,112,-0.0
98,92,113,-0.0
98,92,114,-0.0
98,92,115,-0.0
98,92,116,-0.0
98,92,117,-0.0
98,92,118,-0.0
98,92,119,-0.0
98,92,120,-0.0
98,92,121,-0.0
98,92,122,-0.0
98,92,123,-0.0
98,92,124,-0.0
98,92,125,-0.0
98,92,126,-0.0
98,92,127,-0.0
98,92,128,-0.0
98,92,129,-0.0
98,92,130,-0.0
98,92,131,-0.0
98,92,132,0.0
98,92,133,-0.0
98,92,134,-0.0
98,92,135,-0.0
98,92,136,-0.0
98,92,137,-0.0
98,92,138,-0.0
98,92,139,-0.0
98,92,140,-0.0
98,92,141,-0.0
98,92,142,0.0
98,92,143,0.0
98,92,144,-0.0
98,92,145,-0.0
98,92,146,0.0
98,92,147,-0.0
98,92,148,-0.0
98,92,149,-0.0
98,92,150,-0.0
98,92,151,-0.0
98,92,152,-0.0
98,92,153,0.0
98,92,154,-0.0
98,92,155,-0.0
98,92,156,-0.0
98,92,157,0.0
98,92,158,-0.0
98,92,159,-0.0
98,92,160,-0.0
98,92,161,-0.0
98,92,162,-0.0
98,92,163,-0.0
98,92,164,-0.0
98,92,165,0.0
98,92,166,-0.0
98,92,167,-0.0
98,92,168,-0.0
98,92,169,-0.0
98,92,170,-0.0
98,92,171,-0.0
98,92,172,-0.0
98,92,173,-0.0
98,92,174,-0.0
98,92,175,-0.0
98,92,176,0.0
98,92,177,-0.0
98,92,178,-0.0
98,92,179,-0.0
98,92,180,-0.0
98,92,181,-0.0
98,92,182,-0.0
98,92,183,-0.0
98,92,184,-0.0
98,92,185,-0.0
98,92,186,-0.0
98,92,187,0.0
98,92,188,-0.0
98,92,189,-0.0
98,92,190,-0.0
98,92,191,-0.0
98,92,192,-0.0
98,92,193,-0.0
98,92,194,-0.0
98,92,195,-0.0
98,92,196,-0.0
98,92,197,-0.0
98,92,198,-0.0
98,92,199,-0.0
98,92,200,-0.0
98,92,201,-0.0
98,92,202,-0.0
98,92,203,-0.0
98,92,204,-0.0
98,92,205,-0.0
98,92,206,-0.0
98,92,207,-0.0
98,92,208,-0.0
98,92,209,-0.0
98,92,210,-0.0
98,92,211,-0.0
98,92,212,-0.0
98,92,213,-0.0
98,92,214,-0.0
98,92,215,-0.0
98,92,216,-0.0
98,92,217,-0.0
98,92,218,-0.0
98,92,219,-0.0
98,92,220,-0.0
98,92,221,-0.0
98,92,222,-0.0
98,92,223,-0.0
98,92,224,-0.0
98,92,225,-0.0
98,92,226,-0.0
98,92,227,-0.0
98,92,228,-0.0
98,92,229,-0.0
98,92,230,-0.0
98,92,231,-0.0
98,92,232,-0.0
98,92,233,0.0
98,92,234,-0.0
98,92,235,-0.0
98,92,236,-0.0
98,92,237,-0.0
98,92,238,-0.0
98,92,239,-0.0
98,92,240,-0.0
98,92,241,-0.0
98,92,242,-0.0
98,92,243,-0.0
98,92,244,-0.0
98,92,245,-0.0
98,92,246,-0.0
98,92,247,-0.0
98,92,248,-0.0
98,92,249,-0.0
98,92,250,-0.0
98,92,251,-0.0
98,92,252,-0.0
98,92,253,-0.0
98,92,254,-0.0
98,92,255,-0.0
98,92,256,-0.0
98,92,257,-0.0
98,92,258,-0.0
98,92,259,-0.0
98,92,260,-0.0
98,92,261,-0.0
98,92,262,-0.0
98,92,263,-0.0
98,92,264,-0.0
98,92,265,-0.0
98,92,266,-0.0
98,92,267,-0.0
98,92,268,0.0
98,92,269,-0.0
98,92,270,-0.0
98,92,271,-0.0
98,92,272,-0.0
98,92,273,-0.0
98,92,274,-0.0
98,92,275,-0.0
98,92,276,-0.0
98,92,277,-0.0
98,92,278,-0.0
98,92,279,-0.0
98,92,280,-0.0
98,92,281,-0.0
98,92,282,0.0
98,92,283,-0.0
98,92,284,-0.0
98,92,285,-0.0
98,92,286,-0.0
98,92,287,-0.0
98,92,288,-0.0
98,92,289,-0.0
98,92,290,-0.0
98,92,291,-0.0
98,92,292,-0.0
98,92,293,-0.0
98,92,294,-0.0
98,92,295,-0.0
98,92,296,-0.0
98,92,297,-0.0
98,92,298,-0.0
98,92,299,-0.0
98,92,300,-0.0
98,92,301,-0.0
98,92,302,0.0
98,92,303,-0.0
98,92,304,-0.0
98,92,305,-0.0
98,92,306,-0.0
98,92,307,-0.0
98,92,308,-0.0
98,92,309,0.0
98,92,310,-0.0
98,92,311,-0.0
98,92,312,-0.0
98,92,313,-0.0
98,92,314,-0.0
98,92,315,0.0
98,92,316,-0.0
98,92,317,-0.0
98,92,318,-0.0
98,92,319,-0.0
98,92,320,-0.0
98,92,321,-0.0
98,92,322,-0.0
98,92,323,-0.0
98,92,324,-0.0
98,92,325,-0.0
98,92,326,-0.0
98,92,327,-0.0
98,92,328,-0.0
98,92,329,-0.0
98,92,330,-0.0
98,92,331,-0.0
98,92,332,-0.0
98,92,333,-0.0
98,92,334,-0.0
98,92,335,-0.0
98,92,336,-0.0
98,92,337,-0.0
98,92,338,0.0
98,92,339,-0.0
98,92,340,-0.0
98,92,341,-0.0
98,92,342,-0.0
98,92,343,-0.0
98,92,344,-0.0
98,92,345,0.0
98,92,346,-0.0
98,92,347,-0.0
98,92,348,-0.0
98,92,349,-0.0
98,92,350,-0.0
98,92,351,-0.0
98,92,352,-0.0
98,92,353,0.0
98,92,354,-0.0
98,92,355,-0.0
98,92,356,-0.0
98,92,357,-0.0
98,92,358,0.0
98,92,359,-0.0
98,92,360,-0.0
99,100,0,0.0
99,100,1,0.0
99,100,2,0.0
99,100,3,6.0
99,100,4,0.0
99,100,5,5.0
99,100,6,6.0
99,100,7,6.0
99,100,8,0.0
99,100,9,6.0
99,100,10,6.0
99,100,11,6.0
99,100,12,6.0
99,100,13,6.0
99,100,14,6.0
99,100,15,6.0
99,100,16,6.0
99,100,17,6.0
99,100,18,6.0
99,100,19,6.0
99,100,20,6.0
99,100,21,6.0
99,100,22,0.0
99,100,23,6.0
99,100,24,0.0
99,100,25,0.0
99,100,26,0.0
99,100,27,0.0
99,100,28,0.0
99,100,29,6.0
99,100,30,6.0
99,100,31,6.0
99,100,32,6.0
99,100,33,0.0
99,100,34,6.0
99,100,35,6.0
99,100,36,6.0
99,100,37,-0.0
99,100,38,0.0
99,100,39,6.0
99,100,40,5.0
99,100,41,6.0
99,100,42,6.0
99,100,43,0.0
99,100,44,6.0
99,100,45,6.0
99,100,46,6.0
99,100,47,6.0
99,100,48,6.0
99,100,49,6.0
99,100,50,0.0
99,100,51,0.0
99,100,52,0.0
99,100,53,6.0
99,100,54,6.0
99,100,55,6.0
99,100,56,0.0
99,100,57,6.0
99,100,58,6.0
99,100,59,6.0
99,100,60,0.0
99,100,61,6.0
99,100,62,0.0
99,100,63,6.0
99,100,64,6.0
99,100,65,6.0
99,100,66,0.0
99,100,67,0.0
99,100,68,6.0
99,100,69,0.0
99,100,70,6.0
99,100,71,6.0
99,100,72,6.0
99,100,73,6.0
99,100,74,0.0
99,100,75,2.0
99,100,76,0.0
99,100,77,6.0
99,100,78,5.0
99,100,79,6.0
99,100,80,6.0
99,100,81,6.0
99,100,82,6.0
99,100,83,0.0
99,100,84,6.0
99,100,85,6.0
99,100,86,0.0
99,100,87,6.0
99,100,88,6.0
99,100,89,6.0
99,100,90,0.0
99,100,91,0.0
99,100,92,6.0
99,100,93,0.0
99,100,94,6.0
99,100,95,6.0
99,100,96,6.0
99,100,97,6.0
99,100,98,4.0
99,100,99,0.0
99,100,100,1.0
99,100,101,0.0
99,100,102,0.0
99,100,103,6.0
99,100,104,0.0
99,100,105,6.0
99,100,106,6.0
99,100,107,1.0
99,100,108,6.0
99,100,109,0.0
99,100,110,6.0
99,100,111,0.0
99,100,112,0.0
99,100,113,0.0
99,100,114,0.0
99,100,115,0.0
99,100,116,6.0
99,100,117,0.0
99,100,118,6.0
99,100,119,0.0
99,100,120,6.0
99,100,121,6.0
99,100,122,6.0
99,100,123,6.0
99,100,124,6.0
99,100,125,1.0
99,100,126,6.0
99,100,127,0.0
99,100,128,0.0
99,100,129,0.0
99,100,130,6.0
99,100,131,6.0
99,100,132,0.0
99,100,133,6.0
99,100,134,6.0
99,100,135,0.0
99,100,136,1.0
99,100,137,6.0
99,100,138,0.0
99,100,139,6.0
99,100,140,6.0
99,100,141,6.0
99,100,142,6.0
99,100,143,6.0
99,100,144,0.0
99,100,145,6.0
99,100,146,6.0
99,100,147,6.0
99,100,148,6.0
99,100,149,6.0
99,100,150,0.0
99,100,151,0.0
99,100,152,6.0
99,100,153,6.0
99,100,154,6.0
99,100,155,0.0
99,100,156,5.0
99,100,157,0.0
99,100,158,6.0
99,100,159,6.0
99,100,160,0.0
99,100,161,6.0
99,100,162,6.0
99,100,163,6.0
99,100,164,6.0
99,100,165,6.0
99,100,166,0.0
99,100,167,0.0
99,100,168,6.0
99,100,169,0.0
99,100,170,0.0
99,100,171,0.0
99,100,172,6.0
99,100,173,6.0
99,100,174,6.0
99,100,175,6.0
99,100,176,6.0
99,100,177,6.0
99,100,178,6.0
99,100,179,6.0
99,100,180,6.0
99,100,181,0.0
99,100,182,6.0
99,100,183,6.0
99,100,184,6.0
99,100,185,6.0
99,100,186,0.0
99,100,187,6.0
99,100,188,6.0
99,100,189,6.0
99,100,190,6.0
99,100,191,0.0
99,100,192,6.0
99,100,193,6.0
99,100,194,6.0
99,100,195,6.0
99,100,196,6.0
99,100,197,6.0
99,100,198,0.0
99,100,199,6.0
99,100,200,6.0
99,100,201,6.0
99,100,202,6.0
99,100,203,6.0
99,100,204,6.0
99,100,205,6.0
99,100,206,6.0
99,100,207,6.0
99,100,208,6.0
99,100,209,6.0
99,100,210,6.0
99,100,211,6.0
99,100,212,6.0
99,100,213,6.0
99,100,214,6.0
99,100,215,6.0
99,100,216,6.0
99,100,217,6.0
99,100,218,6.0
99,100,219,6.0
99,100,220,6.0
99,100,221,6.0
99,100,222,6.0
99,100,223,6.0
99,100,224,6.0
99,100,225,6.0
99,100,226,6.0
99,100,227,6.0
99,100,228,6.0
99,100,229,6.0
99,100,230,6.0
99,100,231,6.0
99,100,232,6.0
99,100,233,0.0
99,100,234,6.0
99,100,235,6.0
99,100,236,6.0
99,100,237,0.0
99,100,238,6.0
99,100,239,6.0
99,100,240,6.0
99,100,241,5.0
99,100,242,6.0
99,100,243,6.0
99,100,244,6.0
99,100,245,6.0
99,100,246,6.0
99,100,247,0.0
99,100,248,6.0
99,100,249,6.0
99,100,250,6.0
99,100,251,5.0
99,100,252,6.0
99,100,253,6.0
99,100,254,0.0
99,100,255,0.0
99,100,256,0.0
99,100,257,6.0
99,100,258,6.0
99,100,259,6.0
99,100,260,6.0
99,100,261,0.0
99,100,262,6.0
99,100,263,6.0
99,100,264,0.0
99,100,265,6.0
99,100,266,6.0
99,100,267,6.0
99,100,268,0.0
99,100,269,6.0
99,100,270,6.0
99,100,271,0.0
99,100,272,6.0
99,100,273,1.0
99,100,274,6.0
99,100,275,6.0
99,100,276,0.0
99,100,277,0.0
99,100,278,0.0
99,100,279,6.0
99,100,280,0.0
99,100,281,6.0
99,100,282,0.0
99,100,283,0.0
99,100,284,6.0
99,100,285,6.0
99,100,286,6.0
99,100,287,0.0
99,100,288,0.0
99,100,289,0.0
99,100,290,0.0
99,100,291,6.0
99,100,292,6.0
99,100,293,6.0
99,100,294,6.0
99,100,295,6.0
99,100,296,6.0
99,100,297,6.0
99,100,298,4.0
99,100,299,6.0
99,100,300,6.0
99,100,301,6.0
99,100,302,6.0
99,100,303,6.0
99,100,304,6.0
99,100,305,0.0
99,100,306,0.0
99,100,307,0.0
99,100,308,0.0
99,100,309,6.0
99,100,310,-0.0
99,100,311,0.0
99,100,312,0.0
99,100,313,6.0
99,100,314,6.0
99,100,315,6.0
99,100,316,6.0
99,100,317,0.0
99,100,318,0.0
99,100,319,1.0
99,100,320,6.0
99,100,321,6.0
99,100,322,3.0
99,100,323,6.0
99,100,324,6.0
99,100,325,0.0
99,100,326,6.0
99,100,327,6.0
99,100,328,5.0
99,100,329,6.0
99,100,330,6.0
99,100,331,6.0
99,100,332,6.0
99,100,333,6.0
99,100,334,0.0
99,100,335,6.0
99,100,336,6.0
99,100,337,6.0
99,100,338,6.0
99,100,339,0.0
99,100,340,6.0
99,100,341,0.0
99,100,342,6.0
99,100,343,6.0
99,100,344,6.0
99,100,345,6.0
99,100,346,0.0
99,100,347,6.0
99,100,348,6.0
99,100,349,6.0
99,100,350,6.0
99,100,351,6.0
99,100,352,6.0
99,100,353,6.0
99,100,354,6.0
99,100,355,6.0
99,100,356,6.0
99,100,357,6.0
99,100,358,0.0
99,100,359,0.0
99,100,360,-0.0
50,61,0,0.0
50,61,1,0.0
50,61,2,0.0
50,61,3,0.0
50,61,4,0.0
50,61,5,-0.0
50,61,6,0.0
50,61,7,-0.0
50,61,8,0.0
50,61,9,-0.0
50,61,10,-0.0
50,61,11,0.0
50,61,12,-0.0
50,61,13,-0.0
50,61,14,0.0
50,61,15,-0.0
50,61,16,0.0
50,61,17,0.0
50,61,18,0.0
50,61,19,-0.0
50,61,20,0.0
50,61,21,0.0
50,61,22,-0.0
50,61,23,-0.0
50,61,24,-0.0
50,61,25,-0.0
50,61,26,0.0
50,61,27,-0.0
50,61,28,-0.0
50,61,29,-0.0
50,61,30,0.0
50,61,31,-0.0
50,61,32,-0.0
50,61,33,-0.0
50,61,34,0.0
50,61,35,0.0
50,61,36,-0.0
50,61,37,-0.0
50,61,38,-0.0
50,61,39,-0.0
50,61,40,-0.0
50,61,41,-0.0
50,61,42,-0.0
50,61,43,-0.0
50,61,44,-0.0
50,61,45,0.0
50,61,46,-0.0
50,61,47,-0.0
50,61,48,-0.0
50,61,49,-0.0
50,61,50,0.0
50,61,51,0.0
50,61,52,-0.0
50,61,53,-0.0
50,61,54,-0.0
50,61,55,-0.0
50,61,56,-0.0
50,61,57,0.0
50,61,58,-0.0
50,61,59,-0.0
50,61,60,-0.0
50,61,61,-0.0
50,61,62,-0.0
50,61,63,0.0
50,61,64,-0.0
50,61,65,-0.0
50,61,66,-0.0
50,61,67,0.0
50,61,68,-0.0
50,61,69,-0.0
50,61,70,-0.0
50,61,71,-0.0
50,61,72,-0.0
50,61,73,-0.0
50,61,74,0.0
50,61,75,0.0
50,61,76,-0.0
50,61,77,-0.0
50,61,78,-0.0
50,61,79,-0.0
50,61,80,0.0
50,61,81,-0.0
50,61,82,-0.0
50,61,83,0.0
50,61,84,0.0
50,61,85,0.0
50,61,86,-0.0
50,61,87,-0.0
50,61,88,-0.0
50,61,89,-0.0
50,61,90,-0.0
50,61,91,-0.0
50,61,92,-0.0
50,61,93,-0.0
50,61,94,-0.0
50,61,95,-0.0
50,61,96,-0.0
50,61,97,-0.0
50,61,98,-0.0
50,61,99,0.0
50,61,100,-0.0
50,61,101,-0.0
50,61,102,0.0
50,61,103,0.0
50,61,104,-0.0
50,61,105,-0.0
50,61,106,-0.0
50,61,107,-0.0
50,61,108,0.0
50,61,109,-0.0
50,61,110,0.0
50,61,111,0.0
50,61,112,-0.0
50,61,113,-0.0
50,61,114,-0.0
50,61,115,-0.0
50,61,116,-0.0
50,61,117,-0.0
50,61,118,-0.0
50,61,119,0.0
50,61,120,-0.0
50,61,121,-0.0
50,61,122,-0.0
50,61,123,-0.0
50,61,124,-0.0
50,61,125,-0.0
50,61,126,-0.0
50,61,127,-0.0
50,61,128,-0.0
50,61,129,-0.0
50,61,130,-0.0
50,61,131,-0.0
50,61,132,-0.0
50,61,133,-0.0
50,61,134,0.0
50,61,135,-0.0
50,61,136,-0.0
50,61,137,-0.0
50,61,138,-0.0
50,61,139,-0.0
50,61,140,-0.0
50,61,141,0.0
50,61,142,-0.0
50,61,143,0.0
50,61,144,0.0
50,61,145,-0.0
50,61,146,0.0
50,61,147,-0.0
50,61,148,-0.0
50,61,149,0.0
50,61,150,0.0
50,61,151,-0.0
50,61,152,0.0
50,61,153,-0.0
50,61,154,-0.0
50,61,155,0.0
50,61,156,-0.0
50,61,157,-0.0
50,61,158,-0.0
50,61,159,-0.0
50,61,160,-0.0
50,61,161,0.0
50,61,162,0.0
50,61,163,-0.0
50,61,164,-0.0
50,61,165,-0.0
50,61,166,-0.0
50,61,167,-0.0
50,61,168,-0.0
50,61,169,-0.0
50,61,170,-0.0
50,61,171,-0.0
50,61,172,-0.0
50,61,173,0.0
50,61,174,-0.0
50,61,175,-0.0
50,61,176,-0.0
50,61,177,-0.0
50,61,178,-0.0
50,61,179,0.0
50,61,180,-0.0
50,61,181,-0.0
50,61,182,-0.0
50,61,183,-0.0
50,61,184,-0.0
50,61,185,-0.0
50,61,186,-0.0
50,61,187,-0.0
50,61,188,-0.0
50,61,189,-0.0
50,61,190,-0.0
50,61,191,-0.0
50,61,192,-0.0
50,61,193,-0.0
50,61,194,-0.0
50,61,195,-0.0
50,61,196,-0.0
50,61,197,0.0
50,61,198,0.0
50,61,199,-0.0
50,61,200,-0.0
50,61,201,-0.0
50,61,202,-0.0
50,61,203,0.0
50,61,204,-0.0
50,61,205,-0.0
50,61,206,-0.0
50,61,207,-0.0
50,61,208,-0.0
50,61,209,-0.0
50,61,210,-0.0
50,61,211,-0.0
50,61,212,-0.0
50,61,213,0.0
50,61,214,-0.0
50,61,215,-0.0
50,61,216,-0.0
50,61,217,-0.0
50,61,218,-0.0
50,61,219,-0.0
50,61,220,-0.0
50,61,221,-0.0
50,61,222,-0.0
50,61,223,-0.0
50,61,224,-0.0
50,61,225,-0.0
50,61,226,-0.0
50,61,227,-0.0
50,61,228,-0.0
50,61,229,-0.0
50,61,230,-0.0
50,61,231,-0.0
50,61,232,-0.0
50,61,233,-0.0
50,61,234,-0.0
50,61,235,-0.0
50,61,236,-0.0
50,61,237,-0.0
50,61,238,-0.0
50,61,239,-0.0
50,61,240,-0.0
50,61,241,0.0
50,61,242,-0.0
50,61,243,-0.0
50,61,244,-0.0
50,61,245,-0.0
50,61,246,-0.0
50,61,247,-0.0
50,61,248,-0.0
50,61,249,0.0
50,61,250,-0.0
50,61,251,0.0
50,61,252,-0.0
50,61,253,-0.0
50,61,254,-0.0
50,61,255,-0.0
50,61,256,-0.0
50,61,257,0.0
50,61,258,-0.0
50,61,259,-0.0
50,61,260,-0.0
50,61,261,-0.0
50,61,262,-0.0
50,61,263,-0.0
50,61,264,-0.0
50,61,265,-0.0
50,61,266,-0.0
50,61,267,-0.0
50,61,268,-0.0
50,61,269,-0.0
50,61,270,-0.0
50,61,271,-0.0
50,61,272,-0.0
50,61,273,-0.0
50,61,274,-0.0
50,61,275,-0.0
50,61,276,-0.0
50,61,277,-0.0
50,61,278,0.0
50,61,279,-0.0
50,61,280,-0.0
50,61,281,-0.0
50,61,282,-0.0
50,61,283,-0.0
50,61,284,-0.0
50,61,285,-0.0
50,61,286,-0.0
50,61,287,-0.0
50,61,288,-0.0
50,61,289,-0.0
50,61,290,-0.0
50,61,291,-0.0
50,61,292,-0.0
50,61,293,0.0
50,61,294,-0.0
50,61,295,-0.0
50,61,296,-0.0
50,61,297,-0.0
50,61,298,0.0
50,61,299,-0.0
50,61,300,-0.0
50,61,301,-0.0
50,61,302,-0.0
50,61,303,-0.0
50,61,304,0.0
50,61,305,0.0
50,61,306,-0.0
50,61,307,-0.0
50,61,308,-0.0
50,61,309,0.0
50,61,310,-0.0
50,61,311,0.0
50,61,312,0.0
50,61,313,-0.0
50,61,314,0.0
50,61,315,0.0
50,61,316,-0.0
50,61,317,0.0
50,61,318,0.0
50,61,319,0.0
50,61,320,0.0
50,61,321,0.0
50,61,322,0.0
50,61,323,0.0
50,61,324,0.0
50,61,325,0.0
50,61,326,-0.0
50,61,327,-0.0
50,61,328,0.0
50,61,329,-0.0
50,61,330,-0.0
50,61,331,-0.0
50,61,332,-0.0
50,61,333,-0.0
50,61,334,-0.0
50,61,335,-0.0
50,61,336,0.0
50,61,337,0.0
50,61,338,0.0
50,61,339,-0.0
50,61,340,0.0
50,61,341,0.0
50,61,342,-0.0
50,61,343,-0.0
50,61,344,-0.0
50,61,345,-0.0
50,61,346,-0.0
50,61,347,-0.0
50,61,348,-0.0
50,61,349,-0.0
50,61,350,-0.0
50,61,351,-0.0
50,61,352,-0.0
50,61,353,-0.0
50,61,354,-0.0
50,61,355,-0.0
50,61,356,-0.0
50,61,357,-0.0
50,61,358,-0.0
50,61,359,-0.0
50,61,360,-0.0
44,45,0,0.0
44,45,1,0.0
44,45,2,0.0
44,45,3,0.0
44,45,4,0.0
44,45,5,0.0
44,45,6,0.0
44,45,7,0.0
44,45,8,0.0
44,45,9,11.0
44,45,10,0.0
44,45,11,11.0
44,45,12,0.0
44,45,13,0.0
44,45,14,0.0
44,45,15,0.0
44,45,16,0.0
44,45,17,0.0
44,45,18,0.0
44,45,19,0.0
44,45,20,11.0
44,45,21,0.0
44,45,22,0.0
44,45,23,0.0
44,45,24,0.0
44,45,25,0.0
44,45,26,0.0
44,45,27,0.0
44,45,28,0.0
44,45,29,0.0
44,45,30,0.0
44,45,31,0.0
44,45,32,0.0
44,45,33,0.0
44,45,34,0.0
44,45,35,0.0
44,45,36,0.0
44,45,37,0.0
44,45,38,0.0
44,45,39,0.0
44,45,40,0.0
44,45,41,0.0
44,45,42,0.0
44,45,43,0.0
44,45,44,0.0
44,45,45,0.0
44,45,46,0.0
44,45,47,0.0
44,45,48,0.0
44,45,49,0.0
44,45,50,0.0
44,45,51,0.0
44,45,52,0.0
44,45,53,0.0
44,45,54,0.0
44,45,55,0.0
44,45,56,0.0
44,45,57,0.0
44,45,58,0.0
44,45,59,0.0
44,45,60,0.0
44,45,61,0.0
44,45,62,-0.0
44,45,63,6.0
44,45,64,11.0
44,45,65,-0.0
44,45,66,0.0
44,45,67,0.0
44,45,68,0.0
44,45,69,0.0
44,45,70,0.0
44,45,71,0.0
44,45,72,0.0
44,45,73,0.0
44,45,74,0.0
44,45,75,0.0
44,45,76,0.0
44,45,77,0.0
44,45,78,6.0
44,45,79,6.0
44,45,80,0.0
44,45,81,2.0
44,45,82,0.0
44,45,83,9.0
44,45,84,8.0
44,45,85,0.0
44,45,86,6.0
44,45,87,6.0
44,45,88,-0.0
44,45,89,0.0
44,45,90,0.0
44,45,91,6.0
44,45,92,0.0
44,45,93,0.0
44,45,94,0.0
44,45,95,0.0
44,45,96,0.0
44,45,97,3.0
44,45,98,9.0
44,45,99,0.0
44,45,100,0.0
44,45,101,0.0
44,45,102,6.0
44,45,103,0.0
44,45,104,4.0
44,45,105,0.0
44,45,106,0.0
44,45,107,0.0
44,45,108,0.0
44,45,109,0.0
44,45,110,0.0
44,45,111,0.0
44,45,112,0.0
44,45,113,0.0
44,45,114,0.0
44,45,115,0.0
44,45,116,0.0
44,45,117,0.0
44,45,118,0.0
44,45,119,0.0
44,45,120,0.0
44,45,121,0.0
44,45,122,0.0
44,45,123,0.0
44,45,124,0.0
44,45,125,0.0
44,45,126,0.0
44,45,127,0.0
44,45,128,0.0
44,45,129,0.0
44,45,130,0.0
44,45,131,0.0
44,45,132,0.0
44,45,133,0.0
44,45,134,0.0
44,45,135,0.0
44,45,136,0.0
44,45,137,0.0
44,45,138,0.0
44,45,139,0.0
44,45,140,0.0
44,45,141,3.0
44,45,142,1.0
44,45,143,6.0
44,45,144,0.0
44,45,145,9.0
44,45,146,0.0
44,45,147,11.0
44,45,148,-0.0
44,45,149,6.0
44,45,150,0.0
44,45,151,6.0
44,45,152,6.0
44,45,153,0.0
44,45,154,-0.0
44,45,155,0.0
44,45,156,0.0
44,45,157,0.0
44,45,158,6.0
44,45,159,9.0
44,45,160,6.0
44,45,161,-0.0
44,45,162,0.0
44,45,163,0.0
44,45,164,6.0
44,45,165,6.0
44,45,166,0.0
44,45,167,6.0
44,45,168,7.0
44,45,169,0.0
44,45,170,6.0
44,45,171,6.0
44,45,172,-0.0
44,45,173,0.0
44,45,174,6.0
44,45,175,-0.0
44,45,176,-0.0
44,45,177,0.0
44,45,178,0.0
44,45,179,0.0
44,45,180,0.0
44,45,181,0.0
44,45,182,9.0
44,45,183,0.0
44,45,184,0.0
44,45,185,0.0
44,45,186,0.0
44,45,187,0.0
44,45,188,0.0
44,45,189,0.0
44,45,190,-0.0
44,45,191,0.0
44,45,192,0.0
44,45,193,0.0
44,45,194,0.0
44,45,195,0.0
44,45,196,0.0
44,45,197,0.0
44,45,198,0.0
44,45,199,0.0
44,45,200,6.0
44,45,201,0.0
44,45,202,0.0
44,45,203,0.0
44,45,204,0.0
44,45,205,0.0
44,45,206,0.0
44,45,207,0.0
44,45,208,0.0
44,45,209,0.0
44,45,210,0.0
44,45,211,6.0
44,45,212,6.0
44,45,213,6.0
44,45,214,0.0
44,45,215,0.0
44,45,216,11.0
44,45,217,-0.0
44,45,218,6.0
44,45,219,0.0
44,45,220,0.0
44,45,221,0.0
44,45,222,0.0
44,45,223,0.0
44,45,224,0.0
44,45,225,-0.0
44,45,226,0.0
44,45,227,0.0
44,45,228,0.0
44,45,229,0.0
44,45,230,-0.0
44,45,231,0.0
44,45,232,6.0
44,45,233,-0.0
44,45,234,0.0
44,45,235,0.0
44,45,236,0.0
44,45,237,0.0
44,45,238,0.0
44,45,239,3.0
44,45,240,0.0
44,45,241,-0.0
44,45,242,0.0
44,45,243,3.0
44,45,244,0.0
44,45,245,6.0
44,45,246,0.0
44,45,247,0.0
44,45,248,0.0
44,45,249,6.0
44,45,250,-0.0
44,45,251,9.0
44,45,252,6.0
44,45,253,0.0
44,45,254,6.0
44,45,255,11.0
44,45,256,0.0
44,45,257,0.0
44,45,258,0.0
44,45,259,0.0
44,45,260,0.0
44,45,261,3.0
44,45,262,-0.0
44,45,263,-0.0
44,45,264,11.0
44,45,265,0.0
44,45,266,6.0
44,45,267,0.0
44,45,268,0.0
44,45,269,0.0
44,45,270,0.0
44,45,271,0.0
44,45,272,9.0
44,45,273,6.0
44,45,274,0.0
44,45,275,0.0
44,45,276,0.0
44,45,277,0.0
44,45,278,0.0
44,45,279,0.0
44,45,280,-0.0
44,45,281,6.0
44,45,282,0.0
44,45,283,0.0
44,45,284,0.0
44,45,285,0.0
44,45,286,-0.0
44,45,287,0.0
44,45,288,0.0
44,45,289,0.0
44,45,290,0.0
44,45,291,6.0
44,45,292,6.0
44,45,293,0.0
44,45,294,0.0
44,45,295,0.0
44,45,296,0.0
44,45,297,6.0
44,45,298,9.0
44,45,299,6.0
44,45,300,6.0
44,45,301,6.0
44,45,302,9.0
44,45,303,6.0
44,45,304,0.0
44,45,305,0.0
44,45,306,0.0
44,45,307,0.0
44,45,308,0.0
44,45,309,6.0
44,45,310,6.0
44,45,311,0.0
44,45,312,0.0
44,45,313,0.0
44,45,314,0.0
44,45,315,6.0
44,45,316,0.0
44,45,317,0.0
44,45,318,0.0
44,45,319,0.0
44,45,320,0.0
44,45,321,0.0
44,45,322,0.0
44,45,323,0.0
44,45,324,0.0
44,45,325,0.0
44,45,326,-0.0
44,45,327,0.0
44,45,328,3.0
44,45,329,0.0
44,45,330,0.0
44,45,331,0.0
44,45,332,6.0
44,45,333,0.0
44,45,334,0.0
44,45,335,0.0
44,45,336,0.0
44,45,337,0.0
44,45,338,0.0
44,45,339,0.0
44,45,340,0.0
44,45,341,9.0
44,45,342,6.0
44,45,343,0.0
44,45,344,6.0
44,45,345,0.0
44,45,346,6.0
44,45,347,0.0
44,45,348,6.0
44,45,349,0.0
44,45,350,0.0
44,45,351,0.0
44,45,352,0.0
44,45,353,0.0
44,45,354,0.0
44,45,355,0.0
44,45,356,0.0
44,45,357,0.0
44,45,358,0.0
44,45,359,0.0
44,45,360,0.0
4,73,0,0.0
4,73,1,-0.0
4,73,2,-0.0
4,73,3,-0.0
4,73,4,0.0
4,73,5,0.0
4,73,6,-0.0
4,73,7,-0.0
4,73,8,-0.0
4,73,9,0.0
4,73,10,-0.0
4,73,11,0.0
4,73,12,-0.0
4,73,13,0.0
4,73,14,0.0
4,73,15,0.0
4,73,16,0.0
4,73,17,0.0
4,73,18,-0.0
4,73,19,0.0
4,73,20,0.0
4,73,21,-0.0
4,73,22,0.0
4,73,23,-0.0
4,73,24,-0.0
4,73,25,-0.0
4,73,26,0.0
4,73,27,-0.0
4,73,28,-0.0
4,73,29,-0.0
4,73,30,0.0
4,73,31,0.0
4,73,32,0.0
4,73,33,0.0
4,73,34,0.0
4,73,35,-0.0
4,73,36,-0.0
4,73,37,-0.0
4,73,38,0.0
4,73,39,-0.0
4,73,40,0.0
4,73,41,0.0
4,73,42,0.0
4,73,43,-0.0
4,73,44,-0.0
4,73,45,-0.0
4,73,46,0.0
4,73,47,0.0
4,73,48,-0.0
4,73,49,-0.0
4,73,50,0.0
4,73,51,-0.0
4,73,52,0.0
4,73,53,-0.0
4,73,54,-0.0
4,73,55,0.0
4,73,56,0.0
4,73,57,-0.0
4,73,58,-0.0
4,73,59,0.0
4,73,60,-0.0
4,73,61,0.0
4,73,62,-0.0
4,73,63,0.0
4,73,64,-0.0
4,73,65,-0.0
4,73,66,-0.0
4,73,67,0.0
4,73,68,-0.0
4,73,69,-0.0
4,73,70,-0.0
4,73,71,0.0
4,73,72,-0.0
4,73,73,-0.0
4,73,74,0.0
4,73,75,-0.0
4,73,76,0.0
4,73,77,0.0
4,73,78,0.0
4,73,79,0.0
4,73,80,-0.0
4,73,81,-0.0
4,73,82,0.0
4,73,83,0.0
4,73,84,0.0
4,73,85,0.0
4,73,86,0.0
4,73,87,0.0
4,73,88,0.0
4,73,89,-0.0
4,73,90,0.0
4,73,91,-0.0
4,73,92,0.0
4,73,93,0.0
4,73,94,0.0
4,73,95,-0.0
4,73,96,-0.0
4,73,97,0.0
4,73,98,0.0
4,73,99,-0.0
4,73,100,-0.0
4,73,101,0.0
4,73,102,-0.0
4,73,103,-0.0
4,73,104,0.0
4,73,105,0.0
4,73,106,-0.0
4,73,107,-0.0
4,73,108,-0.0
4,73,109,-0.0
4,73,110,0.0
4,73,111,-0.0
4,73,112,0.0
4,73,113,0.0
4,73,114,0.0
4,73,115,-0.0
4,73,116,0.0
4,73,117,0.0
4,73,118,-0.0
4,73,119,-0.0
4,73,120,-0.0
4,73,121,-0.0
4,73,122,-0.0
4,73,123,0.0
4,73,124,0.0
4,73,125,0.0
4,73,126,0.0
4,73,127,-0.0
4,73,128,-0.0
4,73,129,0.0
4,73,130,-0.0
4,73,131,0.0
4,73,132,0.0
4,73,133,-0.0
4,73,134,0.0
4,73,135,0.0
4,73,136,0.0
4,73,137,0.0
4,73,138,0.0
4,73,139,0.0
4,73,140,0.0
4,73,141,-0.0
4,73,142,-0.0
4,73,143,-0.0
4,73,144,0.0
4,73,145,-0.0
4,73,146,0.0
4,73,147,-0.0
4,73,148,0.0
4,73,149,0.0
4,73,150,0.0
4,73,151,-0.0
4,73,152,-0.0
4,73,153,-0.0
4,73,154,0.0
4,73,155,-0.0
4,73,156,0.0
4,73,157,-0.0
4,73,158,-0.0
4,73,159,0.0
4,73,160,-0.0
4,73,161,-0.0
4,73,162,-0.0
4,73,163,0.0
4,73,164,-0.0
4,73,165,-0.0
4,73,166,0.0
4,73,167,-0.0
4,73,168,0.0
4,73,169,0.0
4,73,170,-0.0
4,73,171,0.0
4,73,172,-0.0
4,73,173,0.0
4,73,174,0.0
4,73,175,-0.0
4,73,176,-0.0
4,73,177,0.0
4,73,178,-0.0
4,73,179,-0.0
4,73,180,0.0
4,73,181,0.0
4,73,182,-0.0
4,73,183,-0.0
4,73,184,0.0
4,73,185,0.0
4,73,186,0.0
4,73,187,-0.0
4,73,188,-0.0
4,73,189,-0.0
4,73,190,-0.0
4,73,191,-0.0
4,73,192,-0.0
4,73,193,-0.0
4,73,194,0.0
4,73,195,-0.0
4,73,196,-0.0
4,73,197,0.0
4,73,198,0.0
4,73,199,-0.0
4,73,200,-0.0
4,73,201,0.0
4,73,202,0.0
4,73,203,0.0
4,73,204,-0.0
4,73,205,0.0
4,73,206,0.0
4,73,207,0.0
4,73,208,-0.0
4,73,209,0.0
4,73,210,0.0
4,73,211,0.0
4,73,212,-0.0
4,73,213,0.0
4,73,214,0.0
4,73,215,0.0
4,73,216,-0.0
4,73,217,-0.0
4,73,218,0.0
4,73,219,-0.0
4,73,220,-0.0
4,73,221,0.0
4,73,222,-0.0
4,73,223,-0.0
4,73,224,0.0
4,73,225,-0.0
4,73,226,-0.0
4,73,227,0.0
4,73,228,0.0
4,73,229,-0.0
4,73,230,0.0
4,73,231,-0.0
4,73,232,0.0
4,73,233,-0.0
4,73,234,0.0
4,73,235,-0.0
4,73,236,0.0
4,73,237,-0.0
4,73,238,-0.0
4,73,239,0.0
4,73,240,0.0
4,73,241,-0.0
4,73,242,-0.0
4,73,243,0.0
4,73,244,-0.0
4,73,245,-0.0
4,73,246,0.0
4,73,247,0.0
4,73,248,-0.0
4,73,249,-0.0
4,73,250,-0.0
4,73,251,-0.0
4,73,252,0.0
4,73,253,-0.0
4,73,254,-0.0
4,73,255,-0.0
4,73,256,-0.0
4,73,257,0.0
4,73,258,0.0
4,73,259,-0.0
4,73,260,-0.0
4,73,261,-0.0
4,73,262,0.0
4,73,263,0.0
4,73,264,-0.0
4,73,265,-0.0
4,73,266,0.0
4,73,267,0.0
4,73,268,0.0
4,73,269,0.0
4,73,270,-0.0
4,73,271,0.0
4,73,272,-0.0
4,73,273,0.0
4,73,274,-0.0
4,73,275,-0.0
4,73,276,0.0
4,73,277,0.0
4,73,278,-0.0
4,73,279,0.0
4,73,280,-0.0
4,73,281,-0.0
4,73,282,-0.0
4,73,283,0.0
4,73,284,-0.0
4,73,285,-0.0
4,73,286,-0.0
4,73,287,-0.0
4,73,288,0.0
4,73,289,0.0
4,73,290,-0.0
4,73,291,-0.0
4,73,292,0.0
4,73,293,0.0
4,73,294,0.0
4,73,295,-0.0
4,73,296,0.0
4,73,297,0.0
4,73,298,-0.0
4,73,299,-0.0
4,73,300,-0.0
4,73,301,0.0
4,73,302,0.0
4,73,303,0.0
4,73,304,0.0
4,73,305,-0.0
4,73,306,-0.0
4,73,307,0.0
4,73,308,0.0
4,73,309,-0.0
4,73,310,-0.0
4,73,311,-0.0
4,73,312,0.0
4,73,313,-0.0
4,73,314,0.0
4,73,315,0.0
4,73,316,0.0
4,73,317,-0.0
4,73,318,0.0
4,73,319,0.0
4,73,320,0.0
4,73,321,0.0
4,73,322,-0.0
4,73,323,0.0
4,73,324,0.0
4,73,325,0.0
4,73,326,0.0
4,73,327,-0.0
4,73,328,0.0
4,73,329,-0.0
4,73,330,0.0
4,73,331,-0.0
4,73,332,-0.0
4,73,333,0.0
4,73,334,0.0
4,73,335,-0.0
4,73,336,0.0
4,73,337,0.0
4,73,338,-0.0
4,73,339,-0.0
4,73,340,0.0
4,73,341,-0.0
4,73,342,0.0
4,73,343,-0.0
4,73,344,-0.0
4,73,345,-0.0
4,73,346,0.0
4,73,347,-0.0
4,73,348,0.0
4,73,349,-0.0
4,73,350,-0.0
4,73,351,0.0
4,73,352,0.0
4,73,353,0.0
4,73,354,0.0
4,73,355,-0.0
4,73,356,-0.0
4,73,357,0.0
4,73,358,0.0
4,73,359,-0.0
4,73,360,-0.0
31,29,0,0.0
31,29,1,0.0
31,29,2,0.0
31,29,3,0.0
31,29,4,-0.0
31,29,5,0.0
31,29,6,-0.0
31,29,7,0.0
31,29,8,0.0
31,29,9,0.0
31,29,10,0.0
31,29,11,0.0
31,29,12,0.0
31,29,13,0.0
31,29,14,-0.0
31,29,15,-0.0
31,29,16,0.0
31,29,17,0.0
31,29,18,0.0
31,29,19,0.0
31,29,20,0.0
31,29,21,0.0
31,29,22,0.0
31,29,23,-0.0
31,29,24,-0.0
31,29,25,-0.0
31,29,26,-0.0
31,29,27,0.0
31,29,28,-0.0
31,29,29,-0.0
31,29,30,0.0
31,29,31,0.0
31,29,32,0.0
31,29,33,0.0
31,29,34,0.0
31,29,35,0.0
31,29,36,-0.0
31,29,37,0.0
31,29,38,-0.0
31,29,39,-0.0
31,29,40,-0.0
31,29,41,-0.0
31,29,42,-0.0
31,29,43,-0.0
31,29,44,-0.0
31,29,45,-0.0
31,29,46,-0.0
31,29,47,-0.0
31,29,48,-0.0
31,29,49,-0.0
31,29,50,0.0
31,29,51,-0.0
31,29,52,-0.0
31,29,53,-0.0
31,29,54,0.0
31,29,55,0.0
31,29,56,-0.0
31,29,57,0.0
31,29,58,-0.0
31,29,59,-0.0
31,29,60,-0.0
31,29,61,-0.0
31,29,62,-0.0
31,29,63,-0.0
31,29,64,-0.0
31,29,65,0.0
31,29,66,-0.0
31,29,67,-0.0
31,29,68,-0.0
31,29,69,-0.0
31,29,70,-0.0
31,29,71,-0.0
31,29,72,-0.0
31,29,73,-0.0
31,29,74,-0.0
31,29,75,0.0
31,29,76,-0.0
31,29,77,-0.0
31,29,78,-0.0
31,29,79,-0.0
31,29,80,-0.0
31,29,81,-0.0
31,29,82,-0.0
31,29,83,-0.0
31,29,84,-0.0
31,29,85,-0.0
31,29,86,-0.0
31,29,87,-0.0
31,29,88,-0.0
31,29,89,-0.0
31,29,90,-0.0
31,29,91,-0.0
31,29,92,0.0
31,29,93,-0.0
31,29,94,-0.0
31,29,95,-0.0
31,29,96,-0.0
31,29,97,-0.0
31,29,98,-0.0
31,29,99,-0.0
31,29,100,-0.0
31,29,101,-0.0
31,29,102,-0.0
31,29,103,-0.0
31,29,104,-0.0
31,29,105,-0.0
31,29,106,-0.0
31,29,107,-0.0
31,29,108,-0.0
31,29,109,-0.0
31,29,110,-0.0
31,29,111,-0.0
31,29,112,0.0
31,29,113,-0.0
31,29,114,-0.0
31,29,115,-0.0
31,29,116,-0.0
31,29,117,-0.0
31,29,118,-0.0
31,29,119,-0.0
31,29,120,-0.0
31,29,121,-0.0
31,29,122,-0.0
31,29,123,-0.0
31,29,124,-0.0
31,29,125,-0.0
31,29,126,-0.0
31,29,127,-0.0
31,29,128,-0.0
31,29,129,-0.0
31,29,130,-0.0
31,29,131,-0.0
31,29,132,-0.0
31,29,133,-0.0
31,29,134,-0.0
31,29,135,-0.0
31,29,136,-0.0
31,29,137,-0.0
31,29,138,-0.0
31,29,139,-0.0
31,29,140,-0.0
31,29,141,-0.0
31,29,142,-0.0
31,29,143,-0.0
31,29,144,-0.0
31,29,145,0.0
31,29,146,0.0
31,29,147,0.0
31,29,148,0.0
31,29,149,0.0
31,29,150,0.0
31,29,151,0.0
31,29,152,-0.0
31,29,153,-0.0
31,29,154,-0.0
31,29,155,-0.0
31,29,156,0.0
31,29,157,-0.0
31,29,158,0.0
31,29,159,0.0
31,29,160,0.0
31,29,161,-0.0
31,29,162,0.0
31,29,163,0.0
31,29,164,0.0
31,29,165,0.0
31,29,166,0.0
31,29,167,0.0
31,29,168,0.0
31,29,169,0.0
31,29,170,0.0
31,29,171,0.0
31,29,172,0.0
31,29,173,0.0
31,29,174,0.0
31,29,175,0.0
31,29,176,0.0
31,29,177,0.0
31,29,178,0.0
31,29,179,0.0
31,29,180,0.0
31,29,181,0.0
31,29,182,0.0
31,29,183,0.0
31,29,184,-0.0
31,29,185,-0.0
31,29,186,-0.0
31,29,187,-0.0
31,29,188,-0.0
31,29,189,-0.0
31,29,190,-0.0
31,29,191,-0.0
31,29,192,-0.0
31,29,193,0.0
31,29,194,-0.0
31,29,195,-0.0
31,29,196,-0.0
31,29,197,-0.0
31,29,198,-0.0
31,29,199,-0.0
31,29,200,-0.0
31,29,201,-0.0
31,29,202,-0.0
31,29,203,-0.0
31,29,204,-0.0
31,29,205,-0.0
31,29,206,-0.0
31,29,207,-0.0
31,29,208,-0.0
31,29,209,-0.0
31,29,210,-0.0
31,29,211,-0.0
31,29,212,-0.0
31,29,213,-0.0
31,29,214,-0.0
31,29,215,-0.0
31,29,216,-0.0
31,29,217,-0.0
31,29,218,-0.0
31,29,219,-0.0
31,29,220,-0.0
31,29,221,-0.0
31,29,222,-0.0
31,29,223,-0.0
31,29,224,-0.0
31,29,225,-0.0
31,29,226,-0.0
31,29,227,-0.0
31,29,228,-0.0
31,29,229,-0.0
31,29,230,-0.0
31,29,231,-0.0
31,29,232,-0.0
31,29,233,-0.0
31,29,234,-0.0
31,29,235,-0.0
31,29,236,-0.0
31,29,237,-0.0
31,29,238,-0.0
31,29,239,-0.0
31,29,240,0.0
31,29,241,0.0
31,29,242,-0.0
31,29,243,-0.0
31,29,244,0.0
31,29,245,0.0
31,29,246,0.0
31,29,247,0.0
31,29,248,-0.0
31,29,249,-0.0
31,29,250,-0.0
31,29,251,-0.0
31,29,252,-0.0
31,29,253,-0.0
31,29,254,-0.0
31,29,255,-0.0
31,29,256,-0.0
31,29,257,-0.0
31,29,258,-0.0
31,29,259,-0.0
31,29,260,-0.0
31,29,261,-0.0
31,29,262,-0.0
31,29,263,-0.0
31,29,264,-0.0
31,29,265,-0.0
31,29,266,-0.0
31,29,267,-0.0
31,29,268,-0.0
31,29,269,-0.0
31,29,270,-0.0
31,29,271,-0.0
31,29,272,-0.0
31,29,273,-0.0
31,29,274,-0.0
31,29,275,-0.0
31,29,276,-0.0
31,29,277,-0.0
31,29,278,0.0
31,29,279,-0.0
31,29,280,-0.0
31,29,281,-0.0
31,29,282,-0.0
31,29,283,0.0
31,29,284,-0.0
31,29,285,-0.0
31,29,286,0.0
31,29,287,-0.0
31,29,288,-0.0
31,29,289,-0.0
31,29,290,-0.0
31,29,291,-0.0
31,29,292,-0.0
31,29,293,-0.0
31,29,294,-0.0
31,29,295,-0.0
31,29,296,-0.0
31,29,297,-0.0
31,29,298,0.0
31,29,299,-0.0
31,29,300,-0.0
31,29,301,-0.0
31,29,302,-0.0
31,29,303,-0.0
31,29,304,-0.0
31,29,305,-0.0
31,29,306,-0.0
31,29,307,-0.0
31,29,308,-0.0
31,29,309,0.0
31,29,310,-0.0
31,29,311,-0.0
31,29,312,0.0
31,29,313,-0.0
31,29,314,0.0
31,29,315,0.0
31,29,316,-0.0
31,29,317,-0.0
31,29,318,-0.0
31,29,319,-0.0
31,29,320,-0.0
31,29,321,-0.0
31,29,322,-0.0
31,29,323,-0.0
31,29,324,-0.0
31,29,325,-0.0
31,29,326,-0.0
31,29,327,-0.0
31,29,328,-0.0
31,29,329,-0.0
31,29,330,-0.0
31,29,331,-0.0
31,29,332,-0.0
31,29,333,-0.0
31,29,334,-0.0
31,29,335,-0.0
31,29,336,-0.0
31,29,337,-0.0
31,29,338,-0.0
31,29,339,-0.0
31,29,340,-0.0
31,29,341,-0.0
31,29,342,-0.0
31,29,343,-0.0
31,29,344,0.0
31,29,345,-0.0
31,29,346,-0.0
31,29,347,-0.0
31,29,348,-0.0
31,29,349,-0.0
31,29,350,-0.0
31,29,351,-0.0
31,29,352,-0.0
31,29,353,-0.0
31,29,354,0.0
31,29,355,-0.0
31,29,356,-0.0
31,29,357,-0.0
31,29,358,-0.0
31,29,359,-0.0
31,29,360,-0.0
8,9,0,0.0
8,9,1,0.0
8,9,2,0.0
8,9,3,0.0
8,9,4,0.0
8,9,5,0.0
8,9,6,5.0
8,9,7,0.0
8,9,8,0.0
8,9,9,0.0
8,9,10,0.0
8,9,11,5.0
8,9,12,0.0
8,9,13,0.0
8,9,14,5.0
8,9,15,0.0
8,9,16,0.0
8,9,17,5.0
8,9,18,0.0
8,9,19,0.0
8,9,20,5.0
8,9,21,5.0
8,9,22,0.0
8,9,23,0.0
8,9,24,0.0
8,9,25,0.0
8,9,26,6.0
8,9,27,4.0
8,9,28,5.0
8,9,29,5.0
8,9,30,5.0
8,9,31,0.0
8,9,32,0.0
8,9,33,5.0
8,9,34,0.0
8,9,35,5.0
8,9,36,0.0
8,9,37,5.0
8,9,38,5.0
8,9,39,5.0
8,9,40,0.0
8,9,41,0.0
8,9,42,5.0
8,9,43,5.0
8,9,44,0.0
8,9,45,0.0
8,9,46,0.0
8,9,47,0.0
8,9,48,5.0
8,9,49,0.0
8,9,50,0.0
8,9,51,0.0
8,9,52,0.0
8,9,53,5.0
8,9,54,5.0
8,9,55,5.0
8,9,56,5.0
8,9,57,0.0
8,9,58,0.0
8,9,59,0.0
8,9,60,0.0
8,9,61,0.0
8,9,62,0.0
8,9,63,0.0
8,9,64,5.0
8,9,65,0.0
8,9,66,0.0
8,9,67,0.0
8,9,68,0.0
8,9,69,0.0
8,9,70,0.0
8,9,71,5.0
8,9,72,0.0
8,9,73,0.0
8,9,74,0.0
8,9,75,0.0
8,9,76,0.0
8,9,77,0.0
8,9,78,0.0
8,9,79,0.0
8,9,80,0.0
8,9,81,5.0
8,9,82,5.0
8,9,83,4.0
8,9,84,0.0
8,9,85,5.0
8,9,86,5.0
8,9,87,6.0
8,9,88,4.0
8,9,89,5.0
8,9,90,0.0
8,9,91,0.0
8,9,92,0.0
8,9,93,0.0
8,9,94,5.0
8,9,95,5.0
8,9,96,5.0
8,9,97,0.0
8,9,98,0.0
8,9,99,0.0
8,9,100,0.0
8,9,101,0.0
8,9,102,0.0
8,9,103,0.0
8,9,104,0.0
8,9,105,4.0
8,9,106,5.0
8,9,107,0.0
8,9,108,0.0
8,9,109,5.0
8,9,110,0.0
8,9,111,0.0
8,9,112,5.0
8,9,113,0.0
8,9,114,0.0
8,9,115,5.0
8,9,116,5.0
8,9,117,0.0
8,9,118,6.0
8,9,119,0.0
8,9,120,5.0
8,9,121,0.0
8,9,122,5.0
8,9,123,0.0
8,9,124,0.0
8,9,125,5.0
8,9,126,0.0
8,9,127,0.0
8,9,128,0.0
8,9,129,0.0
8,9,130,0.0
8,9,131,0.0
8,9,132,5.0
8,9,133,0.0
8,9,134,0.0
8,9,135,0.0
8,9,136,0.0
8,9,137,0.0
8,9,138,0.0
8,9,139,0.0
8,9,140,0.0
8,9,141,0.0
8,9,142,0.0
8,9,143,0.0
8,9,144,0.0
8,9,145,0.0
8,9,146,0.0
8,9,147,0.0
8,9,148,0.0
8,9,149,0.0
8,9,150,0.0
8,9,151,5.0
8,9,152,5.0
8,9,153,0.0
8,9,154,0.0
8,9,155,5.0
8,9,156,0.0
8,9,157,0.0
8,9,158,0.0
8,9,159,0.0
8,9,160,0.0
8,9,161,0.0
8,9,162,0.0
8,9,163,0.0
8,9,164,6.0
8,9,165,0.0
8,9,166,0.0
8,9,167,0.0
8,9,168,0.0
8,9,169,0.0
8,9,170,0.0
8,9,171,0.0
8,9,172,0.0
8,9,173,0.0
8,9,174,0.0
8,9,175,0.0
8,9,176,0.0
8,9,177,0.0
8,9,178,0.0
8,9,179,0.0
8,9,180,0.0
8,9,181,0.0
8,9,182,0.0
8,9,183,0.0
8,9,184,0.0
8,9,185,5.0
8,9,186,0.0
8,9,187,5.0
8,9,188,0.0
8,9,189,0.0
8,9,190,5.0
8,9,191,5.0
8,9,192,0.0
8,9,193,0.0
8,9,194,0.0
8,9,195,0.0
8,9,196,0.0
8,9,197,5.0
8,9,198,0.0
8,9,199,0.0
8,9,200,0.0
8,9,201,0.0
8,9,202,0.0
8,9,203,5.0
8,9,204,5.0
8,9,205,5.0
8,9,206,0.0
8,9,207,0.0
8,9,208,0.0
8,9,209,0.0
8,9,210,5.0
8,9,211,0.0
8,9,212,5.0
8,9,213,5.0
8,9,214,0.0
8,9,215,0.0
8,9,216,0.0
8,9,217,0.0
8,9,218,5.0
8,9,219,5.0
8,9,220,0.0
8,9,221,0.0
8,9,222,0.0
8,9,223,0.0
8,9,224,0.0
8,9,225,0.0
8,9,226,0.0
8,9,227,0.0
8,9,228,0.0
8,9,229,0.0
8,9,230,5.0
8,9,231,0.0
8,9,232,0.0
8,9,233,0.0
8,9,234,0.0
8,9,235,0.0
8,9,236,0.0
8,9,237,0.0
8,9,238,0.0
8,9,239,0.0
8,9,240,0.0
8,9,241,0.0
8,9,242,5.0
8,9,243,5.0
8,9,244,0.0
8,9,245,0.0
8,9,246,0.0
8,9,247,0.0
8,9,248,5.0
8,9,249,-0.0
8,9,250,0.0
8,9,251,0.0
8,9,252,0.0
8,9,253,0.0
8,9,254,0.0
8,9,255,0.0
8,9,256,0.0
8,9,257,0.0
8,9,258,0.0
8,9,259,0.0
8,9,260,5.0
8,9,261,0.0
8,9,262,0.0
8,9,263,5.0
8,9,264,5.0
8,9,265,0.0
8,9,266,0.0
8,9,267,5.0
8,9,268,5.0
8,9,269,5.0
8,9,270,5.0
8,9,271,0.0
8,9,272,0.0
8,9,273,5.0
8,9,274,5.0
8,9,275,0.0
8,9,276,5.0
8,9,277,0.0
8,9,278,0.0
8,9,279,0.0
8,9,280,0.0
8,9,281,5.0
8,9,282,0.0
8,9,283,0.0
8,9,284,0.0
8,9,285,0.0
8,9,286,0.0
8,9,287,0.0
8,9,288,0.0
8,9,289,5.0
8,9,290,0.0
8,9,291,0.0
8,9,292,0.0
8,9,293,0.0
8,9,294,0.0
8,9,295,0.0
8,9,296,0.0
8,9,297,0.0
8,9,298,0.0
8,9,299,0.0
8,9,300,5.0
8,9,301,5.0
8,9,302,0.0
8,9,303,5.0
8,9,304,5.0
8,9,305,0.0
8,9,306,0.0
8,9,307,5.0
8,9,308,0.0
8,9,309,0.0
8,9,310,0.0
8,9,311,5.0
8,9,312,0.0
8,9,313,5.0
8,9,314,0.0
8,9,315,0.0
8,9,316,0.0
8,9,317,5.0
8,9,318,5.0
8,9,319,5.0
8,9,320,0.0
8,9,321,6.0
8,9,322,0.0
8,9,323,0.0
8,9,324,5.0
8,9,325,0.0
8,9,326,0.0
8,9,327,0.0
8,9,328,5.0
8,9,329,5.0
8,9,330,2.0
8,9,331,0.0
8,9,332,0.0
8,9,333,0.0
8,9,334,0.0
8,9,335,0.0
8,9,336,0.0
8,9,337,0.0
8,9,338,0.0
8,9,339,0.0
8,9,340,5.0
8,9,341,0.0
8,9,342,5.0
8,9,343,0.0
8,9,344,5.0
8,9,345,5.0
8,9,346,5.0
8,9,347,5.0
8,9,348,0.0
8,9,349,5.0
8,9,350,5.0
8,9,351,0.0
8,9,352,5.0
8,9,353,2.0
8,9,354,5.0
8,9,355,5.0
8,9,356,5.0
8,9,357,0.0
8,9,358,0.0
8,9,359,0.0
8,9,360,-0.0
57,48,0,0.0
57,48,1,0.0
57,48,2,0.0
57,48,3,0.0
57,48,4,-0.0
57,48,5,0.0
57,48,6,0.0
57,48,7,-0.0
57,48,8,0.0
57,48,9,0.0
57,48,10,-0.0
57,48,11,0.0
57,48,12,5.0
57,48,13,-0.0
57,48,14,0.0
57,48,15,-0.0
57,48,16,-0.0
57,48,17,0.0
57,48,18,6.0
57,48,19,5.0
57,48,20,-0.0
57,48,21,0.0
57,48,22,-0.0
57,48,23,-0.0
57,48,24,6.0
57,48,25,-0.0
57,48,26,-0.0
57,48,27,-0.0
57,48,28,5.0
57,48,29,0.0
57,48,30,-0.0
57,48,31,5.0
57,48,32,0.0
57,48,33,0.0
57,48,34,0.0
57,48,35,-0.0
57,48,36,0.0
57,48,37,-0.0
57,48,38,-0.0
57,48,39,-0.0
57,48,40,5.0
57,48,41,0.0
57,48,42,0.0
57,48,43,-0.0
57,48,44,-0.0
57,48,45,-0.0
57,48,46,-0.0
57,48,47,-0.0
57,48,48,0.0
57,48,49,-0.0
57,48,50,0.0
57,48,51,5.0
57,48,52,-0.0
57,48,53,5.0
57,48,54,5.0
57,48,55,0.0
57,48,56,0.0
57,48,57,0.0
57,48,58,0.0
57,48,59,-0.0
57,48,60,-0.0
57,48,61,1.0
57,48,62,6.0
57,48,63,-0.0
57,48,64,-0.0
57,48,65,-0.0
57,48,66,-0.0
57,48,67,0.0
57,48,68,-0.0
57,48,69,-0.0
57,48,70,0.0
57,48,71,3.0
57,48,72,0.0
57,48,73,-0.0
57,48,74,0.0
57,48,75,-0.0
57,48,76,0.0
57,48,77,0.0
57,48,78,0.0
57,48,79,6.0
57,48,80,5.0
57,48,81,1.0
57,48,82,-0.0
57,48,83,5.0
57,48,84,5.0
57,48,85,6.0
57,48,86,0.0
57,48,87,4.0
57,48,88,-0.0
57,48,89,-0.0
57,48,90,-0.0
57,48,91,-0.0
57,48,92,5.0
57,48,93,6.0
57,48,94,0.0
57,48,95,-0.0
57,48,96,0.0
57,48,97,-0.0
57,48,98,-0.0
57,48,99,-0.0
57,48,100,5.0
57,48,101,-0.0
57,48,102,0.0
57,48,103,-0.0
57,48,104,5.0
57,48,105,-0.0
57,48,106,0.0
57,48,107,6.0
57,48,108,0.0
57,48,109,6.0
57,48,110,0.0
57,48,111,-0.0
57,48,112,0.0
57,48,113,5.0
57,48,114,6.0
57,48,115,0.0
57,48,116,6.0
57,48,117,-0.0
57,48,118,-0.0
57,48,119,-0.0
57,48,120,5.0
57,48,121,-0.0
57,48,122,-0.0
57,48,123,5.0
57,48,124,-0.0
57,48,125,-0.0
57,48,126,-0.0
57,48,127,0.0
57,48,128,0.0
57,48,129,6.0
57,48,130,5.0
57,48,131,-0.0
57,48,132,-0.0
57,48,133,-0.0
57,48,134,-0.0
57,48,135,0.0
57,48,136,-0.0
57,48,137,-0.0
57,48,138,0.0
57,48,139,-0.0
57,48,140,0.0
57,48,141,-0.0
57,48,142,-0.0
57,48,143,0.0
57,48,144,-0.0
57,48,145,-0.0
57,48,146,0.0
57,48,147,0.0
57,48,148,-0.0
57,48,149,5.0
57,48,150,5.0
57,48,151,-0.0
57,48,152,-0.0
57,48,153,4.0
57,48,154,0.0
57,48,155,-0.0
57,48,156,-0.0
57,48,157,-0.0
57,48,158,-0.0
57,48,159,-0.0
57,48,160,-0.0
57,48,161,0.0
57,48,162,6.0
57,48,163,0.0
57,48,164,0.0
57,48,165,0.0
57,48,166,-0.0
57,48,167,-0.0
57,48,168,0.0
57,48,169,0.0
57,48,170,0.0
57,48,171,-0.0
57,48,172,-0.0
57,48,173,-0.0
57,48,174,-0.0
57,48,175,-0.0
57,48,176,3.0
57,48,177,-0.0
57,48,178,-0.0
57,48,179,-0.0
57,48,180,-0.0
57,48,181,-0.0
57,48,182,0.0
57,48,183,-0.0
57,48,184,-0.0
57,48,185,5.0
57,48,186,0.0
57,48,187,-0.0
57,48,188,6.0
57,48,189,6.0
57,48,190,-0.0
57,48,191,-0.0
57,48,192,-0.0
57,48,193,-0.0
57,48,194,-0.0
57,48,195,5.0
57,48,196,-0.0
57,48,197,0.0
57,48,198,0.0
57,48,199,0.0
57,48,200,-0.0
57,48,201,0.0
57,48,202,5.0
57,48,203,5.0
57,48,204,-0.0
57,48,205,0.0
57,48,206,0.0
57,48,207,0.0
57,48,208,5.0
57,48,209,-0.0
57,48,210,-0.0
57,48,211,-0.0
57,48,212,0.0
57,48,213,0.0
57,48,214,-0.0
57,48,215,-0.0
57,48,216,5.0
57,48,217,5.0
57,48,218,-0.0
57,48,219,0.0
57,48,220,0.0
57,48,221,0.0
57,48,222,0.0
57,48,223,0.0
57,48,224,0.0
57,48,225,0.0
57,48,226,0.0
57,48,227,-0.0
57,48,228,-0.0
57,48,229,0.0
57,48,230,0.0
57,48,231,-0.0
57,48,232,0.0
57,48,233,0.0
57,48,234,-0.0
57,48,235,-0.0
57,48,236,6.0
57,48,237,-0.0
57,48,238,-0.0
57,48,239,0.0
57,48,240,5.0
57,48,241,6.0
57,48,242,-0.0
57,48,243,-0.0
57,48,244,-0.0
57,48,245,-0.0
57,48,246,-0.0
57,48,247,-0.0
57,48,248,-0.0
57,48,249,-0.0
57,48,250,-0.0
57,48,251,-0.0
57,48,252,0.0
57,48,253,-0.0
57,48,254,-0.0
57,48,255,0.0
57,48,256,-0.0
57,48,257,0.0
57,48,258,6.0
57,48,259,0.0
57,48,260,-0.0
57,48,261,6.0
57,48,262,5.0
57,48,263,-0.0
57,48,264,-0.0
57,48,265,6.0
57,48,266,5.0
57,48,267,6.0
57,48,268,5.0
57,48,269,0.0
57,48,270,-0.0
57,48,271,6.0
57,48,272,5.0
57,48,273,-0.0
57,48,274,-0.0
57,48,275,-0.0
57,48,276,-0.0
57,48,277,0.0
57,48,278,3.0
57,48,279,6.0
57,48,280,0.0
57,48,281,0.0
57,48,282,-0.0
57,48,283,0.0
57,48,284,-0.0
57,48,285,-0.0
57,48,286,-0.0
57,48,287,-0.0
57,48,288,0.0
57,48,289,0.0
57,48,290,0.0
57,48,291,-0.0
57,48,292,0.0
57,48,293,-0.0
57,48,294,-0.0
57,48,295,-0.0
57,48,296,0.0
57,48,297,0.0
57,48,298,5.0
57,48,299,5.0
57,48,300,0.0
57,48,301,5.0
57,48,302,5.0
57,48,303,0.0
57,48,304,-0.0
57,48,305,5.0
57,48,306,0.0
57,48,307,-0.0
57,48,308,-0.0
57,48,309,5.0
57,48,310,0.0
57,48,311,0.0
57,48,312,-0.0
57,48,313,0.0
57,48,314,-0.0
57,48,315,-0.0
57,48,316,6.0
57,48,317,6.0
57,48,318,0.0
57,48,319,6.0
57,48,320,-0.0
57,48,321,-0.0
57,48,322,-0.0
57,48,323,0.0
57,48,324,-0.0
57,48,325,0.0
57,48,326,6.0
57,48,327,-0.0
57,48,328,2.0
57,48,329,-0.0
57,48,330,-0.0
57,48,331,-0.0
57,48,332,0.0
57,48,333,-0.0
57,48,334,0.0
57,48,335,0.0
57,48,336,0.0
57,48,337,-0.0
57,48,338,0.0
57,48,339,-0.0
57,48,340,6.0
57,48,341,-0.0
57,48,342,6.0
57,48,343,0.0
57,48,344,5.0
57,48,345,0.0
57,48,346,-0.0
57,48,347,5.0
57,48,348,0.0
57,48,349,-0.0
57,48,350,5.0
57,48,351,0.0
57,48,352,5.0
57,48,353,-0.0
57,48,354,5.0
57,48,355,-0.0
57,48,356,-0.0
57,48,357,0.0
57,48,358,-0.0
57,48,359,-0.0
57,48,360,-0.0
40,41,0,0.0
40,41,1,0.0
40,41,2,0.0
40,41,3,0.0
40,41,4,0.0
40,41,5,0.0
40,41,6,0.0
40,41,7,-0.0
40,41,8,-0.0
40,41,9,9.0
40,41,10,6.0
40,41,11,-0.0
40,41,12,11.0
40,41,13,6.0
40,41,14,-0.0
40,41,15,11.0
40,41,16,6.0
40,41,17,0.0
40,41,18,9.0
40,41,19,-0.0
40,41,20,-0.0
40,41,21,11.0
40,41,22,6.0
40,41,23,6.0
40,41,24,6.0
40,41,25,1.0
40,41,26,6.0
40,41,27,-0.0
40,41,28,6.0
40,41,29,0.0
40,41,30,-0.0
40,41,31,3.0
40,41,32,11.0
40,41,33,6.0
40,41,34,7.0
40,41,35,6.0
40,41,36,-0.0
40,41,37,0.0
40,41,38,11.0
40,41,39,6.0
40,41,40,-0.0
40,41,41,-0.0
40,41,42,11.0
40,41,43,11.0
40,41,44,6.0
40,41,45,6.0
40,41,46,-0.0
40,41,47,9.0
40,41,48,-0.0
40,41,49,11.0
40,41,50,-0.0
40,41,51,6.0
40,41,52,6.0
40,41,53,0.0
40,41,54,-0.0
40,41,55,-0.0
40,41,56,-0.0
40,41,57,-0.0
40,41,58,11.0
40,41,59,-0.0
40,41,60,-0.0
40,41,61,-0.0
40,41,62,6.0
40,41,63,-0.0
40,41,64,0.0
40,41,65,-0.0
40,41,66,0.0
40,41,67,6.0
40,41,68,6.0
40,41,69,-0.0
40,41,70,0.0
40,41,71,9.0
40,41,72,0.0
40,41,73,6.0
40,41,74,-0.0
40,41,75,-0.0
40,41,76,-0.0
40,41,77,-0.0
40,41,78,-0.0
40,41,79,-0.0
40,41,80,-0.0
40,41,81,-0.0
40,41,82,-0.0
40,41,83,-0.0
40,41,84,-0.0
40,41,85,6.0
40,41,86,-0.0
40,41,87,-0.0
40,41,88,-0.0
40,41,89,-0.0
40,41,90,-0.0
40,41,91,-0.0
40,41,92,-0.0
40,41,93,-0.0
40,41,94,-0.0
40,41,95,-0.0
40,41,96,-0.0
40,41,97,6.0
40,41,98,6.0
40,41,99,-0.0
40,41,100,-0.0
40,41,101,-0.0
40,41,102,-0.0
40,41,103,1.0
40,41,104,-0.0
40,41,105,-0.0
40,41,106,9.0
40,41,107,0.0
40,41,108,-0.0
40,41,109,6.0
40,41,110,-0.0
40,41,111,-0.0
40,41,112,-0.0
40,41,113,0.0
40,41,114,-0.0
40,41,115,-0.0
40,41,116,-0.0
40,41,117,-0.0
40,41,118,-0.0
40,41,119,6.0
40,41,120,-0.0
40,41,121,-0.0
40,41,122,-0.0
40,41,123,9.0
40,41,124,-0.0
40,41,125,6.0
40,41,126,-0.0
40,41,127,-0.0
40,41,128,-0.0
40,41,129,-0.0
40,41,130,-0.0
40,41,131,-0.0
40,41,132,-0.0
40,41,133,-0.0
40,41,134,6.0
40,41,135,-0.0
40,41,136,-0.0
40,41,137,6.0
40,41,138,-0.0
40,41,139,-0.0
40,41,140,-0.0
40,41,141,-0.0
40,41,142,-0.0
40,41,143,6.0
40,41,144,0.0
40,41,145,6.0
40,41,146,-0.0
40,41,147,-0.0
40,41,148,-0.0
40,41,149,-0.0
40,41,150,-0.0
40,41,151,-0.0
40,41,152,6.0
40,41,153,-0.0
40,41,154,-0.0
40,41,155,-0.0
40,41,156,-0.0
40,41,157,-0.0
40,41,158,-0.0
40,41,159,-0.0
40,41,160,-0.0
40,41,161,-0.0
40,41,162,-0.0
40,41,163,-0.0
40,41,164,-0.0
40,41,165,-0.0
40,41,166,-0.0
40,41,167,-0.0
40,41,168,-0.0
40,41,169,-0.0
40,41,170,-0.0
40,41,171,-0.0
40,41,172,-0.0
40,41,173,-0.0
40,41,174,0.0
40,41,175,-0.0
40,41,176,-0.0
40,41,177,-0.0
40,41,178,9.0
40,41,179,-0.0
40,41,180,-0.0
40,41,181,-0.0
40,41,182,-0.0
40,41,183,-0.0
40,41,184,-0.0
40,41,185,-0.0
40,41,186,0.0
40,41,187,-0.0
40,41,188,0.0
40,41,189,-0.0
40,41,190,11.0
40,41,191,-0.0
40,41,192,-0.0
40,41,193,-0.0
40,41,194,-0.0
40,41,195,-0.0
40,41,196,-0.0
40,41,197,-0.0
40,41,198,-0.0
40,41,199,-0.0
40,41,200,-0.0
40,41,201,-0.0
40,41,202,-0.0
40,41,203,6.0
40,41,204,-0.0
40,41,205,9.0
40,41,206,-0.0
40,41,207,0.0
40,41,208,-0.0
40,41,209,-0.0
40,41,210,-0.0
40,41,211,0.0
40,41,212,-0.0
40,41,213,-0.0
40,41,214,-0.0
40,41,215,-0.0
40,41,216,-0.0
40,41,217,-0.0
40,41,218,-0.0
40,41,219,-0.0
40,41,220,-0.0
40,41,221,0.0
40,41,222,-0.0
40,41,223,9.0
40,41,224,-0.0
40,41,225,6.0
40,41,226,-0.0
40,41,227,6.0
40,41,228,-0.0
40,41,229,-0.0
40,41,230,0.0
40,41,231,0.0
40,41,232,-0.0
40,41,233,6.0
40,41,234,-0.0
40,41,235,-0.0
40,41,236,-0.0
40,41,237,-0.0
40,41,238,-0.0
40,41,239,-0.0
40,41,240,-0.0
40,41,241,-0.0
40,41,242,-0.0
40,41,243,0.0
40,41,244,-0.0
40,41,245,0.0
40,41,246,-0.0
40,41,247,-0.0
40,41,248,-0.0
40,41,249,-0.0
40,41,250,0.0
40,41,251,-0.0
40,41,252,-0.0
40,41,253,0.0
40,41,254,-0.0
40,41,255,-0.0
40,41,256,-0.0
40,41,257,-0.0
40,41,258,-0.0
40,41,259,-0.0
40,41,260,-0.0
40,41,261,0.0
40,41,262,-0.0
40,41,263,-0.0
40,41,264,0.0
40,41,265,-0.0
40,41,266,6.0
40,41,267,-0.0
40,41,268,-0.0
40,41,269,-0.0
40,41,270,-0.0
40,41,271,-0.0
40,41,272,6.0
40,41,273,-0.0
40,41,274,-0.0
40,41,275,6.0
40,41,276,-0.0
40,41,277,0.0
40,41,278,-0.0
40,41,279,-0.0
40,41,280,-0.0
40,41,281,0.0
40,41,282,-0.0
40,41,283,0.0
40,41,284,6.0
40,41,285,-0.0
40,41,286,-0.0
40,41,287,9.0
40,41,288,-0.0
40,41,289,-0.0
40,41,290,-0.0
40,41,291,-0.0
40,41,292,-0.0
40,41,293,-0.0
40,41,294,-0.0
40,41,295,-0.0
40,41,296,-0.0
40,41,297,-0.0
40,41,298,-0.0
40,41,299,-0.0
40,41,300,-0.0
40,41,301,-0.0
40,41,302,0.0
40,41,303,-0.0
40,41,304,-0.0
40,41,305,6.0
40,41,306,-0.0
40,41,307,-0.0
40,41,308,-0.0
40,41,309,-0.0
40,41,310,-0.0
40,41,311,-0.0
40,41,312,-0.0
40,41,313,0.0
40,41,314,-0.0
40,41,315,0.0
40,41,316,6.0
40,41,317,-0.0
40,41,318,-0.0
40,41,319,-0.0
40,41,320,3.0
40,41,321,-0.0
40,41,322,-0.0
40,41,323,-0.0
40,41,324,-0.0
40,41,325,-0.0
40,41,326,0.0
40,41,327,0.0
40,41,328,0.0
40,41,329,-0.0
40,41,330,-0.0
40,41,331,-0.0
40,41,332,11.0
40,41,333,-0.0
40,41,334,6.0
40,41,335,6.0
40,41,336,-0.0
40,41,337,0.0
40,41,338,-0.0
40,41,339,-0.0
40,41,340,-0.0
40,41,341,-0.0
40,41,342,-0.0
40,41,343,-0.0
40,41,344,-0.0
40,41,345,-0.0
40,41,346,0.0
40,41,347,11.0
40,41,348,-0.0
40,41,349,-0.0
40,41,350,0.0
40,41,351,-0.0
40,41,352,-0.0
40,41,353,-0.0
40,41,354,-0.0
40,41,355,0.0
40,41,356,0.0
40,41,357,-0.0
40,41,358,-0.0
40,41,359,1.0
40,41,360,10.0
28,30,0,0.0
28,30,1,5.0
28,30,2,0.0
28,30,3,6.0
28,30,4,3.0
28,30,5,0.0
28,30,6,0.0
28,30,7,5.0
28,30,8,0.0
28,30,9,5.0
28,30,10,5.0
28,30,11,0.0
28,30,12,5.0
28,30,13,3.0
28,30,14,0.0
28,30,15,5.0
28,30,16,5.0
28,30,17,0.0
28,30,18,0.0
28,30,19,-0.0
28,30,20,1.0
28,30,21,0.0
28,30,22,0.0
28,30,23,6.0
28,30,24,0.0
28,30,25,0.0
28,30,26,3.0
28,30,27,5.0
28,30,28,0.0
28,30,29,1.0
28,30,30,0.0
28,30,31,0.0
28,30,32,0.0
28,30,33,5.0
28,30,34,0.0
28,30,35,6.0
28,30,36,0.0
28,30,37,5.0
28,30,38,6.0
28,30,39,0.0
28,30,40,0.0
28,30,41,0.0
28,30,42,3.0
28,30,43,0.0
28,30,44,5.0
28,30,45,0.0
28,30,46,0.0
28,30,47,0.0
28,30,48,0.0
28,30,49,0.0
28,30,50,0.0
28,30,51,0.0
28,30,52,0.0
28,30,53,5.0
28,30,54,0.0
28,30,55,0.0
28,30,56,5.0
28,30,57,0.0
28,30,58,0.0
28,30,59,0.0
28,30,60,0.0
28,30,61,5.0
28,30,62,0.0
28,30,63,0.0
28,30,64,0.0
28,30,65,0.0
28,30,66,3.0
28,30,67,0.0
28,30,68,0.0
28,30,69,0.0
28,30,70,0.0
28,30,71,0.0
28,30,72,0.0
28,30,73,0.0
28,30,74,0.0
28,30,75,3.0
28,30,76,3.0
28,30,77,0.0
28,30,78,0.0
28,30,79,0.0
28,30,80,0.0
28,30,81,0.0
28,30,82,0.0
28,30,83,0.0
28,30,84,0.0
28,30,85,0.0
28,30,86,0.0
28,30,87,1.0
28,30,88,0.0
28,30,89,3.0
28,30,90,3.0
28,30,91,-0.0
28,30,92,0.0
28,30,93,0.0
28,30,94,0.0
28,30,95,0.0
28,30,96,0.0
28,30,97,0.0
28,30,98,0.0
28,30,99,0.0
28,30,100,0.0
28,30,101,3.0
28,30,102,0.0
28,30,103,0.0
28,30,104,0.0
28,30,105,0.0
28,30,106,1.0
28,30,107,0.0
28,30,108,0.0
28,30,109,0.0
28,30,110,0.0
28,30,111,0.0
28,30,112,0.0
28,30,113,0.0
28,30,114,0.0
28,30,115,0.0
28,30,116,0.0
28,30,117,0.0
28,30,118,3.0
28,30,119,0.0
28,30,120,0.0
28,30,121,0.0
28,30,122,5.0
28,30,123,0.0
28,30,124,0.0
28,30,125,6.0
28,30,126,0.0
28,30,127,0.0
28,30,128,0.0
28,30,129,0.0
28,30,130,0.0
28,30,131,0.0
28,30,132,0.0
28,30,133,3.0
28,30,134,0.0
28,30,135,0.0
28,30,136,0.0
28,30,137,3.0
28,30,138,0.0
28,30,139,5.0
28,30,140,0.0
28,30,141,0.0
28,30,142,3.0
28,30,143,0.0
28,30,144,0.0
28,30,145,3.0
28,30,146,0.0
28,30,147,0.0
28,30,148,0.0
28,30,149,0.0
28,30,150,0.0
28,30,151,3.0
28,30,152,0.0
28,30,153,1.0
28,30,154,6.0
28,30,155,6.0
28,30,156,0.0
28,30,157,0.0
28,30,158,0.0
28,30,159,0.0
28,30,160,1.0
28,30,161,0.0
28,30,162,0.0
28,30,163,0.0
28,30,164,0.0
28,30,165,0.0
28,30,166,0.0
28,30,167,0.0
28,30,168,0.0
28,30,169,0.0
28,30,170,0.0
28,30,171,0.0
28,30,172,0.0
28,30,173,3.0
28,30,174,3.0
28,30,175,0.0
28,30,176,0.0
28,30,177,0.0
28,30,178,5.0
28,30,179,0.0
28,30,180,0.0
28,30,181,0.0
28,30,182,0.0
28,30,183,4.0
28,30,184,0.0
28,30,185,5.0
28,30,186,0.0
28,30,187,0.0
28,30,188,0.0
28,30,189,0.0
28,30,190,0.0
28,30,191,0.0
28,30,192,0.0
28,30,193,0.0
28,30,194,0.0
28,30,195,0.0
28,30,196,0.0
28,30,197,0.0
28,30,198,0.0
28,30,199,3.0
28,30,200,3.0
28,30,201,0.0
28,30,202,0.0
28,30,203,0.0
28,30,204,0.0
28,30,205,0.0
28,30,206,3.0
28,30,207,0.0
28,30,208,5.0
28,30,209,0.0
28,30,210,0.0
28,30,211,3.0
28,30,212,0.0
28,30,213,0.0
28,30,214,3.0
28,30,215,0.0
28,30,216,0.0
28,30,217,0.0
28,30,218,3.0
28,30,219,0.0
28,30,220,0.0
28,30,221,0.0
28,30,222,0.0
28,30,223,-0.0
28,30,224,0.0
28,30,225,0.0
28,30,226,3.0
28,30,227,0.0
28,30,228,0.0
28,30,229,5.0
28,30,230,0.0
28,30,231,3.0
28,30,232,0.0
28,30,233,0.0
28,30,234,0.0
28,30,235,3.0
28,30,236,0.0
28,30,237,0.0
28,30,238,3.0
28,30,239,3.0
28,30,240,1.0
28,30,241,0.0
28,30,242,0.0
28,30,243,3.0
28,30,244,0.0
28,30,245,0.0
28,30,246,0.0
28,30,247,5.0
28,30,248,0.0
28,30,249,6.0
28,30,250,0.0
28,30,251,0.0
28,30,252,0.0
28,30,253,3.0
28,30,254,0.0
28,30,255,0.0
28,30,256,5.0
28,30,257,3.0
28,30,258,0.0
28,30,259,0.0
28,30,260,0.0
28,30,261,0.0
28,30,262,0.0
28,30,263,3.0
28,30,264,3.0
28,30,265,0.0
28,30,266,0.0
28,30,267,-0.0
28,30,268,0.0
28,30,269,0.0
28,30,270,0.0
28,30,271,0.0
28,30,272,0.0
28,30,273,0.0
28,30,274,0.0
28,30,275,0.0
28,30,276,0.0
28,30,277,0.0
28,30,278,0.0
28,30,279,0.0
28,30,280,0.0
28,30,281,6.0
28,30,282,3.0
28,30,283,0.0
28,30,284,0.0
28,30,285,0.0
28,30,286,0.0
28,30,287,0.0
28,30,288,0.0
28,30,289,0.0
28,30,290,3.0
28,30,291,0.0
28,30,292,0.0
28,30,293,0.0
28,30,294,3.0
28,30,295,0.0
28,30,296,0.0
28,30,297,0.0
28,30,298,0.0
28,30,299,0.0
28,30,300,0.0
28,30,301,0.0
28,30,302,0.0
28,30,303,0.0
28,30,304,0.0
28,30,305,0.0
28,30,306,0.0
28,30,307,0.0
28,30,308,0.0
28,30,309,0.0
28,30,310,0.0
28,30,311,-0.0
28,30,312,3.0
28,30,313,0.0
28,30,314,0.0
28,30,315,3.0
28,30,316,0.0
28,30,317,0.0
28,30,318,0.0
28,30,319,0.0
28,30,320,0.0
28,30,321,0.0
28,30,322,0.0
28,30,323,0.0
28,30,324,0.0
28,30,325,3.0
28,30,326,0.0
28,30,327,0.0
28,30,328,0.0
28,30,329,0.0
28,30,330,-0.0
28,30,331,5.0
28,30,332,0.0
28,30,333,3.0
28,30,334,0.0
28,30,335,0.0
28,30,336,0.0
28,30,337,0.0
28,30,338,0.0
28,30,339,0.0
28,30,340,0.0
28,30,341,1.0
28,30,342,5.0
28,30,343,0.0
28,30,344,0.0
28,30,345,0.0
28,30,346,0.0
28,30,347,-0.0
28,30,348,0.0
28,30,349,0.0
28,30,350,0.0
28,30,351,0.0
28,30,352,0.0
28,30,353,5.0
28,30,354,1.0
28,30,355,4.0
28,30,356,0.0
28,30,357,0.0
28,30,358,0.0
28,30,359,0.0
28,30,360,-0.0
66,78,0,0.0
66,78,1,0.0
66,78,2,0.0
66,78,3,0.0
66,78,4,0.0
66,78,5,-0.0
66,78,6,-0.0
66,78,7,-0.0
66,78,8,-0.0
66,78,9,-0.0
66,78,10,-0.0
66,78,11,-0.0
66,78,12,-0.0
66,78,13,-0.0
66,78,14,0.0
66,78,15,-0.0
66,78,16,-0.0
66,78,17,-0.0
66,78,18,0.0
66,78,19,0.0
66,78,20,-0.0
66,78,21,-0.0
66,78,22,-0.0
66,78,23,0.0
66,78,24,-0.0
66,78,25,-0.0
66,78,26,0.0
66,78,27,-0.0
66,78,28,-0.0
66,78,29,-0.0
66,78,30,-0.0
66,78,31,-0.0
66,78,32,0.0
66,78,33,0.0
66,78,34,-0.0
66,78,35,0.0
66,78,36,0.0
66,78,37,-0.0
66,78,38,-0.0
66,78,39,0.0
66,78,40,-0.0
66,78,41,-0.0
66,78,42,0.0
66,78,43,-0.0
66,78,44,-0.0
66,78,45,-0.0
66,78,46,0.0
66,78,47,0.0
66,78,48,-0.0
66,78,49,-0.0
66,78,50,-0.0
66,78,51,0.0
66,78,52,0.0
66,78,53,-0.0
66,78,54,0.0
66,78,55,-0.0
66,78,56,-0.0
66,78,57,0.0
66,78,58,-0.0
66,78,59,-0.0
66,78,60,-0.0
66,78,61,-0.0
66,78,62,0.0
66,78,63,-0.0
66,78,64,0.0
66,78,65,-0.0
66,78,66,0.0
66,78,67,-0.0
66,78,68,-0.0
66,78,69,0.0
66,78,70,0.0
66,78,71,0.0
66,78,72,-0.0
66,78,73,0.0
66,78,74,0.0
66,78,75,0.0
66,78,76,0.0
66,78,77,-0.0
66,78,78,-0.0
66,78,79,-0.0
66,78,80,0.0
66,78,81,0.0
66,78,82,-0.0
66,78,83,-0.0
66,78,84,0.0
66,78,85,0.0
66,78,86,-0.0
66,78,87,0.0
66,78,88,-0.0
66,78,89,0.0
66,78,90,0.0
66,78,91,-0.0
66,78,92,-0.0
66,78,93,-0.0
66,78,94,-0.0
66,78,95,-0.0
66,78,96,-0.0
66,78,97,-0.0
66,78,98,0.0
66,78,99,-0.0
66,78,100,0.0
66,78,101,-0.0
66,78,102,-0.0
66,78,103,-0.0
66,78,104,0.0
66,78,105,0.0
66,78,106,-0.0
66,78,107,-0.0
66,78,108,0.0
66,78,109,-0.0
66,78,110,-0.0
66,78,111,-0.0
66,78,112,0.0
66,78,113,-0.0
66,78,114,0.0
66,78,115,-0.0
66,78,116,-0.0
66,78,117,-0.0
66,78,118,0.0
66,78,119,0.0
66,78,120,-0.0
66,78,121,0.0
66,78,122,-0.0
66,78,123,-0.0
66,78,124,0.0
66,78,125,-0.0
66,78,126,-0.0
66,78,127,-0.0
66,78,128,-0.0
66,78,129,-0.0
66,78,130,-0.0
66,78,131,-0.0
66,78,132,-0.0
66,78,133,-0.0
66,78,134,-0.0
66,78,135,-0.0
66,78,136,-0.0
66,78,137,-0.0
66,78,138,-0.0
66,78,139,-0.0
66,78,140,-0.0
66,78,141,-0.0
66,78,142,-0.0
66,78,143,-0.0
66,78,144,-0.0
66,78,145,-0.0
66,78,146,-0.0
66,78,147,-0.0
66,78,148,0.0
66,78,149,0.0
66,78,150,-0.0
66,78,151,0.0
66,78,152,-0.0
66,78,153,-0.0
66,78,154,0.0
66,78,155,-0.0
66,78,156,-0.0
66,78,157,-0.0
66,78,158,-0.0
66,78,159,-0.0
66,78,160,-0.0
66,78,161,-0.0
66,78,162,0.0
66,78,163,-0.0
66,78,164,0.0
66,78,165,0.0
66,78,166,-0.0
66,78,167,-0.0
66,78,168,0.0
66,78,169,0.0
66,78,170,-0.0
66,78,171,0.0
66,78,172,-0.0
66,78,173,0.0
66,78,174,0.0
66,78,175,-0.0
66,78,176,-0.0
66,78,177,0.0
66,78,178,-0.0
66,78,179,-0.0
66,78,180,-0.0
66,78,181,0.0
66,78,182,0.0
66,78,183,0.0
66,78,184,-0.0
66,78,185,-0.0
66,78,186,-0.0
66,78,187,-0.0
66,78,188,-0.0
66,78,189,0.0
66,78,190,-0.0
66,78,191,-0.0
66,78,192,-0.0
66,78,193,0.0
66,78,194,-0.0
66,78,195,-0.0
66,78,196,0.0
66,78,197,0.0
66,78,198,-0.0
66,78,199,-0.0
66,78,200,0.0
66,78,201,-0.0
66,78,202,-0.0
66,78,203,0.0
66,78,204,0.0
66,78,205,-0.0
66,78,206,0.0
66,78,207,-0.0
66,78,208,0.0
66,78,209,-0.0
66,78,210,-0.0
66,78,211,-0.0
66,78,212,-0.0
66,78,213,-0.0
66,78,214,-0.0
66,78,215,-0.0
66,78,216,0.0
66,78,217,-0.0
66,78,218,0.0
66,78,219,-0.0
66,78,220,-0.0
66,78,221,0.0
66,78,222,-0.0
66,78,223,-0.0
66,78,224,-0.0
66,78,225,-0.0
66,78,226,-0.0
66,78,227,0.0
66,78,228,-0.0
66,78,229,-0.0
66,78,230,0.0
66,78,231,-0.0
66,78,232,0.0
66,78,233,-0.0
66,78,234,-0.0
66,78,235,-0.0
66,78,236,-0.0
66,78,237,0.0
66,78,238,-0.0
66,78,239,-0.0
66,78,240,-0.0
66,78,241,-0.0
66,78,242,-0.0
66,78,243,-0.0
66,78,244,-0.0
66,78,245,-0.0
66,78,246,-0.0
66,78,247,-0.0
66,78,248,0.0
66,78,249,-0.0
66,78,250,-0.0
66,78,251,-0.0
66,78,252,0.0
66,78,253,-0.0
66,78,254,-0.0
66,78,255,-0.0
66,78,256,-0.0
66,78,257,0.0
66,78,258,-0.0
66,78,259,0.0
66,78,260,-0.0
66,78,261,-0.0
66,78,262,-0.0
66,78,263,-0.0
66,78,264,0.0
66,78,265,-0.0
66,78,266,-0.0
66,78,267,-0.0
66,78,268,-0.0
66,78,269,-0.0
66,78,270,-0.0
66,78,271,-0.0
66,78,272,-0.0
66,78,273,-0.0
66,78,274,0.0
66,78,275,0.0
66,78,276,-0.0
66,78,277,-0.0
66,78,278,0.0
66,78,279,-0.0
66,78,280,0.0
66,78,281,-0.0
66,78,282,-0.0
66,78,283,-0.0
66,78,284,-0.0
66,78,285,-0.0
66,78,286,0.0
66,78,287,-0.0
66,78,288,-0.0
66,78,289,0.0
66,78,290,-0.0
66,78,291,-0.0
66,78,292,-0.0
66,78,293,-0.0
66,78,294,-0.0
66,78,295,0.0
66,78,296,-0.0
66,78,297,-0.0
66,78,298,-0.0
66,78,299,-0.0
66,78,300,-0.0
66,78,301,0.0
66,78,302,-0.0
66,78,303,-0.0
66,78,304,-0.0
66,78,305,0.0
66,78,306,0.0
66,78,307,-0.0
66,78,308,0.0
66,78,309,-0.0
66,78,310,-0.0
66,78,311,-0.0
66,78,312,-0.0
66,78,313,-0.0
66,78,314,-0.0
66,78,315,-0.0
66,78,316,-0.0
66,78,317,-0.0
66,78,318,-0.0
66,78,319,-0.0
66,78,320,-0.0
66,78,321,-0.0
66,78,322,-0.0
66,78,323,-0.0
66,78,324,-0.0
66,78,325,-0.0
66,78,326,-0.0
66,78,327,-0.0
66,78,328,-0.0
66,78,329,-0.0
66,78,330,0.0
66,78,331,-0.0
66,78,332,-0.0
66,78,333,-0.0
66,78,334,-0.0
66,78,335,-0.0
66,78,336,0.0
66,78,337,-0.0
66,78,338,-0.0
66,78,339,-0.0
66,78,340,-0.0
66,78,341,-0.0
66,78,342,0.0
66,78,343,-0.0
66,78,344,0.0
66,78,345,-0.0
66,78,346,-0.0
66,78,347,-0.0
66,78,348,0.0
66,78,349,0.0
66,78,350,-0.0
66,78,351,-0.0
66,78,352,-0.0
66,78,353,0.0
66,78,354,0.0
66,78,355,0.0
66,78,356,0.0
66,78,357,-0.0
66,78,358,0.0
66,78,359,0.0
66,78,360,-0.0
4,94,0,0.0
4,94,1,3.0
4,94,2,-0.0
4,94,3,-0.0
4,94,4,0.0
4,94,5,0.0
4,94,6,-0.0
4,94,7,0.0
4,94,8,0.0
4,94,9,0.0
4,94,10,0.0
4,94,11,0.0
4,94,12,0.0
4,94,13,0.0
4,94,14,-0.0
4,94,15,-0.0
4,94,16,0.0
4,94,17,-0.0
4,94,18,-0.0
4,94,19,0.0
4,94,20,0.0
4,94,21,0.0
4,94,22,-0.0
4,94,23,-0.0
4,94,24,-0.0
4,94,25,0.0
4,94,26,-0.0
4,94,27,-0.0
4,94,28,0.0
4,94,29,2.0
4,94,30,0.0
4,94,31,-0.0
4,94,32,2.0
4,94,33,-0.0
4,94,34,0.0
4,94,35,-0.0
4,94,36,-0.0
4,94,37,0.0
4,94,38,-0.0
4,94,39,-0.0
4,94,40,-0.0
4,94,41,-0.0
4,94,42,2.0
4,94,43,-0.0
4,94,44,-0.0
4,94,45,0.0
4,94,46,-0.0
4,94,47,0.0
4,94,48,-0.0
4,94,49,0.0
4,94,50,0.0
4,94,51,-0.0
4,94,52,-0.0
4,94,53,0.0
4,94,54,-0.0
4,94,55,0.0
4,94,56,-0.0
4,94,57,0.0
4,94,58,0.0
4,94,59,0.0
4,94,60,-0.0
4,94,61,-0.0
4,94,62,-0.0
4,94,63,0.0
4,94,64,-0.0
4,94,65,-0.0
4,94,66,-0.0
4,94,67,0.0
4,94,68,0.0
4,94,69,-0.0
4,94,70,3.0
4,94,71,-0.0
4,94,72,-0.0
4,94,73,0.0
4,94,74,-0.0
4,94,75,0.0
4,94,76,0.0
4,94,77,-0.0
4,94,78,0.0
4,94,79,-0.0
4,94,80,0.0
4,94,81,0.0
4,94,82,1.0
4,94,83,0.0
4,94,84,-0.0
4,94,85,-0.0
4,94,86,0.0
4,94,87,0.0
4,94,88,-0.0
4,94,89,0.0
4,94,90,0.0
4,94,91,0.0
4,94,92,-0.0
4,94,93,0.0
4,94,94,0.0
4,94,95,0.0
4,94,96,0.0
4,94,97,0.0
4,94,98,0.0
4,94,99,1.0
4,94,100,-0.0
4,94,101,0.0
4,94,102,-0.0
4,94,103,0.0
4,94,104,1.0
4,94,105,-0.0
4,94,106,-0.0
4,94,107,-0.0
4,94,108,-0.0
4,94,109,0.0
4,94,110,0.0
4,94,111,0.0
4,94,112,-0.0
4,94,113,-0.0
4,94,114,2.0
4,94,115,-0.0
4,94,116,0.0
4,94,117,0.0
4,94,118,-0.0
4,94,119,1.0
4,94,120,0.0
4,94,121,0.0
4,94,122,-0.0
4,94,123,-0.0
4,94,124,0.0
4,94,125,-0.0
4,94,126,0.0
4,94,127,-0.0
4,94,128,0.0
4,94,129,1.0
4,94,130,0.0
4,94,131,0.0
4,94,132,-0.0
4,94,133,0.0
4,94,134,-0.0
4,94,135,0.0
4,94,136,0.0
4,94,137,0.0
4,94,138,0.0
4,94,139,0.0
4,94,140,0.0
4,94,141,0.0
4,94,142,0.0
4,94,143,-0.0
4,94,144,0.0
4,94,145,0.0
4,94,146,-0.0
4,94,147,2.0
4,94,148,0.0
4,94,149,0.0
4,94,150,0.0
4,94,151,0.0
4,94,152,-0.0
4,94,153,0.0
4,94,154,-0.0
4,94,155,-0.0
4,94,156,-0.0
4,94,157,-0.0
4,94,158,-0.0
4,94,159,0.0
4,94,160,-0.0
4,94,161,0.0
4,94,162,-0.0
4,94,163,0.0
4,94,164,1.0
4,94,165,0.0
4,94,166,0.0
4,94,167,3.0
4,94,168,-0.0
4,94,169,0.0
4,94,170,0.0
4,94,171,0.0
4,94,172,0.0
4,94,173,0.0
4,94,174,0.0
4,94,175,3.0
4,94,176,2.0
4,94,177,1.0
4,94,178,0.0
4,94,179,-0.0
4,94,180,-0.0
4,94,181,0.0
4,94,182,0.0
4,94,183,0.0
4,94,184,-0.0
4,94,185,0.0
4,94,186,0.0
4,94,187,-0.0
4,94,188,-0.0
4,94,189,0.0
4,94,190,0.0
4,94,191,-0.0
4,94,192,0.0
4,94,193,-0.0
4,94,194,1.0
4,94,195,3.0
4,94,196,-0.0
4,94,197,0.0
4,94,198,0.0
4,94,199,0.0
4,94,200,0.0
4,94,201,0.0
4,94,202,0.0
4,94,203,0.0
4,94,204,-0.0
4,94,205,-0.0
4,94,206,0.0
4,94,207,0.0
4,94,208,3.0
4,94,209,-0.0
4,94,210,0.0
4,94,211,-0.0
4,94,212,-0.0
4,94,213,0.0
4,94,214,0.0
4,94,215,-0.0
4,94,216,-0.0
4,94,217,-0.0
4,94,218,0.0
4,94,219,-0.0
4,94,220,0.0
4,94,221,0.0
4,94,222,0.0
4,94,223,0.0
4,94,224,0.0
4,94,225,-0.0
4,94,226,0.0
4,94,227,0.0
4,94,228,0.0
4,94,229,0.0
4,94,230,-0.0
4,94,231,-0.0
4,94,232,-0.0
4,94,233,0.0
4,94,234,-0.0
4,94,235,-0.0
4,94,236,-0.0
4,94,237,-0.0
4,94,238,0.0
4,94,239,0.0
4,94,240,-0.0
4,94,241,0.0
4,94,242,-0.0
4,94,243,0.0
4,94,244,0.0
4,94,245,0.0
4,94,246,0.0
4,94,247,1.0
4,94,248,0.0
4,94,249,3.0
4,94,250,0.0
4,94,251,-0.0
4,94,252,0.0
4,94,253,0.0
4,94,254,-0.0
4,94,255,0.0
4,94,256,0.0
4,94,257,-0.0
4,94,258,-0.0
4,94,259,-0.0
4,94,260,-0.0
4,94,261,-0.0
4,94,262,-0.0
4,94,263,0.0
4,94,264,0.0
4,94,265,-0.0
4,94,266,0.0
4,94,267,0.0
4,94,268,0.0
4,94,269,0.0
4,94,270,-0.0
4,94,271,-0.0
4,94,272,-0.0
4,94,273,0.0
4,94,274,0.0
4,94,275,-0.0
4,94,276,-0.0
4,94,277,3.0
4,94,278,-0.0
4,94,279,0.0
4,94,280,0.0
4,94,281,0.0
4,94,282,0.0
4,94,283,-0.0
4,94,284,0.0
4,94,285,-0.0
4,94,286,0.0
4,94,287,-0.0
4,94,288,-0.0
4,94,289,-0.0
4,94,290,0.0
4,94,291,-0.0
4,94,292,0.0
4,94,293,-0.0
4,94,294,-0.0
4,94,295,-0.0
4,94,296,0.0
4,94,297,0.0
4,94,298,0.0
4,94,299,2.0
4,94,300,0.0
4,94,301,0.0
4,94,302,0.0
4,94,303,-0.0
4,94,304,-0.0
4,94,305,0.0
4,94,306,0.0
4,94,307,2.0
4,94,308,-0.0
4,94,309,-0.0
4,94,310,-0.0
4,94,311,0.0
4,94,312,-0.0
4,94,313,0.0
4,94,314,0.0
4,94,315,-0.0
4,94,316,0.0
4,94,317,0.0
4,94,318,-0.0
4,94,319,0.0
4,94,320,-0.0
4,94,321,0.0
4,94,322,0.0
4,94,323,0.0
4,94,324,-0.0
4,94,325,0.0
4,94,326,-0.0
4,94,327,-0.0
4,94,328,2.0
4,94,329,-0.0
4,94,330,2.0
4,94,331,0.0
4,94,332,0.0
4,94,333,0.0
4,94,334,0.0
4,94,335,-0.0
4,94,336,0.0
4,94,337,0.0
4,94,338,-0.0
4,94,339,-0.0
4,94,340,0.0
4,94,341,0.0
4,94,342,2.0
4,94,343,-0.0
4,94,344,-0.0
4,94,345,-0.0
4,94,346,-0.0
4,94,347,2.0
4,94,348,-0.0
4,94,349,-0.0
4,94,350,2.0
4,94,351,0.0
4,94,352,0.0
4,94,353,-0.0
4,94,354,2.0
4,94,355,2.0
4,94,356,-0.0
4,94,357,0.0
4,94,358,-0.0
4,94,359,-0.0
4,94,360,-0.0
96,97,0,0.0
96,97,1,0.0
96,97,2,0.0
96,97,3,0.0
96,97,4,0.0
96,97,5,0.0
96,97,6,0.0
96,97,7,0.0
96,97,8,0.0
96,97,9,0.0
96,97,10,0.0
96,97,11,0.0
96,97,12,0.0
96,97,13,0.0
96,97,14,-0.0
96,97,15,5.0
96,97,16,0.0
96,97,17,0.0
96,97,18,0.0
96,97,19,0.0
96,97,20,0.0
96,97,21,0.0
96,97,22,0.0
96,97,23,0.0
96,97,24,0.0
96,97,25,0.0
96,97,26,5.0
96,97,27,0.0
96,97,28,0.0
96,97,29,0.0
96,97,30,0.0
96,97,31,0.0
96,97,32,0.0
96,97,33,0.0
96,97,34,0.0
96,97,35,0.0
96,97,36,5.0
96,97,37,0.0
96,97,38,0.0
96,97,39,0.0
96,97,40,0.0
96,97,41,0.0
96,97,42,0.0
96,97,43,0.0
96,97,44,0.0
96,97,45,0.0
96,97,46,0.0
96,97,47,0.0
96,97,48,0.0
96,97,49,0.0
96,97,50,0.0
96,97,51,0.0
96,97,52,0.0
96,97,53,-0.0
96,97,54,0.0
96,97,55,0.0
96,97,56,0.0
96,97,57,0.0
96,97,58,0.0
96,97,59,0.0
96,97,60,0.0
96,97,61,0.0
96,97,62,0.0
96,97,63,0.0
96,97,64,0.0
96,97,65,0.0
96,97,66,0.0
96,97,67,-0.0
96,97,68,0.0
96,97,69,6.0
96,97,70,0.0
96,97,71,-0.0
96,97,72,0.0
96,97,73,-0.0
96,97,74,0.0
96,97,75,0.0
96,97,76,0.0
96,97,77,0.0
96,97,78,0.0
96,97,79,0.0
96,97,80,0.0
96,97,81,0.0
96,97,82,0.0
96,97,83,0.0
96,97,84,0.0
96,97,85,0.0
96,97,86,0.0
96,97,87,0.0
96,97,88,0.0
96,97,89,0.0
96,97,90,0.0
96,97,91,0.0
96,97,92,0.0
96,97,93,0.0
96,97,94,0.0
96,97,95,0.0
96,97,96,0.0
96,97,97,0.0
96,97,98,0.0
96,97,99,0.0
96,97,100,0.0
96,97,101,0.0
96,97,102,0.0
96,97,103,4.0
96,97,104,0.0
96,97,105,0.0
96,97,106,0.0
96,97,107,0.0
96,97,108,0.0
96,97,109,0.0
96,97,110,0.0
96,97,111,0.0
96,97,112,0.0
96,97,113,0.0
96,97,114,0.0
96,97,115,0.0
96,97,116,0.0
96,97,117,0.0
96,97,118,0.0
96,97,119,0.0
96,97,120,0.0
96,97,121,0.0
96,97,122,0.0
96,97,123,0.0
96,97,124,-0.0
96,97,125,0.0
96,97,126,0.0
96,97,127,0.0
96,97,128,0.0
96,97,129,0.0
96,97,130,0.0
96,97,131,0.0
96,97,132,0.0
96,97,133,0.0
96,97,134,0.0
96,97,135,0.0
96,97,136,0.0
96,97,137,0.0
96,97,138,0.0
96,97,139,0.0
96,97,140,0.0
96,97,141,0.0
96,97,142,0.0
96,97,143,0.0
96,97,144,0.0
96,97,145,0.0
96,97,146,0.0
96,97,147,0.0
96,97,148,0.0
96,97,149,0.0
96,97,150,0.0
96,97,151,0.0
96,97,152,0.0
96,97,153,0.0
96,97,154,0.0
96,97,155,0.0
96,97,156,0.0
96,97,157,0.0
96,97,158,0.0
96,97,159,0.0
96,97,160,0.0
96,97,161,0.0
96,97,162,0.0
96,97,163,0.0
96,97,164,0.0
96,97,165,0.0
96,97,166,0.0
96,97,167,0.0
96,97,168,0.0
96,97,169,0.0
96,97,170,0.0
96,97,171,0.0
96,97,172,0.0
96,97,173,0.0
96,97,174,0.0
96,97,175,0.0
96,97,176,0.0
96,97,177,0.0
96,97,178,0.0
96,97,179,0.0
96,97,180,0.0
96,97,181,0.0
96,97,182,0.0
96,97,183,5.0
96,97,184,0.0
96,97,185,0.0
96,97,186,-0.0
96,97,187,0.0
96,97,188,0.0
96,97,189,0.0
96,97,190,0.0
96,97,191,0.0
96,97,192,0.0
96,97,193,0.0
96,97,194,0.0
96,97,195,0.0
96,97,196,0.0
96,97,197,0.0
96,97,198,0.0
96,97,199,0.0
96,97,200,0.0
96,97,201,0.0
96,97,202,0.0
96,97,203,0.0
96,97,204,0.0
96,97,205,0.0
96,97,206,0.0
96,97,207,0.0
96,97,208,0.0
96,97,209,0.0
96,97,210,6.0
96,97,211,4.0
96,97,212,0.0
96,97,213,0.0
96,97,214,0.0
96,97,215,0.0
96,97,216,-0.0
96,97,217,0.0
96,97,218,0.0
96,97,219,0.0
96,97,220,0.0
96,97,221,0.0
96,97,222,0.0
96,97,223,0.0
96,97,224,0.0
96,97,225,0.0
96,97,226,0.0
96,97,227,0.0
96,97,228,0.0
96,97,229,0.0
96,97,230,0.0
96,97,231,-0.0
96,97,232,0.0
96,97,233,0.0
96,97,234,0.0
96,97,235,-0.0
96,97,236,0.0
96,97,237,0.0
96,97,238,0.0
96,97,239,0.0
96,97,240,0.0
96,97,241,0.0
96,97,242,0.0
96,97,243,0.0
96,97,244,0.0
96,97,245,0.0
96,97,246,5.0
96,97,247,0.0
96,97,248,0.0
96,97,249,0.0
96,97,250,0.0
96,97,251,0.0
96,97,252,0.0
96,97,253,0.0
96,97,254,0.0
96,97,255,0.0
96,97,256,0.0
96,97,257,0.0
96,97,258,0.0
96,97,259,0.0
96,97,260,0.0
96,97,261,0.0
96,97,262,0.0
96,97,263,0.0
96,97,264,0.0
96,97,265,0.0
96,97,266,-0.0
96,97,267,0.0
96,97,268,0.0
96,97,269,0.0
96,97,270,0.0
96,97,271,0.0
96,97,272,0.0
96,97,273,0.0
96,97,274,0.0
96,97,275,0.0
96,97,276,0.0
96,97,277,0.0
96,97,278,0.0
96,97,279,0.0
96,97,280,0.0
96,97,281,0.0
96,97,282,0.0
96,97,283,0.0
96,97,284,0.0
96,97,285,0.0
96,97,286,0.0
96,97,287,0.0
96,97,288,0.0
96,97,289,0.0
96,97,290,-0.0
96,97,291,0.0
96,97,292,0.0
96,97,293,0.0
96,97,294,0.0
96,97,295,0.0
96,97,296,0.0
96,97,297,0.0
96,97,298,0.0
96,97,299,0.0
96,97,300,0.0
96,97,301,0.0
96,97,302,0.0
96,97,303,0.0
96,97,304,0.0
96,97,305,0.0
96,97,306,0.0
96,97,307,0.0
96,97,308,0.0
96,97,309,0.0
96,97,310,0.0
96,97,311,-0.0
96,97,312,0.0
96,97,313,0.0
96,97,314,0.0
96,97,315,0.0
96,97,316,0.0
96,97,317,0.0
96,97,318,0.0
96,97,319,0.0
96,97,320,0.0
96,97,321,-0.0
96,97,322,5.0
96,97,323,0.0
96,97,324,0.0
96,97,325,0.0
96,97,326,0.0
96,97,327,5.0
96,97,328,0.0
96,97,329,0.0
96,97,330,0.0
96,97,331,-0.0
96,97,332,0.0
96,97,333,0.0
96,97,334,0.0
96,97,335,0.0
96,97,336,0.0
96,97,337,0.0
96,97,338,6.0
96,97,339,0.0
96,97,340,-0.0
96,97,341,0.0
96,97,342,0.0
96,97,343,-0.0
96,97,344,0.0
96,97,345,0.0
96,97,346,0.0
96,97,347,-0.0
96,97,348,0.0
96,97,349,0.0
96,97,350,0.0
96,97,351,0.0
96,97,352,0.0
96,97,353,0.0
96,97,354,0.0
96,97,355,0.0
96,97,356,0.0
96,97,357,0.0
96,97,358,0.0
96,97,359,0.0
96,97,360,-0.0
119,7,0,0.0
119,7,1,0.0
119,7,2,0.0
119,7,3,0.0
119,7,4,0.0
119,7,5,5.0
119,7,6,0.0
119,7,7,0.0
119,7,8,0.0
119,7,9,0.0
119,7,10,5.0
119,7,11,-0.0
119,7,12,-0.0
119,7,13,5.0
119,7,14,0.0
119,7,15,0.0
119,7,16,5.0
119,7,17,-0.0
119,7,18,0.0
119,7,19,5.0
119,7,20,5.0
119,7,21,0.0
119,7,22,0.0
119,7,23,0.0
119,7,24,0.0
119,7,25,6.0
119,7,26,4.0
119,7,27,5.0
119,7,28,5.0
119,7,29,5.0
119,7,30,0.0
119,7,31,0.0
119,7,32,5.0
119,7,33,-0.0
119,7,34,5.0
119,7,35,0.0
119,7,36,5.0
119,7,37,5.0
119,7,38,5.0
119,7,39,0.0
119,7,40,-0.0
119,7,41,5.0
119,7,42,5.0
119,7,43,0.0
119,7,44,0.0
119,7,45,0.0
119,7,46,0.0
119,7,47,5.0
119,7,48,0.0
119,7,49,0.0
119,7,50,0.0
119,7,51,0.0
119,7,52,5.0
119,7,53,5.0
119,7,54,5.0
119,7,55,5.0
119,7,56,-0.0
119,7,57,0.0
119,7,58,0.0
119,7,59,-0.0
119,7,60,0.0
119,7,61,0.0
119,7,62,0.0
119,7,63,5.0
119,7,64,-0.0
119,7,65,0.0
119,7,66,0.0
119,7,67,-0.0
119,7,68,0.0
119,7,69,0.0
119,7,70,5.0
119,7,71,0.0
119,7,72,0.0
119,7,73,0.0
119,7,74,0.0
119,7,75,0.0
119,7,76,0.0
119,7,77,0.0
119,7,78,0.0
119,7,79,0.0
119,7,80,5.0
119,7,81,5.0
119,7,82,4.0
119,7,83,0.0
119,7,84,5.0
119,7,85,5.0
119,7,86,6.0
119,7,87,4.0
119,7,88,5.0
119,7,89,0.0
119,7,90,-0.0
119,7,91,0.0
119,7,92,0.0
119,7,93,5.0
119,7,94,5.0
119,7,95,5.0
119,7,96,0.0
119,7,97,0.0
119,7,98,0.0
119,7,99,0.0
119,7,100,0.0
119,7,101,0.0
119,7,102,0.0
119,7,103,-0.0
119,7,104,4.0
119,7,105,5.0
119,7,106,0.0
119,7,107,0.0
119,7,108,5.0
119,7,109,0.0
119,7,110,-0.0
119,7,111,5.0
119,7,112,0.0
119,7,113,-0.0
119,7,114,5.0
119,7,115,5.0
119,7,116,0.0
119,7,117,6.0
119,7,118,-0.0
119,7,119,5.0
119,7,120,0.0
119,7,121,5.0
119,7,122,0.0
119,7,123,0.0
119,7,124,5.0
119,7,125,-0.0
119,7,126,0.0
119,7,127,0.0
119,7,128,-0.0
119,7,129,0.0
119,7,130,-0.0
119,7,131,5.0
119,7,132,-0.0
119,7,133,-0.0
119,7,134,0.0
119,7,135,0.0
119,7,136,-0.0
119,7,137,0.0
119,7,138,-0.0
119,7,139,0.0
119,7,140,0.0
119,7,141,0.0
119,7,142,0.0
119,7,143,0.0
119,7,144,0.0
119,7,145,0.0
119,7,146,-0.0
119,7,147,-0.0
119,7,148,0.0
119,7,149,0.0
119,7,150,5.0
119,7,151,5.0
119,7,152,0.0
119,7,153,0.0
119,7,154,5.0
119,7,155,0.0
119,7,156,0.0
119,7,157,0.0
119,7,158,0.0
119,7,159,0.0
119,7,160,-0.0
119,7,161,0.0
119,7,162,0.0
119,7,163,6.0
119,7,164,0.0
119,7,165,0.0
119,7,166,0.0
119,7,167,0.0
119,7,168,0.0
119,7,169,0.0
119,7,170,0.0
119,7,171,0.0
119,7,172,0.0
119,7,173,0.0
119,7,174,-0.0
119,7,175,0.0
119,7,176,0.0
119,7,177,-0.0
119,7,178,0.0
119,7,179,-0.0
119,7,180,0.0
119,7,181,0.0
119,7,182,0.0
119,7,183,0.0
119,7,184,5.0
119,7,185,-0.0
119,7,186,5.0
119,7,187,0.0
119,7,188,0.0
119,7,189,5.0
119,7,190,5.0
119,7,191,-0.0
119,7,192,0.0
119,7,193,0.0
119,7,194,0.0
119,7,195,0.0
119,7,196,5.0
119,7,197,0.0
119,7,198,0.0
119,7,199,0.0
119,7,200,-0.0
119,7,201,-0.0
119,7,202,5.0
119,7,203,5.0
119,7,204,5.0
119,7,205,0.0
119,7,206,0.0
119,7,207,0.0
119,7,208,-0.0
119,7,209,5.0
119,7,210,0.0
119,7,211,5.0
119,7,212,5.0
119,7,213,0.0
119,7,214,0.0
119,7,215,0.0
119,7,216,0.0
119,7,217,5.0
119,7,218,5.0
119,7,219,0.0
119,7,220,-0.0
119,7,221,0.0
119,7,222,0.0
119,7,223,0.0
119,7,224,0.0
119,7,225,0.0
119,7,226,0.0
119,7,227,0.0
119,7,228,0.0
119,7,229,5.0
119,7,230,0.0
119,7,231,0.0
119,7,232,0.0
119,7,233,-0.0
119,7,234,0.0
119,7,235,0.0
119,7,236,0.0
119,7,237,0.0
119,7,238,0.0
119,7,239,0.0
119,7,240,-0.0
119,7,241,5.0
119,7,242,5.0
119,7,243,0.0
119,7,244,-0.0
119,7,245,0.0
119,7,246,0.0
119,7,247,5.0
119,7,248,0.0
119,7,249,0.0
119,7,250,0.0
119,7,251,0.0
119,7,252,-0.0
119,7,253,0.0
119,7,254,0.0
119,7,255,0.0
119,7,256,0.0
119,7,257,0.0
119,7,258,0.0
119,7,259,5.0
119,7,260,0.0
119,7,261,0.0
119,7,262,5.0
119,7,263,5.0
119,7,264,0.0
119,7,265,0.0
119,7,266,5.0
119,7,267,5.0
119,7,268,5.0
119,7,269,5.0
119,7,270,0.0
119,7,271,0.0
119,7,272,5.0
119,7,273,5.0
119,7,274,-0.0
119,7,275,5.0
119,7,276,0.0
119,7,277,0.0
119,7,278,0.0
119,7,279,0.0
119,7,280,5.0
119,7,281,0.0
119,7,282,0.0
119,7,283,0.0
119,7,284,0.0
119,7,285,-0.0
119,7,286,0.0
119,7,287,0.0
119,7,288,5.0
119,7,289,-0.0
119,7,290,0.0
119,7,291,0.0
119,7,292,0.0
119,7,293,-0.0
119,7,294,0.0
119,7,295,0.0
119,7,296,-0.0
119,7,297,0.0
119,7,298,0.0
119,7,299,5.0
119,7,300,5.0
119,7,301,0.0
119,7,302,5.0
119,7,303,5.0
119,7,304,0.0
119,7,305,0.0
119,7,306,5.0
119,7,307,0.0
119,7,308,0.0
119,7,309,0.0
119,7,310,5.0
119,7,311,0.0
119,7,312,5.0
119,7,313,0.0
119,7,314,0.0
119,7,315,0.0
119,7,316,5.0
119,7,317,5.0
119,7,318,5.0
119,7,319,-0.0
119,7,320,6.0
119,7,321,0.0
119,7,322,0.0
119,7,323,5.0
119,7,324,0.0
119,7,325,0.0
119,7,326,0.0
119,7,327,5.0
119,7,328,5.0
119,7,329,2.0
119,7,330,0.0
119,7,331,0.0
119,7,332,0.0
119,7,333,0.0
119,7,334,0.0
119,7,335,0.0
119,7,336,0.0
119,7,337,0.0
119,7,338,0.0
119,7,339,5.0
119,7,340,0.0
119,7,341,5.0
119,7,342,0.0
119,7,343,5.0
119,7,344,5.0
119,7,345,5.0
119,7,346,5.0
119,7,347,0.0
119,7,348,5.0
119,7,349,5.0
119,7,350,0.0
119,7,351,5.0
119,7,352,2.0
119,7,353,5.0
119,7,354,5.0
119,7,355,5.0
119,7,356,0.0
119,7,357,-0.0
119,7,358,0.0
119,7,359,0.0
119,7,360,-0.0
15,32,0,0.0
15,32,1,0.0
15,32,2,0.0
15,32,3,0.0
15,32,4,-0.0
15,32,5,-0.0
15,32,6,-0.0
15,32,7,-0.0
15,32,8,-0.0
15,32,9,-0.0
15,32,10,-0.0
15,32,11,-0.0
15,32,12,-0.0
15,32,13,-0.0
15,32,14,-0.0
15,32,15,-0.0
15,32,16,-0.0
15,32,17,-0.0
15,32,18,-0.0
15,32,19,-0.0
15,32,20,-0.0
15,32,21,-0.0
15,32,22,-0.0
15,32,23,-0.0
15,32,24,-0.0
15,32,25,-0.0
15,32,26,-0.0
15,32,27,-0.0
15,32,28,-0.0
15,32,29,-0.0
15,32,30,-0.0
15,32,31,-0.0
15,32,32,-0.0
15,32,33,-0.0
15,32,34,-0.0
15,32,35,-0.0
15,32,36,-0.0
15,32,37,-0.0
15,32,38,-0.0
15,32,39,-0.0
15,32,40,-0.0
15,32,41,-0.0
15,32,42,-0.0
15,32,43,-0.0
15,32,44,-0.0
15,32,45,-0.0
15,32,46,-0.0
15,32,47,-0.0
15,32,48,-0.0
15,32,49,-0.0
15,32,50,-0.0
15,32,51,-0.0
15,32,52,-0.0
15,32,53,-0.0
15,32,54,-0.0
15,32,55,-0.0
15,32,56,-0.0
15,32,57,-0.0
15,32,58,-0.0
15,32,59,-0.0
15,32,60,-0.0
15,32,61,-0.0
15,32,62,-0.0
15,32,63,-0.0
15,32,64,-0.0
15,32,65,-0.0
15,32,66,-0.0
15,32,67,-0.0
15,32,68,-0.0
15,32,69,-0.0
15,32,70,-0.0
15,32,71,-0.0
15,32,72,-0.0
15,32,73,-0.0
15,32,74,-0.0
15,32,75,-0.0
15,32,76,-0.0
15,32,77,-0.0
15,32,78,-0.0
15,32,79,-0.0
15,32,80,-0.0
15,32,81,-0.0
15,32,82,-0.0
15,32,83,-0.0
15,32,84,-0.0
15,32,85,-0.0
15,32,86,-0.0
15,32,87,-0.0
15,32,88,-0.0
15,32,89,-0.0
15,32,90,-0.0
15,32,91,-0.0
15,32,92,-0.0
15,32,93,-0.0
15,32,94,-0.0
15,32,95,-0.0
15,32,96,-0.0
15,32,97,-0.0
15,32,98,-0.0
15,32,99,-0.0
15,32,100,-0.0
15,32,101,-0.0
15,32,102,-0.0
15,32,103,-0.0
15,32,104,-0.0
15,32,105,-0.0
15,32,106,-0.0
15,32,107,-0.0
15,32,108,-0.0
15,32,109,-0.0
15,32,110,-0.0
15,32,111,-0.0
15,32,112,-0.0
15,32,113,-0.0
15,32,114,-0.0
15,32,115,-0.0
15,32,116,-0.0
15,32,117,-0.0
15,32,118,-0.0
15,32,119,-0.0
15,32,120,-0.0
15,32,121,-0.0
15,32,122,-0.0
15,32,123,-0.0
15,32,124,-0.0
15,32,125,-0.0
15,32,126,-0.0
15,32,127,-0.0
15,32,128,-0.0
15,32,129,-0.0
15,32,130,-0.0
15,32,131,-0.0
15,32,132,-0.0
15,32,133,-0.0
15,32,134,-0.0
15,32,135,-0.0
15,32,136,-0.0
15,32,137,-0.0
15,32,138,-0.0
15,32,139,-0.0
15,32,140,-0.0
15,32,141,-0.0
15,32,142,-0.0
15,32,143,-0.0
15,32,144,-0.0
15,32,145,-0.0
15,32,146,-0.0
15,32,147,-0.0
15,32,148,-0.0
15,32,149,-0.0
15,32,150,-0.0
15,32,151,-0.0
15,32,152,-0.0
15,32,153,-0.0
15,32,154,-0.0
15,32,155,-0.0
15,32,156,-0.0
15,32,157,-0.0
15,32,158,-0.0
15,32,159,-0.0
15,32,160,-0.0
15,32,161,-0.0
15,32,162,-0.0
15,32,163,-0.0
15,32,164,-0.0
15,32,165,-0.0
15,32,166,-0.0
15,32,167,-0.0
15,32,168,-0.0
15,32,169,-0.0
15,32,170,-0.0
15,32,171,-0.0
15,32,172,-0.0
15,32,173,-0.0
15,32,174,-0.0
15,32,175,-0.0
15,32,176,-0.0
15,32,177,-0.0
15,32,178,-0.0
15,32,179,-0.0
15,32,180,-0.0
15,32,181,-0.0
15,32,182,-0.0
15,32,183,-0.0
15,32,184,-0.0
15,32,185,-0.0
15,32,186,-0.0
15,32,187,-0.0
15,32,188,-0.0
15,32,189,-0.0
15,32,190,-0.0
15,32,191,-0.0
15,32,192,-0.0
15,32,193,-0.0
15,32,194,-0.0
15,32,195,-0.0
15,32,196,-0.0
15,32,197,-0.0
15,32,198,-0.0
15,32,199,-0.0
15,32,200,-0.0
15,32,201,-0.0
15,32,202,-0.0
15,32,203,-0.0
15,32,204,-0.0
15,32,205,-0.0
15,32,206,-0.0
15,32,207,-0.0
15,32,208,-0.0
15,32,209,-0.0
15,32,210,-0.0
15,32,211,-0.0
15,32,212,-0.0
15,32,213,-0.0
15,32,214,-0.0
15,32,215,-0.0
15,32,216,-0.0
15,32,217,-0.0
15,32,218,-0.0
15,32,219,-0.0
15,32,220,-0.0
15,32,221,-0.0
15,32,222,-0.0
15,32,223,-0.0
15,32,224,-0.0
15,32,225,-0.0
15,32,226,-0.0
15,32,227,-0.0
15,32,228,-0.0
15,32,229,-0.0
15,32,230,-0.0
15,32,231,-0.0
15,32,232,-0.0
15,32,233,-0.0
15,32,234,-0.0
15,32,235,-0.0
15,32,236,-0.0
15,32,237,-0.0
15,32,238,-0.0
15,32,239,-0.0
15,32,240,-0.0
15,32,241,-0.0
15,32,242,-0.0
15,32,243,-0.0
15,32,244,-0.0
15,32,245,-0.0
15,32,246,-0.0
15,32,247,-0.0
15,32,248,-0.0
15,32,249,-0.0
15,32,250,-0.0
15,32,251,-0.0
15,32,252,-0.0
15,32,253,-0.0
15,32,254,-0.0
15,32,255,-0.0
15,32,256,-0.0
15,32,257,-0.0
15,32,258,-0.0
15,32,259,-0.0
15,32,260,-0.0
15,32,261,-0.0
15,32,262,-0.0
15,32,263,-0.0
15,32,264,-0.0
15,32,265,-0.0
15,32,266,-0.0
15,32,267,-0.0
15,32,268,-0.0
15,32,269,-0.0
15,32,270,-0.0
15,32,271,-0.0
15,32,272,-0.0
15,32,273,-0.0
15,32,274,-0.0
15,32,275,-0.0
15,32,276,-0.0
15,32,277,-0.0
15,32,278,-0.0
15,32,279,-0.0
15,32,280,-0.0
15,32,281,-0.0
15,32,282,-0.0
15,32,283,-0.0
15,32,284,-0.0
15,32,285,-0.0
15,32,286,-0.0
15,32,287,-0.0
15,32,288,-0.0
15,32,289,-0.0
15,32,290,-0.0
15,32,291,-0.0
15,32,292,-0.0
15,32,293,-0.0
15,32,294,-0.0
15,32,295,-0.0
15,32,296,-0.0
15,32,297,-0.0
15,32,298,-0.0
15,32,299,-0.0
15,32,300,-0.0
15,32,301,-0.0
15,32,302,-0.0
15,32,303,-0.0
15,32,304,-0.0
15,32,305,-0.0
15,32,306,-0.0
15,32,307,-0.0
15,32,308,-0.0
15,32,309,-0.0
15,32,310,-0.0
15,32,311,-0.0
15,32,312,-0.0
15,32,313,-0.0
15,32,314,-0.0
15,32,315,-0.0
15,32,316,-0.0
15,32,317,-0.0
15,32,318,-0.0
15,32,319,-0.0
15,32,320,-0.0
15,32,321,-0.0
15,32,322,-0.0
15,32,323,-0.0
15,32,324,-0.0
15,32,325,-0.0
15,32,326,-0.0
15,32,327,-0.0
15,32,328,-0.0
15,32,329,-0.0
15,32,330,-0.0
15,32,331,-0.0
15,32,332,-0.0
15,32,333,-0.0
15,32,334,-0.0
15,32,335,-0.0
15,32,336,-0.0
15,32,337,-0.0
15,32,338,-0.0
15,32,339,-0.0
15,32,340,-0.0
15,32,341,-0.0
15,32,342,-0.0
15,32,343,-0.0
15,32,344,-0.0
15,32,345,-0.0
15,32,346,-0.0
15,32,347,-0.0
15,32,348,-0.0
15,32,349,-0.0
15,32,350,-0.0
15,32,351,-0.0
15,32,352,-0.0
15,32,353,-0.0
15,32,354,-0.0
15,32,355,-0.0
15,32,356,-0.0
15,32,357,-0.0
15,32,358,-0.0
15,32,359,0.0
15,32,360,-0.0
52,51,0,0.0
52,51,1,0.0
52,51,2,0.0
52,51,3,0.0
52,51,4,5.0
52,51,5,0.0
52,51,6,0.0
52,51,7,0.0
52,51,8,0.0
52,51,9,5.0
52,51,10,0.0
52,51,11,0.0
52,51,12,5.0
52,51,13,0.0
52,51,14,-0.0
52,51,15,5.0
52,51,16,0.0
52,51,17,-0.0
52,51,18,5.0
52,51,19,5.0
52,51,20,-0.0
52,51,21,0.0
52,51,22,-0.0
52,51,23,0.0
52,51,24,6.0
52,51,25,4.0
52,51,26,5.0
52,51,27,5.0
52,51,28,5.0
52,51,29,-0.0
52,51,30,-0.0
52,51,31,5.0
52,51,32,0.0
52,51,33,5.0
52,51,34,0.0
52,51,35,5.0
52,51,36,5.0
52,51,37,5.0
52,51,38,-0.0
52,51,39,0.0
52,51,40,5.0
52,51,41,5.0
52,51,42,0.0
52,51,43,0.0
52,51,44,-0.0
52,51,45,0.0
52,51,46,5.0
52,51,47,-0.0
52,51,48,0.0
52,51,49,0.0
52,51,50,0.0
52,51,51,5.0
52,51,52,5.0
52,51,53,5.0
52,51,54,5.0
52,51,55,0.0
52,51,56,-0.0
52,51,57,-0.0
52,51,58,0.0
52,51,59,0.0
52,51,60,0.0
52,51,61,0.0
52,51,62,5.0
52,51,63,0.0
52,51,64,-0.0
52,51,65,-0.0
52,51,66,-0.0
52,51,67,-0.0
52,51,68,0.0
52,51,69,5.0
52,51,70,0.0
52,51,71,0.0
52,51,72,-0.0
52,51,73,0.0
52,51,74,0.0
52,51,75,0.0
52,51,76,0.0
52,51,77,0.0
52,51,78,0.0
52,51,79,5.0
52,51,80,5.0
52,51,81,4.0
52,51,82,0.0
52,51,83,5.0
52,51,84,5.0
52,51,85,6.0
52,51,86,4.0
52,51,87,5.0
52,51,88,0.0
52,51,89,0.0
52,51,90,-0.0
52,51,91,0.0
52,51,92,5.0
52,51,93,6.0
52,51,94,4.0
52,51,95,0.0
52,51,96,-0.0
52,51,97,-0.0
52,51,98,-0.0
52,51,99,0.0
52,51,100,-0.0
52,51,101,0.0
52,51,102,0.0
52,51,103,4.0
52,51,104,5.0
52,51,105,-0.0
52,51,106,0.0
52,51,107,5.0
52,51,108,0.0
52,51,109,-0.0
52,51,110,5.0
52,51,111,0.0
52,51,112,0.0
52,51,113,5.0
52,51,114,5.0
52,51,115,0.0
52,51,116,6.0
52,51,117,-0.0
52,51,118,5.0
52,51,119,0.0
52,51,120,5.0
52,51,121,-0.0
52,51,122,0.0
52,51,123,5.0
52,51,124,0.0
52,51,125,0.0
52,51,126,0.0
52,51,127,-0.0
52,51,128,0.0
52,51,129,0.0
52,51,130,5.0
52,51,131,-0.0
52,51,132,-0.0
52,51,133,0.0
52,51,134,0.0
52,51,135,0.0
52,51,136,0.0
52,51,137,-0.0
52,51,138,-0.0
52,51,139,0.0
52,51,140,-0.0
52,51,141,0.0
52,51,142,0.0
52,51,143,0.0
52,51,144,0.0
52,51,145,-0.0
52,51,146,0.0
52,51,147,0.0
52,51,148,-0.0
52,51,149,5.0
52,51,150,5.0
52,51,151,-0.0
52,51,152,0.0
52,51,153,5.0
52,51,154,0.0
52,51,155,0.0
52,51,156,-0.0
52,51,157,0.0
52,51,158,0.0
52,51,159,0.0
52,51,160,0.0
52,51,161,0.0
52,51,162,6.0
52,51,163,-0.0
52,51,164,0.0
52,51,165,0.0
52,51,166,0.0
52,51,167,-0.0
52,51,168,0.0
52,51,169,0.0
52,51,170,0.0
52,51,171,0.0
52,51,172,-0.0
52,51,173,0.0
52,51,174,0.0
52,51,175,0.0
52,51,176,0.0
52,51,177,0.0
52,51,178,-0.0
52,51,179,0.0
52,51,180,0.0
52,51,181,0.0
52,51,182,0.0
52,51,183,5.0
52,51,184,0.0
52,51,185,5.0
52,51,186,0.0
52,51,187,0.0
52,51,188,5.0
52,51,189,5.0
52,51,190,-0.0
52,51,191,0.0
52,51,192,0.0
52,51,193,-0.0
52,51,194,-0.0
52,51,195,5.0
52,51,196,0.0
52,51,197,0.0
52,51,198,0.0
52,51,199,0.0
52,51,200,-0.0
52,51,201,5.0
52,51,202,5.0
52,51,203,5.0
52,51,204,0.0
52,51,205,0.0
52,51,206,0.0
52,51,207,0.0
52,51,208,5.0
52,51,209,-0.0
52,51,210,5.0
52,51,211,5.0
52,51,212,0.0
52,51,213,0.0
52,51,214,0.0
52,51,215,0.0
52,51,216,5.0
52,51,217,5.0
52,51,218,-0.0
52,51,219,0.0
52,51,220,0.0
52,51,221,0.0
52,51,222,-0.0
52,51,223,0.0
52,51,224,0.0
52,51,225,-0.0
52,51,226,0.0
52,51,227,0.0
52,51,228,5.0
52,51,229,0.0
52,51,230,-0.0
52,51,231,0.0
52,51,232,0.0
52,51,233,-0.0
52,51,234,-0.0
52,51,235,-0.0
52,51,236,-0.0
52,51,237,0.0
52,51,238,-0.0
52,51,239,-0.0
52,51,240,5.0
52,51,241,5.0
52,51,242,0.0
52,51,243,-0.0
52,51,244,0.0
52,51,245,-0.0
52,51,246,5.0
52,51,247,0.0
52,51,248,0.0
52,51,249,0.0
52,51,250,-0.0
52,51,251,0.0
52,51,252,0.0
52,51,253,0.0
52,51,254,0.0
52,51,255,0.0
52,51,256,0.0
52,51,257,0.0
52,51,258,5.0
52,51,259,0.0
52,51,260,0.0
52,51,261,5.0
52,51,262,5.0
52,51,263,-0.0
52,51,264,0.0
52,51,265,5.0
52,51,266,5.0
52,51,267,5.0
52,51,268,5.0
52,51,269,0.0
52,51,270,0.0
52,51,271,5.0
52,51,272,5.0
52,51,273,-0.0
52,51,274,5.0
52,51,275,0.0
52,51,276,0.0
52,51,277,0.0
52,51,278,0.0
52,51,279,5.0
52,51,280,-0.0
52,51,281,0.0
52,51,282,-0.0
52,51,283,0.0
52,51,284,0.0
52,51,285,-0.0
52,51,286,-0.0
52,51,287,5.0
52,51,288,0.0
52,51,289,0.0
52,51,290,0.0
52,51,291,0.0
52,51,292,-0.0
52,51,293,-0.0
52,51,294,0.0
52,51,295,0.0
52,51,296,0.0
52,51,297,0.0
52,51,298,5.0
52,51,299,5.0
52,51,300,0.0
52,51,301,5.0
52,51,302,5.0
52,51,303,0.0
52,51,304,0.0
52,51,305,5.0
52,51,306,0.0
52,51,307,0.0
52,51,308,-0.0
52,51,309,5.0
52,51,310,0.0
52,51,311,5.0
52,51,312,0.0
52,51,313,0.0
52,51,314,0.0
52,51,315,5.0
52,51,316,5.0
52,51,317,5.0
52,51,318,0.0
52,51,319,6.0
52,51,320,0.0
52,51,321,0.0
52,51,322,5.0
52,51,323,0.0
52,51,324,-0.0
52,51,325,-0.0
52,51,326,5.0
52,51,327,5.0
52,51,328,2.0
52,51,329,-0.0
52,51,330,0.0
52,51,331,0.0
52,51,332,-0.0
52,51,333,0.0
52,51,334,0.0
52,51,335,0.0
52,51,336,0.0
52,51,337,0.0
52,51,338,5.0
52,51,339,-0.0
52,51,340,5.0
52,51,341,-0.0
52,51,342,6.0
52,51,343,4.0
52,51,344,5.0
52,51,345,5.0
52,51,346,0.0
52,51,347,5.0
52,51,348,5.0
52,51,349,0.0
52,51,350,5.0
52,51,351,2.0
52,51,352,5.0
52,51,353,5.0
52,51,354,5.0
52,51,355,0.0
52,51,356,0.0
52,51,357,0.0
52,51,358,-0.0
52,51,359,-0.0
52,51,360,-0.0
98,103,0,0.0
98,103,1,0.0
98,103,2,0.0
98,103,3,0.0
98,103,4,0.0
98,103,5,-0.0
98,103,6,-0.0
98,103,7,-0.0
98,103,8,-0.0
98,103,9,-0.0
98,103,10,-0.0
98,103,11,-0.0
98,103,12,-0.0
98,103,13,-0.0
98,103,14,-0.0
98,103,15,-0.0
98,103,16,-0.0
98,103,17,-0.0
98,103,18,-0.0
98,103,19,-0.0
98,103,20,-0.0
98,103,21,-0.0
98,103,22,-0.0
98,103,23,-0.0
98,103,24,-0.0
98,103,25,-0.0
98,103,26,-0.0
98,103,27,-0.0
98,103,28,-0.0
98,103,29,-0.0
98,103,30,-0.0
98,103,31,-0.0
98,103,32,-0.0
98,103,33,-0.0
98,103,34,-0.0
98,103,35,-0.0
98,103,36,-0.0
98,103,37,-0.0
98,103,38,-0.0
98,103,39,-0.0
98,103,40,-0.0
98,103,41,-0.0
98,103,42,-0.0
98,103,43,-0.0
98,103,44,-0.0
98,103,45,-0.0
98,103,46,-0.0
98,103,47,-0.0
98,103,48,-0.0
98,103,49,-0.0
98,103,50,-0.0
98,103,51,-0.0
98,103,52,-0.0
98,103,53,-0.0
98,103,54,-0.0
98,103,55,-0.0
98,103,56,-0.0
98,103,57,-0.0
98,103,58,-0.0
98,103,59,-0.0
98,103,60,-0.0
98,103,61,-0.0
98,103,62,-0.0
98,103,63,-0.0
98,103,64,-0.0
98,103,65,-0.0
98,103,66,-0.0
98,103,67,-0.0
98,103,68,-0.0
98,103,69,-0.0
98,103,70,-0.0
98,103,71,-0.0
98,103,72,-0.0
98,103,73,-0.0
98,103,74,-0.0
98,103,75,-0.0
98,103,76,-0.0
98,103,77,-0.0
98,103,78,-0.0
98,103,79,-0.0
98,103,80,-0.0
98,103,81,-0.0
98,103,82,-0.0
98,103,83,-0.0
98,103,84,-0.0
98,103,85,-0.0
98,103,86,-0.0
98,103,87,-0.0
98,103,88,-0.0
98,103,89,-0.0
98,103,90,-0.0
98,103,91,-0.0
98,103,92,-0.0
98,103,93,-0.0
98,103,94,-0.0
98,103,95,-0.0
98,103,96,-0.0
98,103,97,-0.0
98,103,98,-0.0
98,103,99,-0.0
98,103,100,-0.0
98,103,101,-0.0
98,103,102,-0.0
98,103,103,-0.0
98,103,104,-0.0
98,103,105,-0.0
98,103,106,-0.0
98,103,107,-0.0
98,103,108,-0.0
98,103,109,-0.0
98,103,110,-0.0
98,103,111,-0.0
98,103,112,-0.0
98,103,113,-0.0
98,103,114,-0.0
98,103,115,-0.0
98,103,116,-0.0
98,103,117,-0.0
98,103,118,-0.0
98,103,119,-0.0
98,103,120,-0.0
98,103,121,-0.0
98,103,122,-0.0
98,103,123,-0.0
98,103,124,-0.0
98,103,125,-0.0
98,103,126,-0.0
98,103,127,-0.0
98,103,128,-0.0
98,103,129,-0.0
98,103,130,-0.0
98,103,131,-0.0
98,103,132,-0.0
98,103,133,-0.0
98,103,134,-0.0
98,103,135,-0.0
98,103,136,-0.0
98,103,137,-0.0
98,103,138,-0.0
98,103,139,-0.0
98,103,140,-0.0
98,103,141,-0.0
98,103,142,-0.0
98,103,143,-0.0
98,103,144,-0.0
98,103,145,-0.0
98,103,146,-0.0
98,103,147,-0.0
98,103,148,-0.0
98,103,149,-0.0
98,103,150,-0.0
98,103,151,-0.0
98,103,152,-0.0
98,103,153,-0.0
98,103,154,-0.0
98,103,155,-0.0
98,103,156,-0.0
98,103,157,-0.0
98,103,158,-0.0
98,103,159,-0.0
98,103,160,-0.0
98,103,161,-0.0
98,103,162,-0.0
98,103,163,-0.0
98,103,164,-0.0
98,103,165,-0.0
98,103,166,-0.0
98,103,167,-0.0
98,103,168,-0.0
98,103,169,-0.0
98,103,170,-0.0
98,103,171,-0.0
98,103,172,-0.0
98,103,173,-0.0
98,103,174,-0.0
98,103,175,-0.0
98,103,176,-0.0
98,103,177,-0.0
98,103,178,-0.0
98,103,179,-0.0
98,103,180,-0.0
98,103,181,-0.0
98,103,182,-0.0
98,103,183,-0.0
98,103,184,-0.0
98,103,185,-0.0
98,103,186,-0.0
98,103,187,-0.0
98,103,188,-0.0
98,103,189,-0.0
98,103,190,-0.0
98,103,191,-0.0
98,103,192,-0.0
98,103,193,-0.0
98,103,194,-0.0
98,103,195,-0.0
98,103,196,-0.0
98,103,197,-0.0
98,103,198,-0.0
98,103,199,-0.0
98,103,200,-0.0
98,103,201,-0.0
98,103,202,-0.0
98,103,203,-0.0
98,103,204,-0.0
98,103,205,-0.0
98,103,206,-0.0
98,103,207,-0.0
98,103,208,-0.0
98,103,209,-0.0
98,103,210,-0.0
98,103,211,-0.0
98,103,212,-0.0
98,103,213,-0.0
98,103,214,-0.0
98,103,215,-0.0
98,103,216,-0.0
98,103,217,-0.0
98,103,218,-0.0
98,103,219,-0.0
98,103,220,-0.0
98,103,221,-0.0
98,103,222,-0.0
98,103,223,-0.0
98,103,224,-0.0
98,103,225,-0.0
98,103,226,-0.0
98,103,227,-0.0
98,103,228,-0.0
98,103,229,-0.0
98,103,230,-0.0
98,103,231,-0.0
98,103,232,-0.0
98,103,233,-0.0
98,103,234,-0.0
98,103,235,-0.0
98,103,236,-0.0
98,103,237,-0.0
98,103,238,-0.0
98,103,239,-0.0
98,103,240,-0.0
98,103,241,-0.0
98,103,242,-0.0
98,103,243,-0.0
98,103,244,-0.0
98,103,245,-0.0
98,103,246,-0.0
98,103,247,-0.0
98,103,248,-0.0
98,103,249,-0.0
98,103,250,-0.0
98,103,251,-0.0
98,103,252,-0.0
98,103,253,-0.0
98,103,254,-0.0
98,103,255,-0.0
98,103,256,-0.0
98,103,257,-0.0
98,103,258,-0.0
98,103,259,-0.0
98,103,260,-0.0
98,103,261,-0.0
98,103,262,-0.0
98,103,263,-0.0
98,103,264,-0.0
98,103,265,-0.0
98,103,266,-0.0
98,103,267,-0.0
98,103,268,-0.0
98,103,269,-0.0
98,103,270,-0.0
98,103,271,-0.0
98,103,272,-0.0
98,103,273,-0.0
98,103,274,-0.0
98,103,275,-0.0
98,103,276,-0.0
98,103,277,-0.0
98,103,278,-0.0
98,103,279,-0.0
98,103,280,-0.0
98,103,281,-0.0
98,103,282,-0.0
98,103,283,-0.0
98,103,284,-0.0
98,103,285,-0.0
98,103,286,-0.0
98,103,287,-0.0
98,103,288,-0.0
98,103,289,-0.0
98,103,290,-0.0
98,103,291,-0.0
98,103,292,-0.0
98,103,293,-0.0
98,103,294,-0.0
98,103,295,-0.0
98,103,296,-0.0
98,103,297,-0.0
98,103,298,-0.0
98,103,299,-0.0
98,103,300,-0.0
98,103,301,-0.0
98,103,302,-0.0
98,103,303,-0.0
98,103,304,-0.0
98,103,305,-0.0
98,103,306,-0.0
98,103,307,-0.0
98,103,308,-0.0
98,103,309,-0.0
98,103,310,-0.0
98,103,311,-0.0
98,103,312,-0.0
98,103,313,-0.0
98,103,314,-0.0
98,103,315,-0.0
98,103,316,-0.0
98,103,317,-0.0
98,103,318,-0.0
98,103,319,-0.0
98,103,320,-0.0
98,103,321,-0.0
98,103,322,-0.0
98,103,323,-0.0
98,103,324,-0.0
98,103,325,-0.0
98,103,326,-0.0
98,103,327,-0.0
98,103,328,-0.0
98,103,329,-0.0
98,103,330,-0.0
98,103,331,-0.0
98,103,332,-0.0
98,103,333,-0.0
98,103,334,-0.0
98,103,335,-0.0
98,103,336,-0.0
98,103,337,-0.0
98,103,338,-0.0
98,103,339,-0.0
98,103,340,-0.0
98,103,341,-0.0
98,103,342,-0.0
98,103,343,-0.0
98,103,344,-0.0
98,103,345,-0.0
98,103,346,-0.0
98,103,347,-0.0
98,103,348,-0.0
98,103,349,-0.0
98,103,350,-0.0
98,103,351,-0.0
98,103,352,-0.0
98,103,353,-0.0
98,103,354,-0.0
98,103,355,-0.0
98,103,356,-0.0
98,103,357,-0.0
98,103,358,-0.0
98,103,359,-0.0
98,103,360,-0.0
18,28,0,0.0
18,28,1,0.0
18,28,2,-0.0
18,28,3,-0.0
18,28,4,0.0
18,28,5,-0.0
18,28,6,-0.0
18,28,7,-0.0
18,28,8,-0.0
18,28,9,-0.0
18,28,10,0.0
18,28,11,-0.0
18,28,12,0.0
18,28,13,-0.0
18,28,14,-0.0
18,28,15,-0.0
18,28,16,-0.0
18,28,17,-0.0
18,28,18,-0.0
18,28,19,-0.0
18,28,20,-0.0
18,28,21,-0.0
18,28,22,-0.0
18,28,23,-0.0
18,28,24,-0.0
18,28,25,0.0
18,28,26,-0.0
18,28,27,-0.0
18,28,28,-0.0
18,28,29,-0.0
18,28,30,-0.0
18,28,31,-0.0
18,28,32,-0.0
18,28,33,0.0
18,28,34,-0.0
18,28,35,-0.0
18,28,36,-0.0
18,28,37,-0.0
18,28,38,-0.0
18,28,39,-0.0
18,28,40,-0.0
18,28,41,-0.0
18,28,42,-0.0
18,28,43,-0.0
18,28,44,0.0
18,28,45,-0.0
18,28,46,-0.0
18,28,47,-0.0
18,28,48,-0.0
18,28,49,-0.0
18,28,50,-0.0
18,28,51,-0.0
18,28,52,0.0
18,28,53,-0.0
18,28,54,-0.0
18,28,55,0.0
18,28,56,-0.0
18,28,57,-0.0
18,28,58,-0.0
18,28,59,-0.0
18,28,60,-0.0
18,28,61,-0.0
18,28,62,-0.0
18,28,63,-0.0
18,28,64,-0.0
18,28,65,-0.0
18,28,66,-0.0
18,28,67,-0.0
18,28,68,-0.0
18,28,69,-0.0
18,28,70,-0.0
18,28,71,-0.0
18,28,72,-0.0
18,28,73,-0.0
18,28,74,-0.0
18,28,75,-0.0
18,28,76,-0.0
18,28,77,-0.0
18,28,78,-0.0
18,28,79,-0.0
18,28,80,-0.0
18,28,81,-0.0
18,28,82,-0.0
18,28,83,-0.0
18,28,84,0.0
18,28,85,-0.0
18,28,86,-0.0
18,28,87,-0.0
18,28,88,-0.0
18,28,89,-0.0
18,28,90,-0.0
18,28,91,0.0
18,28,92,-0.0
18,28,93,-0.0
18,28,94,-0.0
18,28,95,-0.0
18,28,96,-0.0
18,28,97,-0.0
18,28,98,-0.0
18,28,99,-0.0
18,28,100,-0.0
18,28,101,-0.0
18,28,102,-0.0
18,28,103,0.0
18,28,104,-0.0
18,28,105,-0.0
18,28,106,-0.0
18,28,107,-0.0
18,28,108,-0.0
18,28,109,-0.0
18,28,110,-0.0
18,28,111,-0.0
18,28,112,-0.0
18,28,113,-0.0
18,28,114,-0.0
18,28,115,-0.0
18,28,116,-0.0
18,28,117,-0.0
18,28,118,-0.0
18,28,119,-0.0
18,28,120,0.0
18,28,121,-0.0
18,28,122,-0.0
18,28,123,-0.0
18,28,124,-0.0
18,28,125,-0.0
18,28,126,-0.0
18,28,127,-0.0
18,28,128,-0.0
18,28,129,-0.0
18,28,130,0.0
18,28,131,-0.0
18,28,132,-0.0
18,28,133,-0.0
18,28,134,-0.0
18,28,135,-0.0
18,28,136,-0.0
18,28,137,-0.0
18,28,138,-0.0
18,28,139,-0.0
18,28,140,-0.0
18,28,141,-0.0
18,28,142,-0.0
18,28,143,-0.0
18,28,144,-0.0
18,28,145,-0.0
18,28,146,-0.0
18,28,147,-0.0
18,28,148,-0.0
18,28,149,0.0
18,28,150,-0.0
18,28,151,-0.0
18,28,152,-0.0
18,28,153,-0.0
18,28,154,-0.0
18,28,155,0.0
18,28,156,-0.0
18,28,157,-0.0
18,28,158,-0.0
18,28,159,-0.0
18,28,160,-0.0
18,28,161,0.0
18,28,162,-0.0
18,28,163,-0.0
18,28,164,-0.0
18,28,165,-0.0
18,28,166,-0.0
18,28,167,-0.0
18,28,168,-0.0
18,28,169,-0.0
18,28,170,-0.0
18,28,171,-0.0
18,28,172,0.0
18,28,173,-0.0
18,28,174,-0.0
18,28,175,-0.0
18,28,176,-0.0
18,28,177,-0.0
18,28,178,-0.0
18,28,179,-0.0
18,28,180,-0.0
18,28,181,-0.0
18,28,182,-0.0
18,28,183,-0.0
18,28,184,-0.0
18,28,185,0.0
18,28,186,-0.0
18,28,187,-0.0
18,28,188,-0.0
18,28,189,-0.0
18,28,190,-0.0
18,28,191,-0.0
18,28,192,-0.0
18,28,193,0.0
18,28,194,-0.0
18,28,195,-0.0
18,28,196,-0.0
18,28,197,-0.0
18,28,198,-0.0
18,28,199,-0.0
18,28,200,0.0
18,28,201,-0.0
18,28,202,-0.0
18,28,203,-0.0
18,28,204,-0.0
18,28,205,-0.0
18,28,206,-0.0
18,28,207,-0.0
18,28,208,-0.0
18,28,209,-0.0
18,28,210,-0.0
18,28,211,0.0
18,28,212,-0.0
18,28,213,-0.0
18,28,214,-0.0
18,28,215,0.0
18,28,216,-0.0
18,28,217,-0.0
18,28,218,-0.0
18,28,219,-0.0
18,28,220,-0.0
18,28,221,-0.0
18,28,222,-0.0
18,28,223,-0.0
18,28,224,0.0
18,28,225,-0.0
18,28,226,-0.0
18,28,227,-0.0
18,28,228,-0.0
18,28,229,-0.0
18,28,230,-0.0
18,28,231,-0.0
18,28,232,-0.0
18,28,233,0.0
18,28,234,0.0
18,28,235,-0.0
18,28,236,-0.0
18,28,237,-0.0
18,28,238,-0.0
18,28,239,-0.0
18,28,240,-0.0
18,28,241,-0.0
18,28,242,-0.0
18,28,243,-0.0
18,28,244,-0.0
18,28,245,-0.0
18,28,246,-0.0
18,28,247,0.0
18,28,248,-0.0
18,28,249,0.0
18,28,250,-0.0
18,28,251,-0.0
18,28,252,0.0
18,28,253,-0.0
18,28,254,-0.0
18,28,255,-0.0
18,28,256,-0.0
18,28,257,-0.0
18,28,258,-0.0
18,28,259,0.0
18,28,260,-0.0
18,28,261,-0.0
18,28,262,0.0
18,28,263,0.0
18,28,264,-0.0
18,28,265,-0.0
18,28,266,-0.0
18,28,267,-0.0
18,28,268,-0.0
18,28,269,-0.0
18,28,270,-0.0
18,28,271,-0.0
18,28,272,-0.0
18,28,273,-0.0
18,28,274,-0.0
18,28,275,-0.0
18,28,276,-0.0
18,28,277,-0.0
18,28,278,-0.0
18,28,279,0.0
18,28,280,-0.0
18,28,281,-0.0
18,28,282,-0.0
18,28,283,-0.0
18,28,284,0.0
18,28,285,-0.0
18,28,286,-0.0
18,28,287,0.0
18,28,288,-0.0
18,28,289,-0.0
18,28,290,-0.0
18,28,291,-0.0
18,28,292,-0.0
18,28,293,0.0
18,28,294,-0.0
18,28,295,-0.0
18,28,296,-0.0
18,28,297,-0.0
18,28,298,-0.0
18,28,299,-0.0
18,28,300,-0.0
18,28,301,-0.0
18,28,302,-0.0
18,28,303,-0.0
18,28,304,0.0
18,28,305,-0.0
18,28,306,-0.0
18,28,307,-0.0
18,28,308,-0.0
18,28,309,-0.0
18,28,310,-0.0
18,28,311,-0.0
18,28,312,-0.0
18,28,313,-0.0
18,28,314,-0.0
18,28,315,-0.0
18,28,316,-0.0
18,28,317,-0.0
18,28,318,-0.0
18,28,319,-0.0
18,28,320,-0.0
18,28,321,-0.0
18,28,322,-0.0
18,28,323,-0.0
18,28,324,-0.0
18,28,325,-0.0
18,28,326,-0.0
18,28,327,-0.0
18,28,328,-0.0
18,28,329,-0.0
18,28,330,0.0
18,28,331,-0.0
18,28,332,-0.0
18,28,333,-0.0
18,28,334,-0.0
18,28,335,-0.0
18,28,336,-0.0
18,28,337,-0.0
18,28,338,-0.0
18,28,339,-0.0
18,28,340,-0.0
18,28,341,-0.0
18,28,342,-0.0
18,28,343,-0.0
18,28,344,-0.0
18,28,345,-0.0
18,28,346,-0.0
18,28,347,-0.0
18,28,348,0.0
18,28,349,0.0
18,28,350,-0.0
18,28,351,-0.0
18,28,352,-0.0
18,28,353,-0.0
18,28,354,-0.0
18,28,355,-0.0
18,28,356,-0.0
18,28,357,-0.0
18,28,358,-0.0
18,28,359,-0.0
18,28,360,-0.0
9,10,0,0.0
9,10,1,0.0
9,10,2,0.0
9,10,3,0.0
9,10,4,0.0
9,10,5,0.0
9,10,6,0.0
9,10,7,5.0
9,10,8,0.0
9,10,9,0.0
9,10,10,0.0
9,10,11,0.0
9,10,12,5.0
9,10,13,0.0
9,10,14,0.0
9,10,15,5.0
9,10,16,0.0
9,10,17,0.0
9,10,18,5.0
9,10,19,0.0
9,10,20,0.0
9,10,21,5.0
9,10,22,5.0
9,10,23,0.0
9,10,24,0.0
9,10,25,0.0
9,10,26,0.0
9,10,27,6.0
9,10,28,4.0
9,10,29,5.0
9,10,30,5.0
9,10,31,5.0
9,10,32,0.0
9,10,33,0.0
9,10,34,5.0
9,10,35,0.0
9,10,36,5.0
9,10,37,0.0
9,10,38,5.0
9,10,39,5.0
9,10,40,5.0
9,10,41,0.0
9,10,42,0.0
9,10,43,5.0
9,10,44,5.0
9,10,45,0.0
9,10,46,0.0
9,10,47,0.0
9,10,48,0.0
9,10,49,5.0
9,10,50,0.0
9,10,51,0.0
9,10,52,0.0
9,10,53,0.0
9,10,54,5.0
9,10,55,5.0
9,10,56,5.0
9,10,57,5.0
9,10,58,0.0
9,10,59,0.0
9,10,60,0.0
9,10,61,0.0
9,10,62,0.0
9,10,63,0.0
9,10,64,0.0
9,10,65,5.0
9,10,66,0.0
9,10,67,0.0
9,10,68,0.0
9,10,69,0.0
9,10,70,0.0
9,10,71,0.0
9,10,72,5.0
9,10,73,0.0
9,10,74,0.0
9,10,75,0.0
9,10,76,0.0
9,10,77,0.0
9,10,78,0.0
9,10,79,0.0
9,10,80,0.0
9,10,81,0.0
9,10,82,5.0
9,10,83,5.0
9,10,84,4.0
9,10,85,0.0
9,10,86,5.0
9,10,87,5.0
9,10,88,6.0
9,10,89,4.0
9,10,90,5.0
9,10,91,0.0
9,10,92,0.0
9,10,93,0.0
9,10,94,0.0
9,10,95,5.0
9,10,96,5.0
9,10,97,5.0
9,10,98,0.0
9,10,99,0.0
9,10,100,0.0
9,10,101,0.0
9,10,102,0.0
9,10,103,0.0
9,10,104,0.0
9,10,105,0.0
9,10,106,4.0
9,10,107,5.0
9,10,108,0.0
9,10,109,0.0
9,10,110,5.0
9,10,111,0.0
9,10,112,0.0
9,10,113,5.0
9,10,114,0.0
9,10,115,0.0
9,10,116,5.0
9,10,117,5.0
9,10,118,0.0
9,10,119,5.0
9,10,120,1.0
9,10,121,5.0
9,10,122,0.0
9,10,123,5.0
9,10,124,0.0
9,10,125,0.0
9,10,126,5.0
9,10,127,0.0
9,10,128,0.0
9,10,129,0.0
9,10,130,0.0
9,10,131,0.0
9,10,132,0.0
9,10,133,5.0
9,10,134,0.0
9,10,135,0.0
9,10,136,0.0
9,10,137,0.0
9,10,138,0.0
9,10,139,0.0
9,10,140,0.0
9,10,141,0.0
9,10,142,0.0
9,10,143,0.0
9,10,144,0.0
9,10,145,0.0
9,10,146,0.0
9,10,147,0.0
9,10,148,0.0
9,10,149,0.0
9,10,150,0.0
9,10,151,0.0
9,10,152,5.0
9,10,153,5.0
9,10,154,0.0
9,10,155,0.0
9,10,156,5.0
9,10,157,0.0
9,10,158,0.0
9,10,159,0.0
9,10,160,-0.0
9,10,161,0.0
9,10,162,0.0
9,10,163,0.0
9,10,164,0.0
9,10,165,6.0
9,10,166,0.0
9,10,167,0.0
9,10,168,0.0
9,10,169,0.0
9,10,170,0.0
9,10,171,0.0
9,10,172,0.0
9,10,173,0.0
9,10,174,0.0
9,10,175,0.0
9,10,176,0.0
9,10,177,0.0
9,10,178,0.0
9,10,179,0.0
9,10,180,0.0
9,10,181,0.0
9,10,182,0.0
9,10,183,0.0
9,10,184,0.0
9,10,185,0.0
9,10,186,5.0
9,10,187,0.0
9,10,188,5.0
9,10,189,0.0
9,10,190,0.0
9,10,191,5.0
9,10,192,5.0
9,10,193,0.0
9,10,194,0.0
9,10,195,0.0
9,10,196,0.0
9,10,197,0.0
9,10,198,5.0
9,10,199,0.0
9,10,200,0.0
9,10,201,0.0
9,10,202,0.0
9,10,203,0.0
9,10,204,5.0
9,10,205,5.0
9,10,206,5.0
9,10,207,0.0
9,10,208,-0.0
9,10,209,0.0
9,10,210,0.0
9,10,211,5.0
9,10,212,0.0
9,10,213,5.0
9,10,214,5.0
9,10,215,0.0
9,10,216,0.0
9,10,217,0.0
9,10,218,0.0
9,10,219,5.0
9,10,220,5.0
9,10,221,0.0
9,10,222,0.0
9,10,223,0.0
9,10,224,0.0
9,10,225,0.0
9,10,226,0.0
9,10,227,0.0
9,10,228,0.0
9,10,229,0.0
9,10,230,0.0
9,10,231,5.0
9,10,232,0.0
9,10,233,0.0
9,10,234,0.0
9,10,235,0.0
9,10,236,0.0
9,10,237,0.0
9,10,238,0.0
9,10,239,0.0
9,10,240,0.0
9,10,241,0.0
9,10,242,0.0
9,10,243,5.0
9,10,244,5.0
9,10,245,0.0
9,10,246,0.0
9,10,247,0.0
9,10,248,0.0
9,10,249,5.0
9,10,250,0.0
9,10,251,0.0
9,10,252,0.0
9,10,253,0.0
9,10,254,0.0
9,10,255,0.0
9,10,256,0.0
9,10,257,0.0
9,10,258,0.0
9,10,259,0.0
9,10,260,0.0
9,10,261,5.0
9,10,262,0.0
9,10,263,0.0
9,10,264,5.0
9,10,265,5.0
9,10,266,0.0
9,10,267,0.0
9,10,268,5.0
9,10,269,5.0
9,10,270,5.0
9,10,271,5.0
9,10,272,0.0
9,10,273,0.0
9,10,274,5.0
9,10,275,5.0
9,10,276,0.0
9,10,277,5.0
9,10,278,0.0
9,10,279,0.0
9,10,280,0.0
9,10,281,0.0
9,10,282,5.0
9,10,283,0.0
9,10,284,0.0
9,10,285,0.0
9,10,286,0.0
9,10,287,0.0
9,10,288,0.0
9,10,289,0.0
9,10,290,5.0
9,10,291,0.0
9,10,292,0.0
9,10,293,0.0
9,10,294,0.0
9,10,295,0.0
9,10,296,0.0
9,10,297,0.0
9,10,298,0.0
9,10,299,0.0
9,10,300,0.0
9,10,301,5.0
9,10,302,5.0
9,10,303,0.0
9,10,304,5.0
9,10,305,5.0
9,10,306,0.0
9,10,307,0.0
9,10,308,5.0
9,10,309,0.0
9,10,310,0.0
9,10,311,0.0
9,10,312,5.0
9,10,313,0.0
9,10,314,5.0
9,10,315,0.0
9,10,316,0.0
9,10,317,0.0
9,10,318,5.0
9,10,319,5.0
9,10,320,5.0
9,10,321,0.0
9,10,322,5.0
9,10,323,1.0
9,10,324,0.0
9,10,325,5.0
9,10,326,-0.0
9,10,327,0.0
9,10,328,0.0
9,10,329,5.0
9,10,330,5.0
9,10,331,2.0
9,10,332,0.0
9,10,333,0.0
9,10,334,0.0
9,10,335,0.0
9,10,336,0.0
9,10,337,0.0
9,10,338,0.0
9,10,339,0.0
9,10,340,0.0
9,10,341,5.0
9,10,342,0.0
9,10,343,5.0
9,10,344,0.0
9,10,345,5.0
9,10,346,5.0
9,10,347,5.0
9,10,348,5.0
9,10,349,0.0
9,10,350,5.0
9,10,351,5.0
9,10,352,0.0
9,10,353,5.0
9,10,354,2.0
9,10,355,5.0
9,10,356,5.0
9,10,357,5.0
9,10,358,0.0
9,10,359,0.0
9,10,360,-0.0
112,114,0,0.0
112,114,1,0.0
112,114,2,6.0
112,114,3,5.0
112,114,4,6.0
112,114,5,6.0
112,114,6,6.0
112,114,7,6.0
112,114,8,6.0
112,114,9,-0.0
112,114,10,-0.0
112,114,11,0.0
112,114,12,-0.0
112,114,13,0.0
112,114,14,-0.0
112,114,15,0.0
112,114,16,0.0
112,114,17,0.0
112,114,18,0.0
112,114,19,0.0
112,114,20,-0.0
112,114,21,5.0
112,114,22,6.0
112,114,23,-0.0
112,114,24,5.0
112,114,25,6.0
112,114,26,-0.0
112,114,27,6.0
112,114,28,5.0
112,114,29,6.0
112,114,30,6.0
112,114,31,-0.0
112,114,32,6.0
112,114,33,-0.0
112,114,34,6.0
112,114,35,6.0
112,114,36,6.0
112,114,37,-0.0
112,114,38,6.0
112,114,39,0.0
112,114,40,6.0
112,114,41,6.0
112,114,42,6.0
112,114,43,3.0
112,114,44,6.0
112,114,45,6.0
112,114,46,6.0
112,114,47,5.0
112,114,48,6.0
112,114,49,-0.0
112,114,50,6.0
112,114,51,1.0
112,114,52,5.0
112,114,53,6.0
112,114,54,4.0
112,114,55,6.0
112,114,56,5.0
112,114,57,6.0
112,114,58,6.0
112,114,59,6.0
112,114,60,6.0
112,114,61,6.0
112,114,62,6.0
112,114,63,6.0
112,114,64,6.0
112,114,65,6.0
112,114,66,6.0
112,114,67,6.0
112,114,68,6.0
112,114,69,6.0
112,114,70,0.0
112,114,71,0.0
112,114,72,-0.0
112,114,73,6.0
112,114,74,-0.0
112,114,75,6.0
112,114,76,6.0
112,114,77,6.0
112,114,78,-0.0
112,114,79,6.0
112,114,80,5.0
112,114,81,6.0
112,114,82,5.0
112,114,83,-0.0
112,114,84,5.0
112,114,85,-0.0
112,114,86,0.0
112,114,87,5.0
112,114,88,6.0
112,114,89,-0.0
112,114,90,6.0
112,114,91,6.0
112,114,92,0.0
112,114,93,5.0
112,114,94,6.0
112,114,95,6.0
112,114,96,6.0
112,114,97,0.0
112,114,98,6.0
112,114,99,5.0
112,114,100,-0.0
112,114,101,3.0
112,114,102,6.0
112,114,103,0.0
112,114,104,6.0
112,114,105,6.0
112,114,106,6.0
112,114,107,6.0
112,114,108,6.0
112,114,109,6.0
112,114,110,-0.0
112,114,111,6.0
112,114,112,-0.0
112,114,113,-0.0
112,114,114,0.0
112,114,115,-0.0
112,114,116,6.0
112,114,117,6.0
112,114,118,6.0
112,114,119,6.0
112,114,120,6.0
112,114,121,6.0
112,114,122,6.0
112,114,123,-0.0
112,114,124,6.0
112,114,125,6.0
112,114,126,6.0
112,114,127,6.0
112,114,128,6.0
112,114,129,6.0
112,114,130,6.0
112,114,131,6.0
112,114,132,-0.0
112,114,133,6.0
112,114,134,-0.0
112,114,135,6.0
112,114,136,6.0
112,114,137,6.0
112,114,138,6.0
112,114,139,5.0
112,114,140,6.0
112,114,141,6.0
112,114,142,-0.0
112,114,143,6.0
112,114,144,6.0
112,114,145,5.0
112,114,146,6.0
112,114,147,6.0
112,114,148,-0.0
112,114,149,6.0
112,114,150,6.0
112,114,151,6.0
112,114,152,0.0
112,114,153,5.0
112,114,154,6.0
112,114,155,6.0
112,114,156,-0.0
112,114,157,6.0
112,114,158,6.0
112,114,159,6.0
112,114,160,-0.0
112,114,161,6.0
112,114,162,6.0
112,114,163,6.0
112,114,164,5.0
112,114,165,0.0
112,114,166,6.0
112,114,167,6.0
112,114,168,6.0
112,114,169,6.0
112,114,170,5.0
112,114,171,6.0
112,114,172,-0.0
112,114,173,6.0
112,114,174,-0.0
112,114,175,6.0
112,114,176,6.0
112,114,177,6.0
112,114,178,6.0
112,114,179,-0.0
112,114,180,0.0
112,114,181,5.0
112,114,182,-0.0
112,114,183,6.0
112,114,184,-0.0
112,114,185,6.0
112,114,186,5.0
112,114,187,-0.0
112,114,188,0.0
112,114,189,6.0
112,114,190,6.0
112,114,191,6.0
112,114,192,5.0
112,114,193,-0.0
112,114,194,-0.0
112,114,195,6.0
112,114,196,0.0
112,114,197,6.0
112,114,198,1.0
112,114,199,6.0
112,114,200,-0.0
112,114,201,6.0
112,114,202,-0.0
112,114,203,6.0
112,114,204,6.0
112,114,205,3.0
112,114,206,-0.0
112,114,207,6.0
112,114,208,6.0
112,114,209,6.0
112,114,210,-0.0
112,114,211,6.0
112,114,212,5.0
112,114,213,6.0
112,114,214,5.0
112,114,215,6.0
112,114,216,-0.0
112,114,217,6.0
112,114,218,6.0
112,114,219,6.0
112,114,220,5.0
112,114,221,6.0
112,114,222,-0.0
112,114,223,6.0
112,114,224,-0.0
112,114,225,6.0
112,114,226,6.0
112,114,227,6.0
112,114,228,6.0
112,114,229,6.0
112,114,230,5.0
112,114,231,6.0
112,114,232,-0.0
112,114,233,6.0
112,114,234,6.0
112,114,235,6.0
112,114,236,0.0
112,114,237,6.0
112,114,238,6.0
112,114,239,6.0
112,114,240,6.0
112,114,241,6.0
112,114,242,6.0
112,114,243,0.0
112,114,244,0.0
112,114,245,6.0
112,114,246,-0.0
112,114,247,-0.0
112,114,248,5.0
112,114,249,6.0
112,114,250,-0.0
112,114,251,-0.0
112,114,252,5.0
112,114,253,6.0
112,114,254,0.0
112,114,255,6.0
112,114,256,-0.0
112,114,257,5.0
112,114,258,6.0
112,114,259,6.0
112,114,260,6.0
112,114,261,5.0
112,114,262,6.0
112,114,263,6.0
112,114,264,6.0
112,114,265,5.0
112,114,266,0.0
112,114,267,6.0
112,114,268,-0.0
112,114,269,6.0
112,114,270,5.0
112,114,271,6.0
112,114,272,6.0
112,114,273,6.0
112,114,274,6.0
112,114,275,6.0
112,114,276,6.0
112,114,277,-0.0
112,114,278,6.0
112,114,279,6.0
112,114,280,0.0
112,114,281,5.0
112,114,282,6.0
112,114,283,5.0
112,114,284,0.0
112,114,285,6.0
112,114,286,6.0
112,114,287,6.0
112,114,288,0.0
112,114,289,6.0
112,114,290,6.0
112,114,291,5.0
112,114,292,-0.0
112,114,293,0.0
112,114,294,6.0
112,114,295,0.0
112,114,296,6.0
112,114,297,5.0
112,114,298,6.0
112,114,299,6.0
112,114,300,-0.0
112,114,301,5.0
112,114,302,-0.0
112,114,303,-0.0
112,114,304,6.0
112,114,305,6.0
112,114,306,6.0
112,114,307,6.0
112,114,308,6.0
112,114,309,6.0
112,114,310,5.0
112,114,311,0.0
112,114,312,0.0
112,114,313,5.0
112,114,314,6.0
112,114,315,5.0
112,114,316,6.0
112,114,317,6.0
112,114,318,6.0
112,114,319,6.0
112,114,320,6.0
112,114,321,-0.0
112,114,322,6.0
112,114,323,5.0
112,114,324,6.0
112,114,325,5.0
112,114,326,6.0
112,114,327,6.0
112,114,328,6.0
112,114,329,6.0
112,114,330,6.0
112,114,331,-0.0
112,114,332,6.0
112,114,333,6.0
112,114,334,5.0
112,114,335,0.0
112,114,336,0.0
112,114,337,6.0
112,114,338,6.0
112,114,339,6.0
112,114,340,6.0
112,114,341,6.0
112,114,342,-0.0
112,114,343,5.0
112,114,344,6.0
112,114,345,6.0
112,114,346,6.0
112,114,347,-0.0
112,114,348,6.0
112,114,349,6.0
112,114,350,6.0
112,114,351,-0.0
112,114,352,6.0
112,114,353,6.0
112,114,354,5.0
112,114,355,6.0
112,114,356,5.0
112,114,357,-0.0
112,114,358,6.0
112,114,359,0.0
112,114,360,-0.0
6,105,0,0.0
6,105,1,6.0
6,105,2,0.0
6,105,3,0.0
6,105,4,5.0
6,105,5,6.0
6,105,6,-0.0
6,105,7,6.0
6,105,8,6.0
6,105,9,6.0
6,105,10,6.0
6,105,11,6.0
6,105,12,6.0
6,105,13,6.0
6,105,14,6.0
6,105,15,6.0
6,105,16,1.0
6,105,17,0.0
6,105,18,6.0
6,105,19,6.0
6,105,20,6.0
6,105,21,0.0
6,105,22,0.0
6,105,23,6.0
6,105,24,5.0
6,105,25,0.0
6,105,26,0.0
6,105,27,0.0
6,105,28,6.0
6,105,29,6.0
6,105,30,6.0
6,105,31,6.0
6,105,32,0.0
6,105,33,0.0
6,105,34,6.0
6,105,35,0.0
6,105,36,0.0
6,105,37,1.0
6,105,38,6.0
6,105,39,6.0
6,105,40,6.0
6,105,41,6.0
6,105,42,0.0
6,105,43,6.0
6,105,44,6.0
6,105,45,6.0
6,105,46,6.0
6,105,47,6.0
6,105,48,6.0
6,105,49,-0.0
6,105,50,-0.0
6,105,51,6.0
6,105,52,6.0
6,105,53,6.0
6,105,54,6.0
6,105,55,0.0
6,105,56,0.0
6,105,57,6.0
6,105,58,0.0
6,105,59,0.0
6,105,60,6.0
6,105,61,0.0
6,105,62,6.0
6,105,63,6.0
6,105,64,6.0
6,105,65,0.0
6,105,66,0.0
6,105,67,6.0
6,105,68,0.0
6,105,69,6.0
6,105,70,0.0
6,105,71,6.0
6,105,72,6.0
6,105,73,3.0
6,105,74,2.0
6,105,75,0.0
6,105,76,6.0
6,105,77,5.0
6,105,78,6.0
6,105,79,6.0
6,105,80,6.0
6,105,81,6.0
6,105,82,6.0
6,105,83,6.0
6,105,84,0.0
6,105,85,6.0
6,105,86,6.0
6,105,87,6.0
6,105,88,6.0
6,105,89,5.0
6,105,90,0.0
6,105,91,6.0
6,105,92,0.0
6,105,93,6.0
6,105,94,5.0
6,105,95,6.0
6,105,96,6.0
6,105,97,0.0
6,105,98,0.0
6,105,99,6.0
6,105,100,0.0
6,105,101,6.0
6,105,102,6.0
6,105,103,0.0
6,105,104,6.0
6,105,105,0.0
6,105,106,6.0
6,105,107,6.0
6,105,108,6.0
6,105,109,6.0
6,105,110,6.0
6,105,111,6.0
6,105,112,0.0
6,105,113,6.0
6,105,114,0.0
6,105,115,0.0
6,105,116,5.0
6,105,117,0.0
6,105,118,4.0
6,105,119,1.0
6,105,120,6.0
6,105,121,6.0
6,105,122,6.0
6,105,123,6.0
6,105,124,0.0
6,105,125,0.0
6,105,126,0.0
6,105,127,1.0
6,105,128,0.0
6,105,129,6.0
6,105,130,0.0
6,105,131,6.0
6,105,132,6.0
6,105,133,6.0
6,105,134,0.0
6,105,135,6.0
6,105,136,6.0
6,105,137,6.0
6,105,138,6.0
6,105,139,6.0
6,105,140,6.0
6,105,141,6.0
6,105,142,0.0
6,105,143,0.0
6,105,144,0.0
6,105,145,6.0
6,105,146,6.0
6,105,147,6.0
6,105,148,0.0
6,105,149,0.0
6,105,150,0.0
6,105,151,6.0
6,105,152,6.0
6,105,153,6.0
6,105,154,0.0
6,105,155,5.0
6,105,156,5.0
6,105,157,6.0
6,105,158,6.0
6,105,159,5.0
6,105,160,4.0
6,105,161,6.0
6,105,162,6.0
6,105,163,6.0
6,105,164,6.0
6,105,165,0.0
6,105,166,0.0
6,105,167,6.0
6,105,168,0.0
6,105,169,-0.0
6,105,170,0.0
6,105,171,6.0
6,105,172,6.0
6,105,173,5.0
6,105,174,6.0
6,105,175,6.0
6,105,176,5.0
6,105,177,6.0
6,105,178,3.0
6,105,179,6.0
6,105,180,0.0
6,105,181,6.0
6,105,182,6.0
6,105,183,0.0
6,105,184,6.0
6,105,185,6.0
6,105,186,6.0
6,105,187,6.0
6,105,188,6.0
6,105,189,6.0
6,105,190,6.0
6,105,191,6.0
6,105,192,6.0
6,105,193,6.0
6,105,194,6.0
6,105,195,6.0
6,105,196,6.0
6,105,197,-0.0
6,105,198,6.0
6,105,199,6.0
6,105,200,0.0
6,105,201,6.0
6,105,202,6.0
6,105,203,6.0
6,105,204,6.0
6,105,205,6.0
6,105,206,6.0
6,105,207,6.0
6,105,208,6.0
6,105,209,6.0
6,105,210,6.0
6,105,211,6.0
6,105,212,0.0
6,105,213,6.0
6,105,214,6.0
6,105,215,6.0
6,105,216,6.0
6,105,217,6.0
6,105,218,6.0
6,105,219,6.0
6,105,220,6.0
6,105,221,6.0
6,105,222,6.0
6,105,223,5.0
6,105,224,6.0
6,105,225,6.0
6,105,226,6.0
6,105,227,6.0
6,105,228,6.0
6,105,229,6.0
6,105,230,6.0
6,105,231,6.0
6,105,232,5.0
6,105,233,6.0
6,105,234,6.0
6,105,235,6.0
6,105,236,5.0
6,105,237,6.0
6,105,238,6.0
6,105,239,6.0
6,105,240,5.0
6,105,241,6.0
6,105,242,6.0
6,105,243,5.0
6,105,244,6.0
6,105,245,6.0
6,105,246,6.0
6,105,247,0.0
6,105,248,6.0
6,105,249,6.0
6,105,250,5.0
6,105,251,6.0
6,105,252,6.0
6,105,253,0.0
6,105,254,6.0
6,105,255,-0.0
6,105,256,-0.0
6,105,257,6.0
6,105,258,0.0
6,105,259,6.0
6,105,260,0.0
6,105,261,5.0
6,105,262,6.0
6,105,263,6.0
6,105,264,6.0
6,105,265,6.0
6,105,266,6.0
6,105,267,0.0
6,105,268,6.0
6,105,269,6.0
6,105,270,5.0
6,105,271,6.0
6,105,272,6.0
6,105,273,0.0
6,105,274,6.0
6,105,275,6.0
6,105,276,-0.0
6,105,277,0.0
6,105,278,6.0
6,105,279,0.0
6,105,280,0.0
6,105,281,6.0
6,105,282,0.0
6,105,283,5.0
6,105,284,0.0
6,105,285,6.0
6,105,286,0.0
6,105,287,1.0
6,105,288,0.0
6,105,289,6.0
6,105,290,6.0
6,105,291,6.0
6,105,292,6.0
6,105,293,5.0
6,105,294,6.0
6,105,295,0.0
6,105,296,6.0
6,105,297,4.0
6,105,298,6.0
6,105,299,6.0
6,105,300,6.0
6,105,301,6.0
6,105,302,5.0
6,105,303,6.0
6,105,304,0.0
6,105,305,0.0
6,105,306,0.0
6,105,307,0.0
6,105,308,6.0
6,105,309,6.0
6,105,310,6.0
6,105,311,6.0
6,105,312,6.0
6,105,313,6.0
6,105,314,6.0
6,105,315,-0.0
6,105,316,0.0
6,105,317,0.0
6,105,318,0.0
6,105,319,6.0
6,105,320,6.0
6,105,321,6.0
6,105,322,0.0
6,105,323,6.0
6,105,324,-0.0
6,105,325,5.0
6,105,326,0.0
6,105,327,6.0
6,105,328,0.0
6,105,329,6.0
6,105,330,6.0
6,105,331,0.0
6,105,332,6.0
6,105,333,6.0
6,105,334,6.0
6,105,335,6.0
6,105,336,0.0
6,105,337,6.0
6,105,338,0.0
6,105,339,5.0
6,105,340,6.0
6,105,341,6.0
6,105,342,6.0
6,105,343,6.0
6,105,344,6.0
6,105,345,6.0
6,105,346,5.0
6,105,347,0.0
6,105,348,6.0
6,105,349,6.0
6,105,350,6.0
6,105,351,0.0
6,105,352,6.0
6,105,353,6.0
6,105,354,6.0
6,105,355,6.0
6,105,356,6.0
6,105,357,0.0
6,105,358,0.0
6,105,359,-0.0
6,105,360,-0.0
75,74,0,0.0
75,74,1,0.0
75,74,2,0.0
75,74,3,0.0
75,74,4,0.0
75,74,5,-0.0
75,74,6,0.0
75,74,7,-0.0
75,74,8,0.0
75,74,9,-0.0
75,74,10,-0.0
75,74,11,-0.0
75,74,12,0.0
75,74,13,0.0
75,74,14,0.0
75,74,15,-0.0
75,74,16,-0.0
75,74,17,0.0
75,74,18,0.0
75,74,19,0.0
75,74,20,0.0
75,74,21,-0.0
75,74,22,0.0
75,74,23,-0.0
75,74,24,-0.0
75,74,25,-0.0
75,74,26,0.0
75,74,27,-0.0
75,74,28,-0.0
75,74,29,0.0
75,74,30,-0.0
75,74,31,0.0
75,74,32,-0.0
75,74,33,0.0
75,74,34,0.0
75,74,35,0.0
75,74,36,0.0
75,74,37,0.0
75,74,38,-0.0
75,74,39,0.0
75,74,40,0.0
75,74,41,0.0
75,74,42,0.0
75,74,43,0.0
75,74,44,0.0
75,74,45,0.0
75,74,46,0.0
75,74,47,0.0
75,74,48,0.0
75,74,49,-0.0
75,74,50,-0.0
75,74,51,0.0
75,74,52,-0.0
75,74,53,-0.0
75,74,54,-0.0
75,74,55,0.0
75,74,56,-0.0
75,74,57,-0.0
75,74,58,0.0
75,74,59,0.0
75,74,60,0.0
75,74,61,0.0
75,74,62,0.0
75,74,63,0.0
75,74,64,-0.0
75,74,65,-0.0
75,74,66,0.0
75,74,67,0.0
75,74,68,0.0
75,74,69,-0.0
75,74,70,0.0
75,74,71,0.0
75,74,72,-0.0
75,74,73,-0.0
75,74,74,0.0
75,74,75,0.0
75,74,76,0.0
75,74,77,0.0
75,74,78,-0.0
75,74,79,-0.0
75,74,80,0.0
75,74,81,-0.0
75,74,82,-0.0
75,74,83,0.0
75,74,84,0.0
75,74,85,0.0
75,74,86,-0.0
75,74,87,-0.0
75,74,88,0.0
75,74,89,0.0
75,74,90,0.0
75,74,91,-0.0
75,74,92,-0.0
75,74,93,-0.0
75,74,94,0.0
75,74,95,0.0
75,74,96,0.0
75,74,97,0.0
75,74,98,-0.0
75,74,99,-0.0
75,74,100,-0.0
75,74,101,0.0
75,74,102,0.0
75,74,103,0.0
75,74,104,0.0
75,74,105,0.0
75,74,106,-0.0
75,74,107,-0.0
75,74,108,0.0
75,74,109,-0.0
75,74,110,-0.0
75,74,111,-0.0
75,74,112,0.0
75,74,113,0.0
75,74,114,-0.0
75,74,115,0.0
75,74,116,-0.0
75,74,117,-0.0
75,74,118,0.0
75,74,119,-0.0
75,74,120,0.0
75,74,121,0.0
75,74,122,0.0
75,74,123,0.0
75,74,124,0.0
75,74,125,0.0
75,74,126,-0.0
75,74,127,0.0
75,74,128,-0.0
75,74,129,0.0
75,74,130,0.0
75,74,131,0.0
75,74,132,-0.0
75,74,133,-0.0
75,74,134,0.0
75,74,135,0.0
75,74,136,0.0
75,74,137,0.0
75,74,138,-0.0
75,74,139,-0.0
75,74,140,0.0
75,74,141,0.0
75,74,142,0.0
75,74,143,0.0
75,74,144,-0.0
75,74,145,0.0
75,74,146,0.0
75,74,147,0.0
75,74,148,0.0
75,74,149,0.0
75,74,150,0.0
75,74,151,-0.0
75,74,152,0.0
75,74,153,-0.0
75,74,154,-0.0
75,74,155,-0.0
75,74,156,-0.0
75,74,157,0.0
75,74,158,0.0
75,74,159,0.0
75,74,160,-0.0
75,74,161,0.0
75,74,162,0.0
75,74,163,0.0
75,74,164,0.0
75,74,165,-0.0
75,74,166,-0.0
75,74,167,-0.0
75,74,168,0.0
75,74,169,0.0
75,74,170,-0.0
75,74,171,-0.0
75,74,172,-0.0
75,74,173,0.0
75,74,174,0.0
75,74,175,0.0
75,74,176,0.0
75,74,177,0.0
75,74,178,0.0
75,74,179,-0.0
75,74,180,-0.0
75,74,181,0.0
75,74,182,0.0
75,74,183,0.0
75,74,184,0.0
75,74,185,0.0
75,74,186,-0.0
75,74,187,0.0
75,74,188,0.0
75,74,189,0.0
75,74,190,0.0
75,74,191,0.0
75,74,192,0.0
75,74,193,0.0
75,74,194,0.0
75,74,195,-0.0
75,74,196,0.0
75,74,197,0.0
75,74,198,0.0
75,74,199,0.0
75,74,200,0.0
75,74,201,-0.0
75,74,202,-0.0
75,74,203,0.0
75,74,204,-0.0
75,74,205,0.0
75,74,206,0.0
75,74,207,0.0
75,74,208,0.0
75,74,209,0.0
75,74,210,-0.0
75,74,211,0.0
75,74,212,0.0
75,74,213,-0.0
75,74,214,0.0
75,74,215,0.0
75,74,216,0.0
75,74,217,0.0
75,74,218,0.0
75,74,219,-0.0
75,74,220,-0.0
75,74,221,-0.0
75,74,222,-0.0
75,74,223,-0.0
75,74,224,0.0
75,74,225,-0.0
75,74,226,-0.0
75,74,227,0.0
75,74,228,-0.0
75,74,229,-0.0
75,74,230,0.0
75,74,231,-0.0
75,74,232,0.0
75,74,233,-0.0
75,74,234,-0.0
75,74,235,-0.0
75,74,236,0.0
75,74,237,-0.0
75,74,238,0.0
75,74,239,-0.0
75,74,240,-0.0
75,74,241,0.0
75,74,242,0.0
75,74,243,0.0
75,74,244,0.0
75,74,245,-0.0
75,74,246,-0.0
75,74,247,-0.0
75,74,248,0.0
75,74,249,-0.0
75,74,250,-0.0
75,74,251,0.0
75,74,252,0.0
75,74,253,-0.0
75,74,254,0.0
75,74,255,-0.0
75,74,256,-0.0
75,74,257,0.0
75,74,258,0.0
75,74,259,-0.0
75,74,260,-0.0
75,74,261,-0.0
75,74,262,0.0
75,74,263,0.0
75,74,264,0.0
75,74,265,0.0
75,74,266,0.0
75,74,267,-0.0
75,74,268,0.0
75,74,269,0.0
75,74,270,0.0
75,74,271,-0.0
75,74,272,-0.0
75,74,273,0.0
75,74,274,0.0
75,74,275,0.0
75,74,276,0.0
75,74,277,-0.0
75,74,278,0.0
75,74,279,0.0
75,74,280,0.0
75,74,281,0.0
75,74,282,0.0
75,74,283,0.0
75,74,284,-0.0
75,74,285,0.0
75,74,286,0.0
75,74,287,0.0
75,74,288,-0.0
75,74,289,-0.0
75,74,290,0.0
75,74,291,-0.0
75,74,292,0.0
75,74,293,0.0
75,74,294,-0.0
75,74,295,-0.0
75,74,296,-0.0
75,74,297,-0.0
75,74,298,0.0
75,74,299,0.0
75,74,300,0.0
75,74,301,0.0
75,74,302,0.0
75,74,303,-0.0
75,74,304,0.0
75,74,305,-0.0
75,74,306,-0.0
75,74,307,0.0
75,74,308,-0.0
75,74,309,0.0
75,74,310,0.0
75,74,311,0.0
75,74,312,0.0
75,74,313,0.0
75,74,314,0.0
75,74,315,0.0
75,74,316,0.0
75,74,317,0.0
75,74,318,0.0
75,74,319,0.0
75,74,320,0.0
75,74,321,0.0
75,74,322,0.0
75,74,323,0.0
75,74,324,-0.0
75,74,325,-0.0
75,74,326,-0.0
75,74,327,0.0
75,74,328,0.0
75,74,329,0.0
75,74,330,0.0
75,74,331,-0.0
75,74,332,-0.0
75,74,333,-0.0
75,74,334,0.0
75,74,335,-0.0
75,74,336,0.0
75,74,337,-0.0
75,74,338,-0.0
75,74,339,0.0
75,74,340,-0.0
75,74,341,-0.0
75,74,342,0.0
75,74,343,-0.0
75,74,344,0.0
75,74,345,-0.0
75,74,346,-0.0
75,74,347,-0.0
75,74,348,-0.0
75,74,349,-0.0
75,74,350,0.0
75,74,351,0.0
75,74,352,0.0
75,74,353,0.0
75,74,354,0.0
75,74,355,0.0
75,74,356,-0.0
75,74,357,-0.0
75,74,358,0.0
75,74,359,0.0
75,74,360,-0.0
86,113,0,0.0
86,113,1,0.0
86,113,2,0.0
86,113,3,-0.0
86,113,4,-0.0
86,113,5,-0.0
86,113,6,-0.0
86,113,7,-0.0
86,113,8,-0.0
86,113,9,-0.0
86,113,10,0.0
86,113,11,0.0
86,113,12,-0.0
86,113,13,-0.0
86,113,14,-0.0
86,113,15,0.0
86,113,16,-0.0
86,113,17,0.0
86,113,18,-0.0
86,113,19,-0.0
86,113,20,-0.0
86,113,21,-0.0
86,113,22,-0.0
86,113,23,-0.0
86,113,24,-0.0
86,113,25,0.0
86,113,26,0.0
86,113,27,-0.0
86,113,28,-0.0
86,113,29,-0.0
86,113,30,-0.0
86,113,31,-0.0
86,113,32,0.0
86,113,33,-0.0
86,113,34,-0.0
86,113,35,-0.0
86,113,36,0.0
86,113,37,-0.0
86,113,38,-0.0
86,113,39,0.0
86,113,40,-0.0
86,113,41,0.0
86,113,42,-0.0
86,113,43,0.0
86,113,44,-0.0
86,113,45,0.0
86,113,46,0.0
86,113,47,-0.0
86,113,48,-0.0
86,113,49,-0.0
86,113,50,-0.0
86,113,51,-0.0
86,113,52,-0.0
86,113,53,-0.0
86,113,54,-0.0
86,113,55,-0.0
86,113,56,-0.0
86,113,57,-0.0
86,113,58,-0.0
86,113,59,-0.0
86,113,60,0.0
86,113,61,-0.0
86,113,62,-0.0
86,113,63,-0.0
86,113,64,-0.0
86,113,65,-0.0
86,113,66,0.0
86,113,67,0.0
86,113,68,0.0
86,113,69,-0.0
86,113,70,0.0
86,113,71,0.0
86,113,72,0.0
86,113,73,-0.0
86,113,74,-0.0
86,113,75,-0.0
86,113,76,-0.0
86,113,77,-0.0
86,113,78,-0.0
86,113,79,-0.0
86,113,80,-0.0
86,113,81,-0.0
86,113,82,-0.0
86,113,83,0.0
86,113,84,-0.0
86,113,85,0.0
86,113,86,0.0
86,113,87,-0.0
86,113,88,-0.0
86,113,89,-0.0
86,113,90,-0.0
86,113,91,-0.0
86,113,92,0.0
86,113,93,-0.0
86,113,94,0.0
86,113,95,-0.0
86,113,96,0.0
86,113,97,-0.0
86,113,98,-0.0
86,113,99,0.0
86,113,100,-0.0
86,113,101,-0.0
86,113,102,-0.0
86,113,103,0.0
86,113,104,-0.0
86,113,105,-0.0
86,113,106,-0.0
86,113,107,-0.0
86,113,108,-0.0
86,113,109,-0.0
86,113,110,-0.0
86,113,111,-0.0
86,113,112,0.0
86,113,113,-0.0
86,113,114,0.0
86,113,115,-0.0
86,113,116,-0.0
86,113,117,0.0
86,113,118,0.0
86,113,119,-0.0
86,113,120,-0.0
86,113,121,-0.0
86,113,122,-0.0
86,113,123,-0.0
86,113,124,-0.0
86,113,125,-0.0
86,113,126,-0.0
86,113,127,-0.0
86,113,128,0.0
86,113,129,-0.0
86,113,130,-0.0
86,113,131,-0.0
86,113,132,-0.0
86,113,133,-0.0
86,113,134,-0.0
86,113,135,0.0
86,113,136,0.0
86,113,137,-0.0
86,113,138,0.0
86,113,139,-0.0
86,113,140,-0.0
86,113,141,0.0
86,113,142,-0.0
86,113,143,-0.0
86,113,144,-0.0
86,113,145,-0.0
86,113,146,-0.0
86,113,147,-0.0
86,113,148,0.0
86,113,149,-0.0
86,113,150,-0.0
86,113,151,-0.0
86,113,152,0.0
86,113,153,-0.0
86,113,154,0.0
86,113,155,-0.0
86,113,156,-0.0
86,113,157,-0.0
86,113,158,-0.0
86,113,159,0.0
86,113,160,-0.0
86,113,161,-0.0
86,113,162,0.0
86,113,163,-0.0
86,113,164,-0.0
86,113,165,-0.0
86,113,166,0.0
86,113,167,-0.0
86,113,168,-0.0
86,113,169,-0.0
86,113,170,0.0
86,113,171,-0.0
86,113,172,-0.0
86,113,173,-0.0
86,113,174,-0.0
86,113,175,-0.0
86,113,176,0.0
86,113,177,0.0
86,113,178,-0.0
86,113,179,-0.0
86,113,180,-0.0
86,113,181,-0.0
86,113,182,-0.0
86,113,183,-0.0
86,113,184,-0.0
86,113,185,-0.0
86,113,186,-0.0
86,113,187,-0.0
86,113,188,-0.0
86,113,189,-0.0
86,113,190,-0.0
86,113,191,-0.0
86,113,192,-0.0
86,113,193,-0.0
86,113,194,-0.0
86,113,195,-0.0
86,113,196,-0.0
86,113,197,-0.0
86,113,198,0.0
86,113,199,-0.0
86,113,200,-0.0
86,113,201,-0.0
86,113,202,-0.0
86,113,203,-0.0
86,113,204,-0.0
86,113,205,-0.0
86,113,206,-0.0
86,113,207,-0.0
86,113,208,-0.0
86,113,209,-0.0
86,113,210,-0.0
86,113,211,-0.0
86,113,212,-0.0
86,113,213,-0.0
86,113,214,-0.0
86,113,215,-0.0
86,113,216,-0.0
86,113,217,-0.0
86,113,218,-0.0
86,113,219,-0.0
86,113,220,-0.0
86,113,221,-0.0
86,113,222,-0.0
86,113,223,-0.0
86,113,224,-0.0
86,113,225,-0.0
86,113,226,-0.0
86,113,227,-0.0
86,113,228,-0.0
86,113,229,-0.0
86,113,230,-0.0
86,113,231,-0.0
86,113,232,-0.0
86,113,233,0.0
86,113,234,-0.0
86,113,235,-0.0
86,113,236,-0.0
86,113,237,-0.0
86,113,238,-0.0
86,113,239,-0.0
86,113,240,-0.0
86,113,241,-0.0
86,113,242,-0.0
86,113,243,-0.0
86,113,244,-0.0
86,113,245,-0.0
86,113,246,-0.0
86,113,247,-0.0
86,113,248,-0.0
86,113,249,-0.0
86,113,250,-0.0
86,113,251,-0.0
86,113,252,0.0
86,113,253,-0.0
86,113,254,-0.0
86,113,255,-0.0
86,113,256,-0.0
86,113,257,-0.0
86,113,258,-0.0
86,113,259,-0.0
86,113,260,-0.0
86,113,261,-0.0
86,113,262,-0.0
86,113,263,-0.0
86,113,264,-0.0
86,113,265,-0.0
86,113,266,-0.0
86,113,267,-0.0
86,113,268,-0.0
86,113,269,-0.0
86,113,270,-0.0
86,113,271,-0.0
86,113,272,-0.0
86,113,273,-0.0
86,113,274,-0.0
86,113,275,-0.0
86,113,276,-0.0
86,113,277,0.0
86,113,278,0.0
86,113,279,-0.0
86,113,280,-0.0
86,113,281,-0.0
86,113,282,0.0
86,113,283,-0.0
86,113,284,-0.0
86,113,285,-0.0
86,113,286,-0.0
86,113,287,-0.0
86,113,288,-0.0
86,113,289,-0.0
86,113,290,-0.0
86,113,291,-0.0
86,113,292,-0.0
86,113,293,-0.0
86,113,294,-0.0
86,113,295,-0.0
86,113,296,-0.0
86,113,297,-0.0
86,113,298,-0.0
86,113,299,-0.0
86,113,300,-0.0
86,113,301,-0.0
86,113,302,-0.0
86,113,303,-0.0
86,113,304,-0.0
86,113,305,-0.0
86,113,306,-0.0
86,113,307,-0.0
86,113,308,-0.0
86,113,309,-0.0
86,113,310,-0.0
86,113,311,-0.0
86,113,312,-0.0
86,113,313,-0.0
86,113,314,-0.0
86,113,315,0.0
86,113,316,-0.0
86,113,317,-0.0
86,113,318,-0.0
86,113,319,-0.0
86,113,320,-0.0
86,113,321,-0.0
86,113,322,-0.0
86,113,323,-0.0
86,113,324,-0.0
86,113,325,-0.0
86,113,326,-0.0
86,113,327,-0.0
86,113,328,-0.0
86,113,329,-0.0
86,113,330,-0.0
86,113,331,-0.0
86,113,332,-0.0
86,113,333,-0.0
86,113,334,-0.0
86,113,335,-0.0
86,113,336,-0.0
86,113,337,-0.0
86,113,338,0.0
86,113,339,-0.0
86,113,340,-0.0
86,113,341,-0.0
86,113,342,-0.0
86,113,343,-0.0
86,113,344,-0.0
86,113,345,-0.0
86,113,346,-0.0
86,113,347,-0.0
86,113,348,-0.0
86,113,349,-0.0
86,113,350,-0.0
86,113,351,-0.0
86,113,352,-0.0
86,113,353,-0.0
86,113,354,-0.0
86,113,355,0.0
86,113,356,0.0
86,113,357,-0.0
86,113,358,-0.0
86,113,359,-0.0
86,113,360,-0.0
98,87,0,0.0
98,87,1,0.0
98,87,2,0.0
98,87,3,0.0
98,87,4,0.0
98,87,5,-0.0
98,87,6,-0.0
98,87,7,-0.0
98,87,8,-0.0
98,87,9,-0.0
98,87,10,-0.0
98,87,11,-0.0
98,87,12,-0.0
98,87,13,-0.0
98,87,14,0.0
98,87,15,-0.0
98,87,16,-0.0
98,87,17,-0.0
98,87,18,-0.0
98,87,19,-0.0
98,87,20,-0.0
98,87,21,-0.0
98,87,22,-0.0
98,87,23,-0.0
98,87,24,-0.0
98,87,25,-0.0
98,87,26,-0.0
98,87,27,-0.0
98,87,28,-0.0
98,87,29,0.0
98,87,30,-0.0
98,87,31,-0.0
98,87,32,0.0
98,87,33,-0.0
98,87,34,-0.0
98,87,35,-0.0
98,87,36,-0.0
98,87,37,-0.0
98,87,38,-0.0
98,87,39,-0.0
98,87,40,-0.0
98,87,41,0.0
98,87,42,-0.0
98,87,43,-0.0
98,87,44,-0.0
98,87,45,-0.0
98,87,46,0.0
98,87,47,-0.0
98,87,48,-0.0
98,87,49,-0.0
98,87,50,-0.0
98,87,51,-0.0
98,87,52,-0.0
98,87,53,-0.0
98,87,54,0.0
98,87,55,-0.0
98,87,56,-0.0
98,87,57,-0.0
98,87,58,0.0
98,87,59,0.0
98,87,60,-0.0
98,87,61,-0.0
98,87,62,-0.0
98,87,63,-0.0
98,87,64,-0.0
98,87,65,-0.0
98,87,66,-0.0
98,87,67,-0.0
98,87,68,-0.0
98,87,69,-0.0
98,87,70,-0.0
98,87,71,-0.0
98,87,72,-0.0
98,87,73,-0.0
98,87,74,-0.0
98,87,75,-0.0
98,87,76,-0.0
98,87,77,-0.0
98,87,78,-0.0
98,87,79,-0.0
98,87,80,-0.0
98,87,81,0.0
98,87,82,-0.0
98,87,83,0.0
98,87,84,-0.0
98,87,85,-0.0
98,87,86,-0.0
98,87,87,-0.0
98,87,88,0.0
98,87,89,-0.0
98,87,90,-0.0
98,87,91,-0.0
98,87,92,-0.0
98,87,93,-0.0
98,87,94,0.0
98,87,95,-0.0
98,87,96,-0.0
98,87,97,-0.0
98,87,98,-0.0
98,87,99,-0.0
98,87,100,-0.0
98,87,101,0.0
98,87,102,-0.0
98,87,103,-0.0
98,87,104,-0.0
98,87,105,-0.0
98,87,106,-0.0
98,87,107,-0.0
98,87,108,0.0
98,87,109,-0.0
98,87,110,-0.0
98,87,111,-0.0
98,87,112,-0.0
98,87,113,-0.0
98,87,114,0.0
98,87,115,-0.0
98,87,116,-0.0
98,87,117,-0.0
98,87,118,-0.0
98,87,119,0.0
98,87,120,-0.0
98,87,121,-0.0
98,87,122,-0.0
98,87,123,-0.0
98,87,124,-0.0
98,87,125,-0.0
98,87,126,-0.0
98,87,127,-0.0
98,87,128,-0.0
98,87,129,-0.0
98,87,130,-0.0
98,87,131,-0.0
98,87,132,-0.0
98,87,133,-0.0
98,87,134,-0.0
98,87,135,-0.0
98,87,136,-0.0
98,87,137,-0.0
98,87,138,-0.0
98,87,139,-0.0
98,87,140,-0.0
98,87,141,-0.0
98,87,142,-0.0
98,87,143,-0.0
98,87,144,-0.0
98,87,145,-0.0
98,87,146,-0.0
98,87,147,-0.0
98,87,148,-0.0
98,87,149,0.0
98,87,150,-0.0
98,87,151,-0.0
98,87,152,-0.0
98,87,153,-0.0
98,87,154,-0.0
98,87,155,-0.0
98,87,156,-0.0
98,87,157,-0.0
98,87,158,-0.0
98,87,159,-0.0
98,87,160,-0.0
98,87,161,-0.0
98,87,162,-0.0
98,87,163,-0.0
98,87,164,-0.0
98,87,165,0.0
98,87,166,-0.0
98,87,167,-0.0
98,87,168,-0.0
98,87,169,-0.0
98,87,170,-0.0
98,87,171,0.0
98,87,172,-0.0
98,87,173,-0.0
98,87,174,-0.0
98,87,175,-0.0
98,87,176,-0.0
98,87,177,-0.0
98,87,178,-0.0
98,87,179,-0.0
98,87,180,-0.0
98,87,181,-0.0
98,87,182,-0.0
98,87,183,-0.0
98,87,184,-0.0
98,87,185,-0.0
98,87,186,-0.0
98,87,187,-0.0
98,87,188,-0.0
98,87,189,-0.0
98,87,190,-0.0
98,87,191,-0.0
98,87,192,-0.0
98,87,193,-0.0
98,87,194,-0.0
98,87,195,-0.0
98,87,196,-0.0
98,87,197,-0.0
98,87,198,-0.0
98,87,199,-0.0
98,87,200,-0.0
98,87,201,-0.0
98,87,202,-0.0
98,87,203,-0.0
98,87,204,-0.0
98,87,205,-0.0
98,87,206,-0.0
98,87,207,-0.0
98,87,208,-0.0
98,87,209,-0.0
98,87,210,-0.0
98,87,211,-0.0
98,87,212,-0.0
98,87,213,-0.0
98,87,214,-0.0
98,87,215,-0.0
98,87,216,-0.0
98,87,217,-0.0
98,87,218,-0.0
98,87,219,-0.0
98,87,220,-0.0
98,87,221,-0.0
98,87,222,-0.0
98,87,223,-0.0
98,87,224,-0.0
98,87,225,-0.0
98,87,226,-0.0
98,87,227,-0.0
98,87,228,0.0
98,87,229,-0.0
98,87,230,-0.0
98,87,231,-0.0
98,87,232,-0.0
98,87,233,-0.0
98,87,234,-0.0
98,87,235,-0.0
98,87,236,-0.0
98,87,237,-0.0
98,87,238,0.0
98,87,239,-0.0
98,87,240,-0.0
98,87,241,-0.0
98,87,242,-0.0
98,87,243,-0.0
98,87,244,-0.0
98,87,245,-0.0
98,87,246,-0.0
98,87,247,-0.0
98,87,248,-0.0
98,87,249,-0.0
98,87,250,-0.0
98,87,251,0.0
98,87,252,-0.0
98,87,253,-0.0
98,87,254,-0.0
98,87,255,-0.0
98,87,256,-0.0
98,87,257,-0.0
98,87,258,-0.0
98,87,259,-0.0
98,87,260,-0.0
98,87,261,-0.0
98,87,262,0.0
98,87,263,-0.0
98,87,264,-0.0
98,87,265,-0.0
98,87,266,-0.0
98,87,267,0.0
98,87,268,-0.0
98,87,269,-0.0
98,87,270,-0.0
98,87,271,-0.0
98,87,272,-0.0
98,87,273,-0.0
98,87,274,-0.0
98,87,275,-0.0
98,87,276,-0.0
98,87,277,0.0
98,87,278,-0.0
98,87,279,-0.0
98,87,280,-0.0
98,87,281,-0.0
98,87,282,0.0
98,87,283,-0.0
98,87,284,-0.0
98,87,285,-0.0
98,87,286,-0.0
98,87,287,-0.0
98,87,288,-0.0
98,87,289,-0.0
98,87,290,-0.0
98,87,291,-0.0
98,87,292,-0.0
98,87,293,-0.0
98,87,294,-0.0
98,87,295,-0.0
98,87,296,-0.0
98,87,297,-0.0
98,87,298,-0.0
98,87,299,-0.0
98,87,300,-0.0
98,87,301,-0.0
98,87,302,0.0
98,87,303,-0.0
98,87,304,-0.0
98,87,305,-0.0
98,87,306,-0.0
98,87,307,-0.0
98,87,308,-0.0
98,87,309,-0.0
98,87,310,-0.0
98,87,311,-0.0
98,87,312,-0.0
98,87,313,-0.0
98,87,314,-0.0
98,87,315,-0.0
98,87,316,-0.0
98,87,317,-0.0
98,87,318,-0.0
98,87,319,-0.0
98,87,320,-0.0
98,87,321,-0.0
98,87,322,-0.0
98,87,323,-0.0
98,87,324,-0.0
98,87,325,-0.0
98,87,326,-0.0
98,87,327,-0.0
98,87,328,-0.0
98,87,329,-0.0
98,87,330,-0.0
98,87,331,-0.0
98,87,332,-0.0
98,87,333,-0.0
98,87,334,-0.0
98,87,335,-0.0
98,87,336,-0.0
98,87,337,0.0
98,87,338,-0.0
98,87,339,-0.0
98,87,340,-0.0
98,87,341,-0.0
98,87,342,-0.0
98,87,343,-0.0
98,87,344,0.0
98,87,345,-0.0
98,87,346,-0.0
98,87,347,0.0
98,87,348,-0.0
98,87,349,-0.0
98,87,350,-0.0
98,87,351,-0.0
98,87,352,0.0
98,87,353,-0.0
98,87,354,-0.0
98,87,355,-0.0
98,87,356,-0.0
98,87,357,-0.0
98,87,358,-0.0
98,87,359,0.0
98,87,360,-0.0
105,102,0,0.0
105,102,1,6.0
105,102,2,0.0
105,102,3,0.0
105,102,4,5.0
105,102,5,6.0
105,102,6,0.0
105,102,7,6.0
105,102,8,6.0
105,102,9,6.0
105,102,10,6.0
105,102,11,6.0
105,102,12,6.0
105,102,13,6.0
105,102,14,6.0
105,102,15,6.0
105,102,16,1.0
105,102,17,0.0
105,102,18,6.0
105,102,19,6.0
105,102,20,6.0
105,102,21,0.0
105,102,22,0.0
105,102,23,6.0
105,102,24,5.0
105,102,25,0.0
105,102,26,0.0
105,102,27,0.0
105,102,28,6.0
105,102,29,6.0
105,102,30,6.0
105,102,31,6.0
105,102,32,0.0
105,102,33,0.0
105,102,34,6.0
105,102,35,0.0
105,102,36,0.0
105,102,37,1.0
105,102,38,6.0
105,102,39,6.0
105,102,40,6.0
105,102,41,6.0
105,102,42,0.0
105,102,43,6.0
105,102,44,6.0
105,102,45,6.0
105,102,46,6.0
105,102,47,6.0
105,102,48,6.0
105,102,49,0.0
105,102,50,0.0
105,102,51,6.0
105,102,52,6.0
105,102,53,6.0
105,102,54,6.0
105,102,55,0.0
105,102,56,0.0
105,102,57,6.0
105,102,58,0.0
105,102,59,0.0
105,102,60,6.0
105,102,61,0.0
105,102,62,6.0
105,102,63,6.0
105,102,64,6.0
105,102,65,0.0
105,102,66,0.0
105,102,67,6.0
105,102,68,0.0
105,102,69,6.0
105,102,70,0.0
105,102,71,6.0
105,102,72,6.0
105,102,73,3.0
105,102,74,2.0
105,102,75,0.0
105,102,76,6.0
105,102,77,5.0
105,102,78,6.0
105,102,79,6.0
105,102,80,6.0
105,102,81,6.0
105,102,82,6.0
105,102,83,6.0
105,102,84,0.0
105,102,85,6.0
105,102,86,6.0
105,102,87,6.0
105,102,88,6.0
105,102,89,5.0
105,102,90,0.0
105,102,91,6.0
105,102,92,0.0
105,102,93,6.0
105,102,94,5.0
105,102,95,6.0
105,102,96,6.0
105,102,97,0.0
105,102,98,0.0
105,102,99,6.0
105,102,100,0.0
105,102,101,6.0
105,102,102,6.0
105,102,103,0.0
105,102,104,6.0
105,102,105,0.0
105,102,106,6.0
105,102,107,6.0
105,102,108,6.0
105,102,109,6.0
105,102,110,6.0
105,102,111,6.0
105,102,112,0.0
105,102,113,6.0
105,102,114,0.0
105,102,115,0.0
105,102,116,5.0
105,102,117,0.0
105,102,118,4.0
105,102,119,1.0
105,102,120,6.0
105,102,121,6.0
105,102,122,6.0
105,102,123,6.0
105,102,124,0.0
105,102,125,0.0
105,102,126,0.0
105,102,127,1.0
105,102,128,0.0
105,102,129,6.0
105,102,130,0.0
105,102,131,6.0
105,102,132,6.0
105,102,133,6.0
105,102,134,0.0
105,102,135,6.0
105,102,136,6.0
105,102,137,6.0
105,102,138,6.0
105,102,139,6.0
105,102,140,6.0
105,102,141,6.0
105,102,142,0.0
105,102,143,0.0
105,102,144,0.0
105,102,145,6.0
105,102,146,6.0
105,102,147,6.0
105,102,148,0.0
105,102,149,0.0
105,102,150,0.0
105,102,151,6.0
105,102,152,6.0
105,102,153,6.0
105,102,154,0.0
105,102,155,5.0
105,102,156,5.0
105,102,157,6.0
105,102,158,6.0
105,102,159,5.0
105,102,160,4.0
105,102,161,6.0
105,102,162,6.0
105,102,163,6.0
105,102,164,6.0
105,102,165,0.0
105,102,166,0.0
105,102,167,6.0
105,102,168,0.0
105,102,169,0.0
105,102,170,0.0
105,102,171,6.0
105,102,172,6.0
105,102,173,5.0
105,102,174,6.0
105,102,175,6.0
105,102,176,5.0
105,102,177,6.0
105,102,178,3.0
105,102,179,6.0
105,102,180,0.0
105,102,181,6.0
105,102,182,6.0
105,102,183,0.0
105,102,184,6.0
105,102,185,6.0
105,102,186,6.0
105,102,187,6.0
105,102,188,6.0
105,102,189,6.0
105,102,190,6.0
105,102,191,6.0
105,102,192,6.0
105,102,193,6.0
105,102,194,6.0
105,102,195,6.0
105,102,196,6.0
105,102,197,0.0
105,102,198,6.0
105,102,199,6.0
105,102,200,0.0
105,102,201,6.0
105,102,202,6.0
105,102,203,6.0
105,102,204,6.0
105,102,205,6.0
105,102,206,6.0
105,102,207,6.0
105,102,208,6.0
105,102,209,6.0
105,102,210,6.0
105,102,211,6.0
105,102,212,0.0
105,102,213,6.0
105,102,214,6.0
105,102,215,6.0
105,102,216,6.0
105,102,217,6.0
105,102,218,6.0
105,102,219,6.0
105,102,220,6.0
105,102,221,6.0
105,102,222,6.0
105,102,223,5.0
105,102,224,6.0
105,102,225,6.0
105,102,226,6.0
105,102,227,6.0
105,102,228,6.0
105,102,229,6.0
105,102,230,6.0
105,102,231,6.0
105,102,232,5.0
105,102,233,6.0
105,102,234,6.0
105,102,235,6.0
105,102,236,5.0
105,102,237,6.0
105,102,238,6.0
105,102,239,6.0
105,102,240,5.0
105,102,241,6.0
105,102,242,6.0
105,102,243,5.0
105,102,244,6.0
105,102,245,6.0
105,102,246,6.0
105,102,247,0.0
105,102,248,6.0
105,102,249,6.0
105,102,250,5.0
105,102,251,6.0
105,102,252,6.0
105,102,253,0.0
105,102,254,6.0
105,102,255,0.0
105,102,256,0.0
105,102,257,6.0
105,102,258,0.0
105,102,259,6.0
105,102,260,0.0
105,102,261,5.0
105,102,262,6.0
105,102,263,6.0
105,102,264,6.0
105,102,265,6.0
105,102,266,6.0
105,102,267,0.0
105,102,268,6.0
105,102,269,6.0
105,102,270,5.0
105,102,271,6.0
105,102,272,6.0
105,102,273,0.0
105,102,274,6.0
105,102,275,6.0
105,102,276,0.0
105,102,277,0.0
105,102,278,6.0
105,102,279,0.0
105,102,280,0.0
105,102,281,6.0
105,102,282,0.0
105,102,283,5.0
105,102,284,0.0
105,102,285,6.0
105,102,286,0.0
105,102,287,1.0
105,102,288,0.0
105,102,289,6.0
105,102,290,6.0
105,102,291,6.0
105,102,292,6.0
105,102,293,5.0
105,102,294,6.0
105,102,295,0.0
105,102,296,6.0
105,102,297,4.0
105,102,298,6.0
105,102,299,6.0
105,102,300,6.0
105,102,301,6.0
105,102,302,5.0
105,102,303,6.0
105,102,304,0.0
105,102,305,0.0
105,102,306,0.0
105,102,307,0.0
105,102,308,6.0
105,102,309,6.0
105,102,310,6.0
105,102,311,6.0
105,102,312,6.0
105,102,313,6.0
105,102,314,6.0
105,102,315,0.0
105,102,316,0.0
105,102,317,0.0
105,102,318,0.0
105,102,319,6.0
105,102,320,6.0
105,102,321,6.0
105,102,322,0.0
105,102,323,6.0
105,102,324,0.0
105,102,325,5.0
105,102,326,0.0
105,102,327,6.0
105,102,328,0.0
105,102,329,6.0
105,102,330,6.0
105,102,331,0.0
105,102,332,6.0
105,102,333,6.0
105,102,334,6.0
105,102,335,6.0
105,102,336,0.0
105,102,337,6.0
105,102,338,0.0
105,102,339,5.0
105,102,340,6.0
105,102,341,6.0
105,102,342,6.0
105,102,343,6.0
105,102,344,6.0
105,102,345,6.0
105,102,346,5.0
105,102,347,0.0
105,102,348,6.0
105,102,349,6.0
105,102,350,6.0
105,102,351,0.0
105,102,352,6.0
105,102,353,6.0
105,102,354,6.0
105,102,355,6.0
105,102,356,6.0
105,102,357,0.0
105,102,358,-0.0
105,102,359,0.0
105,102,360,-0.0
42,43,0,0.0
42,43,1,0.0
42,43,2,0.0
42,43,3,0.0
42,43,4,0.0
42,43,5,0.0
42,43,6,0.0
42,43,7,11.0
42,43,8,0.0
42,43,9,11.0
42,43,10,0.0
42,43,11,0.0
42,43,12,0.0
42,43,13,0.0
42,43,14,0.0
42,43,15,0.0
42,43,16,0.0
42,43,17,0.0
42,43,18,11.0
42,43,19,0.0
42,43,20,0.0
42,43,21,0.0
42,43,22,0.0
42,43,23,0.0
42,43,24,0.0
42,43,25,0.0
42,43,26,0.0
42,43,27,0.0
42,43,28,0.0
42,43,29,0.0
42,43,30,0.0
42,43,31,0.0
42,43,32,0.0
42,43,33,0.0
42,43,34,0.0
42,43,35,0.0
42,43,36,0.0
42,43,37,0.0
42,43,38,0.0
42,43,39,0.0
42,43,40,0.0
42,43,41,0.0
42,43,42,0.0
42,43,43,0.0
42,43,44,0.0
42,43,45,0.0
42,43,46,0.0
42,43,47,0.0
42,43,48,0.0
42,43,49,0.0
42,43,50,0.0
42,43,51,0.0
42,43,52,0.0
42,43,53,0.0
42,43,54,0.0
42,43,55,0.0
42,43,56,0.0
42,43,57,0.0
42,43,58,0.0
42,43,59,0.0
42,43,60,0.0
42,43,61,6.0
42,43,62,11.0
42,43,63,0.0
42,43,64,-0.0
42,43,65,-0.0
42,43,66,-0.0
42,43,67,0.0
42,43,68,0.0
42,43,69,0.0
42,43,70,0.0
42,43,71,0.0
42,43,72,0.0
42,43,73,0.0
42,43,74,0.0
42,43,75,0.0
42,43,76,6.0
42,43,77,6.0
42,43,78,0.0
42,43,79,2.0
42,43,80,0.0
42,43,81,9.0
42,43,82,8.0
42,43,83,0.0
42,43,84,6.0
42,43,85,6.0
42,43,86,0.0
42,43,87,0.0
42,43,88,0.0
42,43,89,6.0
42,43,90,0.0
42,43,91,0.0
42,43,92,0.0
42,43,93,0.0
42,43,94,0.0
42,43,95,3.0
42,43,96,9.0
42,43,97,0.0
42,43,98,0.0
42,43,99,0.0
42,43,100,6.0
42,43,101,0.0
42,43,102,4.0
42,43,103,0.0
42,43,104,0.0
42,43,105,0.0
42,43,106,0.0
42,43,107,0.0
42,43,108,0.0
42,43,109,0.0
42,43,110,0.0
42,43,111,0.0
42,43,112,0.0
42,43,113,0.0
42,43,114,0.0
42,43,115,0.0
42,43,116,0.0
42,43,117,0.0
42,43,118,0.0
42,43,119,0.0
42,43,120,0.0
42,43,121,0.0
42,43,122,0.0
42,43,123,0.0
42,43,124,0.0
42,43,125,0.0
42,43,126,0.0
42,43,127,0.0
42,43,128,0.0
42,43,129,0.0
42,43,130,0.0
42,43,131,0.0
42,43,132,0.0
42,43,133,0.0
42,43,134,0.0
42,43,135,0.0
42,43,136,0.0
42,43,137,0.0
42,43,138,0.0
42,43,139,3.0
42,43,140,1.0
42,43,141,6.0
42,43,142,0.0
42,43,143,9.0
42,43,144,0.0
42,43,145,11.0
42,43,146,0.0
42,43,147,6.0
42,43,148,0.0
42,43,149,6.0
42,43,150,6.0
42,43,151,0.0
42,43,152,0.0
42,43,153,0.0
42,43,154,0.0
42,43,155,0.0
42,43,156,6.0
42,43,157,9.0
42,43,158,6.0
42,43,159,0.0
42,43,160,0.0
42,43,161,0.0
42,43,162,6.0
42,43,163,6.0
42,43,164,0.0
42,43,165,6.0
42,43,166,7.0
42,43,167,0.0
42,43,168,6.0
42,43,169,6.0
42,43,170,0.0
42,43,171,0.0
42,43,172,6.0
42,43,173,0.0
42,43,174,0.0
42,43,175,0.0
42,43,176,0.0
42,43,177,0.0
42,43,178,0.0
42,43,179,0.0
42,43,180,9.0
42,43,181,0.0
42,43,182,0.0
42,43,183,0.0
42,43,184,0.0
42,43,185,0.0
42,43,186,0.0
42,43,187,0.0
42,43,188,0.0
42,43,189,0.0
42,43,190,0.0
42,43,191,0.0
42,43,192,0.0
42,43,193,0.0
42,43,194,0.0
42,43,195,0.0
42,43,196,0.0
42,43,197,0.0
42,43,198,6.0
42,43,199,0.0
42,43,200,0.0
42,43,201,0.0
42,43,202,0.0
42,43,203,0.0
42,43,204,0.0
42,43,205,0.0
42,43,206,0.0
42,43,207,0.0
42,43,208,0.0
42,43,209,6.0
42,43,210,6.0
42,43,211,6.0
42,43,212,0.0
42,43,213,0.0
42,43,214,11.0
42,43,215,0.0
42,43,216,6.0
42,43,217,0.0
42,43,218,0.0
42,43,219,0.0
42,43,220,0.0
42,43,221,0.0
42,43,222,0.0
42,43,223,0.0
42,43,224,0.0
42,43,225,0.0
42,43,226,0.0
42,43,227,0.0
42,43,228,0.0
42,43,229,0.0
42,43,230,6.0
42,43,231,0.0
42,43,232,0.0
42,43,233,0.0
42,43,234,0.0
42,43,235,0.0
42,43,236,0.0
42,43,237,3.0
42,43,238,0.0
42,43,239,0.0
42,43,240,0.0
42,43,241,3.0
42,43,242,0.0
42,43,243,6.0
42,43,244,0.0
42,43,245,0.0
42,43,246,0.0
42,43,247,6.0
42,43,248,0.0
42,43,249,9.0
42,43,250,6.0
42,43,251,0.0
42,43,252,6.0
42,43,253,11.0
42,43,254,0.0
42,43,255,0.0
42,43,256,0.0
42,43,257,0.0
42,43,258,0.0
42,43,259,3.0
42,43,260,0.0
42,43,261,0.0
42,43,262,11.0
42,43,263,0.0
42,43,264,6.0
42,43,265,0.0
42,43,266,0.0
42,43,267,0.0
42,43,268,0.0
42,43,269,0.0
42,43,270,9.0
42,43,271,6.0
42,43,272,0.0
42,43,273,0.0
42,43,274,0.0
42,43,275,0.0
42,43,276,0.0
42,43,277,0.0
42,43,278,0.0
42,43,279,6.0
42,43,280,0.0
42,43,281,0.0
42,43,282,0.0
42,43,283,0.0
42,43,284,0.0
42,43,285,0.0
42,43,286,0.0
42,43,287,0.0
42,43,288,0.0
42,43,289,6.0
42,43,290,6.0
42,43,291,0.0
42,43,292,0.0
42,43,293,0.0
42,43,294,0.0
42,43,295,6.0
42,43,296,9.0
42,43,297,6.0
42,43,298,6.0
42,43,299,6.0
42,43,300,9.0
42,43,301,6.0
42,43,302,0.0
42,43,303,0.0
42,43,304,0.0
42,43,305,0.0
42,43,306,0.0
42,43,307,6.0
42,43,308,6.0
42,43,309,0.0
42,43,310,0.0
42,43,311,0.0
42,43,312,0.0
42,43,313,6.0
42,43,314,0.0
42,43,315,0.0
42,43,316,0.0
42,43,317,0.0
42,43,318,0.0
42,43,319,0.0
42,43,320,0.0
42,43,321,0.0
42,43,322,0.0
42,43,323,0.0
42,43,324,0.0
42,43,325,0.0
42,43,326,3.0
42,43,327,0.0
42,43,328,0.0
42,43,329,0.0
42,43,330,6.0
42,43,331,0.0
42,43,332,0.0
42,43,333,0.0
42,43,334,0.0
42,43,335,0.0
42,43,336,0.0
42,43,337,0.0
42,43,338,0.0
42,43,339,9.0
42,43,340,6.0
42,43,341,0.0
42,43,342,6.0
42,43,343,0.0
42,43,344,6.0
42,43,345,0.0
42,43,346,6.0
42,43,347,0.0
42,43,348,0.0
42,43,349,0.0
42,43,350,0.0
42,43,351,0.0
42,43,352,0.0
42,43,353,0.0
42,43,354,0.0
42,43,355,0.0
42,43,356,0.0
42,43,357,0.0
42,43,358,0.0
42,43,359,0.0
42,43,360,-0.0
35,101,0,0.0
35,101,1,0.0
35,101,2,0.0
35,101,3,0.0
35,101,4,-0.0
35,101,5,0.0
35,101,6,-0.0
35,101,7,0.0
35,101,8,-0.0
35,101,9,0.0
35,101,10,0.0
35,101,11,-0.0
35,101,12,0.0
35,101,13,-0.0
35,101,14,-0.0
35,101,15,-0.0
35,101,16,0.0
35,101,17,0.0
35,101,18,0.0
35,101,19,-0.0
35,101,20,0.0
35,101,21,-0.0
35,101,22,0.0
35,101,23,0.0
35,101,24,-0.0
35,101,25,0.0
35,101,26,-0.0
35,101,27,0.0
35,101,28,0.0
35,101,29,-0.0
35,101,30,-0.0
35,101,31,0.0
35,101,32,-0.0
35,101,33,-0.0
35,101,34,0.0
35,101,35,0.0
35,101,36,0.0
35,101,37,0.0
35,101,38,0.0
35,101,39,0.0
35,101,40,0.0
35,101,41,-0.0
35,101,42,-0.0
35,101,43,-0.0
35,101,44,0.0
35,101,45,0.0
35,101,46,-0.0
35,101,47,-0.0
35,101,48,0.0
35,101,49,0.0
35,101,50,-0.0
35,101,51,0.0
35,101,52,-0.0
35,101,53,0.0
35,101,54,-0.0
35,101,55,-0.0
35,101,56,-0.0
35,101,57,0.0
35,101,58,-0.0
35,101,59,-0.0
35,101,60,-0.0
35,101,61,0.0
35,101,62,0.0
35,101,63,0.0
35,101,64,0.0
35,101,65,0.0
35,101,66,0.0
35,101,67,0.0
35,101,68,0.0
35,101,69,-0.0
35,101,70,0.0
35,101,71,0.0
35,101,72,0.0
35,101,73,-0.0
35,101,74,0.0
35,101,75,0.0
35,101,76,-0.0
35,101,77,0.0
35,101,78,-0.0
35,101,79,0.0
35,101,80,0.0
35,101,81,-0.0
35,101,82,-0.0
35,101,83,-0.0
35,101,84,-0.0
35,101,85,0.0
35,101,86,0.0
35,101,87,0.0
35,101,88,-0.0
35,101,89,-0.0
35,101,90,0.0
35,101,91,0.0
35,101,92,0.0
35,101,93,-0.0
35,101,94,-0.0
35,101,95,0.0
35,101,96,-0.0
35,101,97,0.0
35,101,98,-0.0
35,101,99,-0.0
35,101,100,0.0
35,101,101,-0.0
35,101,102,-0.0
35,101,103,0.0
35,101,104,0.0
35,101,105,-0.0
35,101,106,0.0
35,101,107,0.0
35,101,108,-0.0
35,101,109,-0.0
35,101,110,0.0
35,101,111,0.0
35,101,112,0.0
35,101,113,-0.0
35,101,114,-0.0
35,101,115,0.0
35,101,116,0.0
35,101,117,-0.0
35,101,118,0.0
35,101,119,-0.0
35,101,120,-0.0
35,101,121,-0.0
35,101,122,0.0
35,101,123,0.0
35,101,124,0.0
35,101,125,0.0
35,101,126,-0.0
35,101,127,0.0
35,101,128,0.0
35,101,129,-0.0
35,101,130,-0.0
35,101,131,0.0
35,101,132,-0.0
35,101,133,-0.0
35,101,134,0.0
35,101,135,0.0
35,101,136,0.0
35,101,137,0.0
35,101,138,0.0
35,101,139,0.0
35,101,140,0.0
35,101,141,0.0
35,101,142,-0.0
35,101,143,0.0
35,101,144,0.0
35,101,145,0.0
35,101,146,-0.0
35,101,147,-0.0
35,101,148,0.0
35,101,149,-0.0
35,101,150,-0.0
35,101,151,0.0
35,101,152,0.0
35,101,153,-0.0
35,101,154,0.0
35,101,155,0.0
35,101,156,0.0
35,101,157,-0.0
35,101,158,0.0
35,101,159,0.0
35,101,160,0.0
35,101,161,0.0
35,101,162,0.0
35,101,163,0.0
35,101,164,0.0
35,101,165,-0.0
35,101,166,0.0
35,101,167,-0.0
35,101,168,0.0
35,101,169,0.0
35,101,170,0.0
35,101,171,-0.0
35,101,172,0.0
35,101,173,0.0
35,101,174,-0.0
35,101,175,0.0
35,101,176,-0.0
35,101,177,-0.0
35,101,178,0.0
35,101,179,0.0
35,101,180,0.0
35,101,181,0.0
35,101,182,0.0
35,101,183,0.0
35,101,184,-0.0
35,101,185,0.0
35,101,186,0.0
35,101,187,-0.0
35,101,188,0.0
35,101,189,0.0
35,101,190,0.0
35,101,191,0.0
35,101,192,0.0
35,101,193,-0.0
35,101,194,0.0
35,101,195,0.0
35,101,196,0.0
35,101,197,0.0
35,101,198,0.0
35,101,199,0.0
35,101,200,0.0
35,101,201,0.0
35,101,202,0.0
35,101,203,-0.0
35,101,204,0.0
35,101,205,0.0
35,101,206,0.0
35,101,207,0.0
35,101,208,-0.0
35,101,209,-0.0
35,101,210,0.0
35,101,211,0.0
35,101,212,0.0
35,101,213,0.0
35,101,214,-0.0
35,101,215,0.0
35,101,216,0.0
35,101,217,-0.0
35,101,218,-0.0
35,101,219,-0.0
35,101,220,0.0
35,101,221,0.0
35,101,222,-0.0
35,101,223,0.0
35,101,224,0.0
35,101,225,-0.0
35,101,226,0.0
35,101,227,-0.0
35,101,228,-0.0
35,101,229,0.0
35,101,230,-0.0
35,101,231,0.0
35,101,232,0.0
35,101,233,-0.0
35,101,234,0.0
35,101,235,-0.0
35,101,236,0.0
35,101,237,0.0
35,101,238,-0.0
35,101,239,-0.0
35,101,240,0.0
35,101,241,0.0
35,101,242,0.0
35,101,243,0.0
35,101,244,0.0
35,101,245,0.0
35,101,246,0.0
35,101,247,0.0
35,101,248,0.0
35,101,249,-0.0
35,101,250,0.0
35,101,251,-0.0
35,101,252,-0.0
35,101,253,0.0
35,101,254,0.0
35,101,255,0.0
35,101,256,-0.0
35,101,257,0.0
35,101,258,-0.0
35,101,259,0.0
35,101,260,0.0
35,101,261,0.0
35,101,262,-0.0
35,101,263,0.0
35,101,264,0.0
35,101,265,0.0
35,101,266,0.0
35,101,267,-0.0
35,101,268,-0.0
35,101,269,-0.0
35,101,270,0.0
35,101,271,0.0
35,101,272,0.0
35,101,273,0.0
35,101,274,0.0
35,101,275,-0.0
35,101,276,0.0
35,101,277,-0.0
35,101,278,-0.0
35,101,279,0.0
35,101,280,0.0
35,101,281,0.0
35,101,282,-0.0
35,101,283,-0.0
35,101,284,-0.0
35,101,285,0.0
35,101,286,0.0
35,101,287,-0.0
35,101,288,-0.0
35,101,289,-0.0
35,101,290,0.0
35,101,291,-0.0
35,101,292,0.0
35,101,293,0.0
35,101,294,0.0
35,101,295,-0.0
35,101,296,0.0
35,101,297,0.0
35,101,298,0.0
35,101,299,0.0
35,101,300,0.0
35,101,301,0.0
35,101,302,-0.0
35,101,303,-0.0
35,101,304,0.0
35,101,305,0.0
35,101,306,0.0
35,101,307,0.0
35,101,308,0.0
35,101,309,-0.0
35,101,310,0.0
35,101,311,-0.0
35,101,312,0.0
35,101,313,0.0
35,101,314,0.0
35,101,315,-0.0
35,101,316,0.0
35,101,317,-0.0
35,101,318,0.0
35,101,319,0.0
35,101,320,-0.0
35,101,321,0.0
35,101,322,-0.0
35,101,323,0.0
35,101,324,0.0
35,101,325,0.0
35,101,326,0.0
35,101,327,0.0
35,101,328,-0.0
35,101,329,0.0
35,101,330,-0.0
35,101,331,0.0
35,101,332,-0.0
35,101,333,0.0
35,101,334,0.0
35,101,335,-0.0
35,101,336,0.0
35,101,337,-0.0
35,101,338,-0.0
35,101,339,0.0
35,101,340,-0.0
35,101,341,0.0
35,101,342,-0.0
35,101,343,0.0
35,101,344,-0.0
35,101,345,-0.0
35,101,346,0.0
35,101,347,-0.0
35,101,348,-0.0
35,101,349,0.0
35,101,350,0.0
35,101,351,0.0
35,101,352,-0.0
35,101,353,-0.0
35,101,354,-0.0
35,101,355,0.0
35,101,356,-0.0
35,101,357,0.0
35,101,358,-0.0
35,101,359,-0.0
35,101,360,-0.0
77,76,0,0.0
77,76,1,0.0
77,76,2,0.0
77,76,3,0.0
77,76,4,0.0
77,76,5,0.0
77,76,6,0.0
77,76,7,0.0
77,76,8,0.0
77,76,9,0.0
77,76,10,0.0
77,76,11,0.0
77,76,12,0.0
77,76,13,-0.0
77,76,14,0.0
77,76,15,0.0
77,76,16,0.0
77,76,17,0.0
77,76,18,-0.0
77,76,19,0.0
77,76,20,0.0
77,76,21,0.0
77,76,22,-0.0
77,76,23,0.0
77,76,24,0.0
77,76,25,0.0
77,76,26,0.0
77,76,27,0.0
77,76,28,0.0
77,76,29,0.0
77,76,30,0.0
77,76,31,0.0
77,76,32,0.0
77,76,33,0.0
77,76,34,0.0
77,76,35,0.0
77,76,36,0.0
77,76,37,0.0
77,76,38,0.0
77,76,39,0.0
77,76,40,0.0
77,76,41,-0.0
77,76,42,0.0
77,76,43,0.0
77,76,44,0.0
77,76,45,0.0
77,76,46,0.0
77,76,47,0.0
77,76,48,0.0
77,76,49,0.0
77,76,50,0.0
77,76,51,0.0
77,76,52,0.0
77,76,53,0.0
77,76,54,0.0
77,76,55,0.0
77,76,56,0.0
77,76,57,0.0
77,76,58,0.0
77,76,59,0.0
77,76,60,0.0
77,76,61,0.0
77,76,62,-0.0
77,76,63,-0.0
77,76,64,-0.0
77,76,65,0.0
77,76,66,0.0
77,76,67,0.0
77,76,68,0.0
77,76,69,0.0
77,76,70,0.0
77,76,71,0.0
77,76,72,0.0
77,76,73,0.0
77,76,74,0.0
77,76,75,0.0
77,76,76,0.0
77,76,77,0.0
77,76,78,0.0
77,76,79,0.0
77,76,80,0.0
77,76,81,0.0
77,76,82,0.0
77,76,83,0.0
77,76,84,0.0
77,76,85,0.0
77,76,86,0.0
77,76,87,0.0
77,76,88,0.0
77,76,89,0.0
77,76,90,0.0
77,76,91,0.0
77,76,92,0.0
77,76,93,0.0
77,76,94,0.0
77,76,95,0.0
77,76,96,0.0
77,76,97,0.0
77,76,98,0.0
77,76,99,0.0
77,76,100,0.0
77,76,101,0.0
77,76,102,0.0
77,76,103,0.0
77,76,104,0.0
77,76,105,0.0
77,76,106,0.0
77,76,107,0.0
77,76,108,0.0
77,76,109,0.0
77,76,110,0.0
77,76,111,0.0
77,76,112,0.0
77,76,113,0.0
77,76,114,0.0
77,76,115,0.0
77,76,116,0.0
77,76,117,0.0
77,76,118,0.0
77,76,119,0.0
77,76,120,0.0
77,76,121,-0.0
77,76,122,0.0
77,76,123,0.0
77,76,124,0.0
77,76,125,0.0
77,76,126,0.0
77,76,127,0.0
77,76,128,0.0
77,76,129,0.0
77,76,130,0.0
77,76,131,-0.0
77,76,132,0.0
77,76,133,0.0
77,76,134,0.0
77,76,135,0.0
77,76,136,0.0
77,76,137,0.0
77,76,138,0.0
77,76,139,0.0
77,76,140,0.0
77,76,141,0.0
77,76,142,0.0
77,76,143,0.0
77,76,144,0.0
77,76,145,0.0
77,76,146,0.0
77,76,147,0.0
77,76,148,0.0
77,76,149,0.0
77,76,150,0.0
77,76,151,0.0
77,76,152,0.0
77,76,153,0.0
77,76,154,0.0
77,76,155,0.0
77,76,156,0.0
77,76,157,0.0
77,76,158,0.0
77,76,159,0.0
77,76,160,0.0
77,76,161,0.0
77,76,162,0.0
77,76,163,0.0
77,76,164,0.0
77,76,165,0.0
77,76,166,0.0
77,76,167,0.0
77,76,168,0.0
77,76,169,0.0
77,76,170,0.0
77,76,171,0.0
77,76,172,0.0
77,76,173,0.0
77,76,174,0.0
77,76,175,0.0
77,76,176,0.0
77,76,177,0.0
77,76,178,0.0
77,76,179,0.0
77,76,180,0.0
77,76,181,0.0
77,76,182,0.0
77,76,183,0.0
77,76,184,0.0
77,76,185,0.0
77,76,186,0.0
77,76,187,-0.0
77,76,188,-0.0
77,76,189,0.0
77,76,190,0.0
77,76,191,0.0
77,76,192,0.0
77,76,193,0.0
77,76,194,-0.0
77,76,195,0.0
77,76,196,0.0
77,76,197,0.0
77,76,198,0.0
77,76,199,0.0
77,76,200,0.0
77,76,201,-0.0
77,76,202,0.0
77,76,203,0.0
77,76,204,0.0
77,76,205,0.0
77,76,206,0.0
77,76,207,0.0
77,76,208,0.0
77,76,209,0.0
77,76,210,0.0
77,76,211,0.0
77,76,212,0.0
77,76,213,0.0
77,76,214,0.0
77,76,215,0.0
77,76,216,0.0
77,76,217,0.0
77,76,218,0.0
77,76,219,0.0
77,76,220,0.0
77,76,221,0.0
77,76,222,0.0
77,76,223,0.0
77,76,224,0.0
77,76,225,0.0
77,76,226,0.0
77,76,227,0.0
77,76,228,0.0
77,76,229,0.0
77,76,230,0.0
77,76,231,0.0
77,76,232,0.0
77,76,233,0.0
77,76,234,0.0
77,76,235,-0.0
77,76,236,0.0
77,76,237,0.0
77,76,238,0.0
77,76,239,0.0
77,76,240,0.0
77,76,241,0.0
77,76,242,0.0
77,76,243,0.0
77,76,244,0.0
77,76,245,0.0
77,76,246,0.0
77,76,247,0.0
77,76,248,0.0
77,76,249,0.0
77,76,250,0.0
77,76,251,0.0
77,76,252,-0.0
77,76,253,-0.0
77,76,254,0.0
77,76,255,0.0
77,76,256,0.0
77,76,257,0.0
77,76,258,0.0
77,76,259,0.0
77,76,260,0.0
77,76,261,0.0
77,76,262,0.0
77,76,263,0.0
77,76,264,0.0
77,76,265,0.0
77,76,266,0.0
77,76,267,0.0
77,76,268,0.0
77,76,269,-0.0
77,76,270,0.0
77,76,271,-0.0
77,76,272,0.0
77,76,273,-0.0
77,76,274,-0.0
77,76,275,0.0
77,76,276,0.0
77,76,277,0.0
77,76,278,0.0
77,76,279,0.0
77,76,280,0.0
77,76,281,0.0
77,76,282,0.0
77,76,283,0.0
77,76,284,0.0
77,76,285,0.0
77,76,286,0.0
77,76,287,0.0
77,76,288,0.0
77,76,289,0.0
77,76,290,0.0
77,76,291,0.0
77,76,292,0.0
77,76,293,0.0
77,76,294,0.0
77,76,295,0.0
77,76,296,0.0
77,76,297,0.0
77,76,298,0.0
77,76,299,0.0
77,76,300,0.0
77,76,301,-0.0
77,76,302,0.0
77,76,303,0.0
77,76,304,0.0
77,76,305,0.0
77,76,306,0.0
77,76,307,0.0
77,76,308,0.0
77,76,309,0.0
77,76,310,0.0
77,76,311,0.0
77,76,312,0.0
77,76,313,0.0
77,76,314,0.0
77,76,315,0.0
77,76,316,0.0
77,76,317,0.0
77,76,318,0.0
77,76,319,0.0
77,76,320,0.0
77,76,321,0.0
77,76,322,0.0
77,76,323,0.0
77,76,324,0.0
77,76,325,0.0
77,76,326,0.0
77,76,327,0.0
77,76,328,0.0
77,76,329,0.0
77,76,330,0.0
77,76,331,0.0
77,76,332,0.0
77,76,333,0.0
77,76,334,0.0
77,76,335,0.0
77,76,336,0.0
77,76,337,0.0
77,76,338,0.0
77,76,339,0.0
77,76,340,0.0
77,76,341,0.0
77,76,342,0.0
77,76,343,0.0
77,76,344,0.0
77,76,345,0.0
77,76,346,0.0
77,76,347,0.0
77,76,348,0.0
77,76,349,0.0
77,76,350,0.0
77,76,351,0.0
77,76,352,0.0
77,76,353,0.0
77,76,354,0.0
77,76,355,-0.0
77,76,356,0.0
77,76,357,0.0
77,76,358,0.0
77,76,359,-0.0
77,76,360,-0.0
48,49,0,0.0
48,49,1,0.0
48,49,2,3.0
48,49,3,0.0
48,49,4,0.0
48,49,5,0.0
48,49,6,0.0
48,49,7,0.0
48,49,8,0.0
48,49,9,0.0
48,49,10,0.0
48,49,11,0.0
48,49,12,5.0
48,49,13,0.0
48,49,14,0.0
48,49,15,0.0
48,49,16,0.0
48,49,17,0.0
48,49,18,6.0
48,49,19,5.0
48,49,20,0.0
48,49,21,0.0
48,49,22,0.0
48,49,23,0.0
48,49,24,6.0
48,49,25,0.0
48,49,26,0.0
48,49,27,0.0
48,49,28,5.0
48,49,29,0.0
48,49,30,2.0
48,49,31,5.0
48,49,32,0.0
48,49,33,2.0
48,49,34,0.0
48,49,35,0.0
48,49,36,0.0
48,49,37,0.0
48,49,38,0.0
48,49,39,0.0
48,49,40,5.0
48,49,41,0.0
48,49,42,0.0
48,49,43,2.0
48,49,44,0.0
48,49,45,0.0
48,49,46,0.0
48,49,47,0.0
48,49,48,-0.0
48,49,49,0.0
48,49,50,0.0
48,49,51,5.0
48,49,52,0.0
48,49,53,5.0
48,49,54,5.0
48,49,55,0.0
48,49,56,0.0
48,49,57,0.0
48,49,58,0.0
48,49,59,0.0
48,49,60,0.0
48,49,61,1.0
48,49,62,6.0
48,49,63,0.0
48,49,64,0.0
48,49,65,0.0
48,49,66,0.0
48,49,67,0.0
48,49,68,0.0
48,49,69,0.0
48,49,70,0.0
48,49,71,6.0
48,49,72,0.0
48,49,73,0.0
48,49,74,0.0
48,49,75,0.0
48,49,76,0.0
48,49,77,0.0
48,49,78,0.0
48,49,79,6.0
48,49,80,5.0
48,49,81,1.0
48,49,82,0.0
48,49,83,6.0
48,49,84,5.0
48,49,85,6.0
48,49,86,0.0
48,49,87,4.0
48,49,88,0.0
48,49,89,0.0
48,49,90,0.0
48,49,91,0.0
48,49,92,5.0
48,49,93,6.0
48,49,94,0.0
48,49,95,0.0
48,49,96,0.0
48,49,97,0.0
48,49,98,0.0
48,49,99,0.0
48,49,100,6.0
48,49,101,0.0
48,49,102,0.0
48,49,103,0.0
48,49,104,5.0
48,49,105,1.0
48,49,106,0.0
48,49,107,6.0
48,49,108,0.0
48,49,109,6.0
48,49,110,0.0
48,49,111,0.0
48,49,112,0.0
48,49,113,5.0
48,49,114,6.0
48,49,115,2.0
48,49,116,6.0
48,49,117,0.0
48,49,118,-0.0
48,49,119,0.0
48,49,120,6.0
48,49,121,0.0
48,49,122,0.0
48,49,123,5.0
48,49,124,-0.0
48,49,125,0.0
48,49,126,0.0
48,49,127,0.0
48,49,128,0.0
48,49,129,6.0
48,49,130,6.0
48,49,131,0.0
48,49,132,0.0
48,49,133,0.0
48,49,134,0.0
48,49,135,0.0
48,49,136,0.0
48,49,137,0.0
48,49,138,0.0
48,49,139,0.0
48,49,140,0.0
48,49,141,0.0
48,49,142,0.0
48,49,143,0.0
48,49,144,0.0
48,49,145,0.0
48,49,146,0.0
48,49,147,0.0
48,49,148,2.0
48,49,149,5.0
48,49,150,5.0
48,49,151,0.0
48,49,152,0.0
48,49,153,4.0
48,49,154,0.0
48,49,155,0.0
48,49,156,0.0
48,49,157,0.0
48,49,158,0.0
48,49,159,0.0
48,49,160,0.0
48,49,161,0.0
48,49,162,6.0
48,49,163,0.0
48,49,164,0.0
48,49,165,1.0
48,49,166,0.0
48,49,167,-0.0
48,49,168,3.0
48,49,169,0.0
48,49,170,0.0
48,49,171,0.0
48,49,172,0.0
48,49,173,0.0
48,49,174,0.0
48,49,175,0.0
48,49,176,6.0
48,49,177,2.0
48,49,178,1.0
48,49,179,0.0
48,49,180,0.0
48,49,181,0.0
48,49,182,0.0
48,49,183,0.0
48,49,184,0.0
48,49,185,5.0
48,49,186,0.0
48,49,187,0.0
48,49,188,6.0
48,49,189,6.0
48,49,190,0.0
48,49,191,0.0
48,49,192,0.0
48,49,193,0.0
48,49,194,-0.0
48,49,195,6.0
48,49,196,3.0
48,49,197,0.0
48,49,198,0.0
48,49,199,0.0
48,49,200,0.0
48,49,201,0.0
48,49,202,5.0
48,49,203,5.0
48,49,204,0.0
48,49,205,0.0
48,49,206,0.0
48,49,207,0.0
48,49,208,5.0
48,49,209,3.0
48,49,210,0.0
48,49,211,0.0
48,49,212,0.0
48,49,213,0.0
48,49,214,0.0
48,49,215,0.0
48,49,216,5.0
48,49,217,5.0
48,49,218,0.0
48,49,219,0.0
48,49,220,0.0
48,49,221,0.0
48,49,222,0.0
48,49,223,0.0
48,49,224,0.0
48,49,225,0.0
48,49,226,0.0
48,49,227,0.0
48,49,228,0.0
48,49,229,0.0
48,49,230,0.0
48,49,231,0.0
48,49,232,0.0
48,49,233,0.0
48,49,234,0.0
48,49,235,0.0
48,49,236,6.0
48,49,237,0.0
48,49,238,0.0
48,49,239,0.0
48,49,240,5.0
48,49,241,6.0
48,49,242,0.0
48,49,243,0.0
48,49,244,0.0
48,49,245,0.0
48,49,246,0.0
48,49,247,0.0
48,49,248,1.0
48,49,249,0.0
48,49,250,3.0
48,49,251,0.0
48,49,252,0.0
48,49,253,0.0
48,49,254,0.0
48,49,255,0.0
48,49,256,0.0
48,49,257,0.0
48,49,258,6.0
48,49,259,0.0
48,49,260,0.0
48,49,261,6.0
48,49,262,5.0
48,49,263,0.0
48,49,264,0.0
48,49,265,6.0
48,49,266,5.0
48,49,267,6.0
48,49,268,5.0
48,49,269,0.0
48,49,270,0.0
48,49,271,6.0
48,49,272,5.0
48,49,273,0.0
48,49,274,0.0
48,49,275,0.0
48,49,276,0.0
48,49,277,0.0
48,49,278,6.0
48,49,279,6.0
48,49,280,0.0
48,49,281,0.0
48,49,282,0.0
48,49,283,0.0
48,49,284,0.0
48,49,285,0.0
48,49,286,-0.0
48,49,287,0.0
48,49,288,0.0
48,49,289,0.0
48,49,290,0.0
48,49,291,0.0
48,49,292,0.0
48,49,293,0.0
48,49,294,0.0
48,49,295,0.0
48,49,296,0.0
48,49,297,0.0
48,49,298,5.0
48,49,299,5.0
48,49,300,2.0
48,49,301,5.0
48,49,302,5.0
48,49,303,0.0
48,49,304,0.0
48,49,305,5.0
48,49,306,-0.0
48,49,307,0.0
48,49,308,2.0
48,49,309,5.0
48,49,310,0.0
48,49,311,0.0
48,49,312,0.0
48,49,313,0.0
48,49,314,0.0
48,49,315,-0.0
48,49,316,6.0
48,49,317,6.0
48,49,318,0.0
48,49,319,6.0
48,49,320,0.0
48,49,321,0.0
48,49,322,0.0
48,49,323,0.0
48,49,324,0.0
48,49,325,0.0
48,49,326,6.0
48,49,327,0.0
48,49,328,2.0
48,49,329,2.0
48,49,330,0.0
48,49,331,2.0
48,49,332,0.0
48,49,333,0.0
48,49,334,0.0
48,49,335,-0.0
48,49,336,0.0
48,49,337,0.0
48,49,338,0.0
48,49,339,0.0
48,49,340,6.0
48,49,341,0.0
48,49,342,6.0
48,49,343,2.0
48,49,344,5.0
48,49,345,0.0
48,49,346,0.0
48,49,347,5.0
48,49,348,2.0
48,49,349,0.0
48,49,350,5.0
48,49,351,2.0
48,49,352,5.0
48,49,353,0.0
48,49,354,5.0
48,49,355,2.0
48,49,356,2.0
48,49,357,0.0
48,49,358,0.0
48,49,359,-0.0
48,49,360,-0.0
103,104,0,0.0
103,104,1,0.0
103,104,2,0.0
103,104,3,0.0
103,104,4,0.0
103,104,5,0.0
103,104,6,0.0
103,104,7,0.0
103,104,8,0.0
103,104,9,0.0
103,104,10,0.0
103,104,11,0.0
103,104,12,0.0
103,104,13,0.0
103,104,14,0.0
103,104,15,0.0
103,104,16,0.0
103,104,17,0.0
103,104,18,0.0
103,104,19,0.0
103,104,20,0.0
103,104,21,0.0
103,104,22,0.0
103,104,23,0.0
103,104,24,0.0
103,104,25,0.0
103,104,26,0.0
103,104,27,0.0
103,104,28,0.0
103,104,29,0.0
103,104,30,0.0
103,104,31,0.0
103,104,32,0.0
103,104,33,0.0
103,104,34,0.0
103,104,35,-0.0
103,104,36,0.0
103,104,37,0.0
103,104,38,0.0
103,104,39,0.0
103,104,40,0.0
103,104,41,0.0
103,104,42,0.0
103,104,43,0.0
103,104,44,0.0
103,104,45,0.0
103,104,46,0.0
103,104,47,0.0
103,104,48,0.0
103,104,49,0.0
103,104,50,0.0
103,104,51,0.0
103,104,52,0.0
103,104,53,0.0
103,104,54,0.0
103,104,55,0.0
103,104,56,0.0
103,104,57,0.0
103,104,58,0.0
103,104,59,0.0
103,104,60,0.0
103,104,61,0.0
103,104,62,0.0
103,104,63,0.0
103,104,64,0.0
103,104,65,0.0
103,104,66,0.0
103,104,67,0.0
103,104,68,0.0
103,104,69,0.0
103,104,70,0.0
103,104,71,0.0
103,104,72,0.0
103,104,73,0.0
103,104,74,0.0
103,104,75,0.0
103,104,76,0.0
103,104,77,0.0
103,104,78,0.0
103,104,79,0.0
103,104,80,0.0
103,104,81,0.0
103,104,82,0.0
103,104,83,0.0
103,104,84,0.0
103,104,85,0.0
103,104,86,0.0
103,104,87,0.0
103,104,88,0.0
103,104,89,0.0
103,104,90,0.0
103,104,91,0.0
103,104,92,0.0
103,104,93,0.0
103,104,94,0.0
103,104,95,0.0
103,104,96,0.0
103,104,97,0.0
103,104,98,0.0
103,104,99,0.0
103,104,100,0.0
103,104,101,0.0
103,104,102,0.0
103,104,103,0.0
103,104,104,0.0
103,104,105,0.0
103,104,106,0.0
103,104,107,0.0
103,104,108,0.0
103,104,109,0.0
103,104,110,0.0
103,104,111,0.0
103,104,112,0.0
103,104,113,0.0
103,104,114,0.0
103,104,115,0.0
103,104,116,0.0
103,104,117,0.0
103,104,118,0.0
103,104,119,0.0
103,104,120,0.0
103,104,121,0.0
103,104,122,0.0
103,104,123,0.0
103,104,124,0.0
103,104,125,0.0
103,104,126,0.0
103,104,127,0.0
103,104,128,0.0
103,104,129,0.0
103,104,130,0.0
103,104,131,0.0
103,104,132,0.0
103,104,133,0.0
103,104,134,0.0
103,104,135,0.0
103,104,136,0.0
103,104,137,0.0
103,104,138,0.0
103,104,139,0.0
103,104,140,0.0
103,104,141,0.0
103,104,142,0.0
103,104,143,0.0
103,104,144,0.0
103,104,145,0.0
103,104,146,0.0
103,104,147,0.0
103,104,148,0.0
103,104,149,0.0
103,104,150,0.0
103,104,151,0.0
103,104,152,0.0
103,104,153,0.0
103,104,154,0.0
103,104,155,0.0
103,104,156,0.0
103,104,157,0.0
103,104,158,0.0
103,104,159,0.0
103,104,160,0.0
103,104,161,0.0
103,104,162,0.0
103,104,163,0.0
103,104,164,0.0
103,104,165,0.0
103,104,166,0.0
103,104,167,0.0
103,104,168,0.0
103,104,169,0.0
103,104,170,0.0
103,104,171,0.0
103,104,172,0.0
103,104,173,0.0
103,104,174,0.0
103,104,175,0.0
103,104,176,0.0
103,104,177,0.0
103,104,178,0.0
103,104,179,0.0
103,104,180,0.0
103,104,181,0.0
103,104,182,0.0
103,104,183,0.0
103,104,184,-0.0
103,104,185,0.0
103,104,186,0.0
103,104,187,0.0
103,104,188,0.0
103,104,189,0.0
103,104,190,0.0
103,104,191,0.0
103,104,192,0.0
103,104,193,0.0
103,104,194,0.0
103,104,195,0.0
103,104,196,0.0
103,104,197,0.0
103,104,198,0.0
103,104,199,-0.0
103,104,200,0.0
103,104,201,0.0
103,104,202,0.0
103,104,203,0.0
103,104,204,-0.0
103,104,205,0.0
103,104,206,0.0
103,104,207,0.0
103,104,208,0.0
103,104,209,0.0
103,104,210,0.0
103,104,211,0.0
103,104,212,0.0
103,104,213,0.0
103,104,214,0.0
103,104,215,0.0
103,104,216,0.0
103,104,217,0.0
103,104,218,0.0
103,104,219,0.0
103,104,220,0.0
103,104,221,0.0
103,104,222,0.0
103,104,223,0.0
103,104,224,0.0
103,104,225,0.0
103,104,226,0.0
103,104,227,0.0
103,104,228,0.0
103,104,229,0.0
103,104,230,0.0
103,104,231,0.0
103,104,232,0.0
103,104,233,0.0
103,104,234,0.0
103,104,235,0.0
103,104,236,0.0
103,104,237,0.0
103,104,238,0.0
103,104,239,0.0
103,104,240,0.0
103,104,241,0.0
103,104,242,0.0
103,104,243,0.0
103,104,244,0.0
103,104,245,0.0
103,104,246,0.0
103,104,247,0.0
103,104,248,0.0
103,104,249,0.0
103,104,250,0.0
103,104,251,0.0
103,104,252,0.0
103,104,253,0.0
103,104,254,0.0
103,104,255,0.0
103,104,256,0.0
103,104,257,0.0
103,104,258,0.0
103,104,259,0.0
103,104,260,0.0
103,104,261,0.0
103,104,262,0.0
103,104,263,0.0
103,104,264,0.0
103,104,265,0.0
103,104,266,0.0
103,104,267,0.0
103,104,268,0.0
103,104,269,0.0
103,104,270,0.0
103,104,271,0.0
103,104,272,0.0
103,104,273,0.0
103,104,274,0.0
103,104,275,0.0
103,104,276,0.0
103,104,277,0.0
103,104,278,0.0
103,104,279,0.0
103,104,280,0.0
103,104,281,0.0
103,104,282,0.0
103,104,283,0.0
103,104,284,0.0
103,104,285,0.0
103,104,286,-0.0
103,104,287,0.0
103,104,288,-0.0
103,104,289,0.0
103,104,290,0.0
103,104,291,0.0
103,104,292,0.0
103,104,293,0.0
103,104,294,0.0
103,104,295,0.0
103,104,296,0.0
103,104,297,0.0
103,104,298,0.0
103,104,299,0.0
103,104,300,0.0
103,104,301,0.0
103,104,302,0.0
103,104,303,0.0
103,104,304,0.0
103,104,305,0.0
103,104,306,0.0
103,104,307,0.0
103,104,308,0.0
103,104,309,0.0
103,104,310,0.0
103,104,311,0.0
103,104,312,0.0
103,104,313,0.0
103,104,314,0.0
103,104,315,0.0
103,104,316,0.0
103,104,317,0.0
103,104,318,0.0
103,104,319,0.0
103,104,320,0.0
103,104,321,0.0
103,104,322,0.0
103,104,323,0.0
103,104,324,0.0
103,104,325,0.0
103,104,326,0.0
103,104,327,0.0
103,104,328,0.0
103,104,329,0.0
103,104,330,0.0
103,104,331,0.0
103,104,332,0.0
103,104,333,0.0
103,104,334,0.0
103,104,335,0.0
103,104,336,0.0
103,104,337,0.0
103,104,338,0.0
103,104,339,0.0
103,104,340,0.0
103,104,341,0.0
103,104,342,0.0
103,104,343,0.0
103,104,344,0.0
103,104,345,0.0
103,104,346,0.0
103,104,347,0.0
103,104,348,0.0
103,104,349,0.0
103,104,350,0.0
103,104,351,0.0
103,104,352,0.0
103,104,353,0.0
103,104,354,0.0
103,104,355,0.0
103,104,356,0.0
103,104,357,0.0
103,104,358,0.0
103,104,359,-0.0
103,104,360,-0.0
80,81,0,0.0
80,81,1,0.0
80,81,2,0.0
80,81,3,0.0
80,81,4,0.0
80,81,5,0.0
80,81,6,0.0
80,81,7,0.0
80,81,8,0.0
80,81,9,0.0
80,81,10,0.0
80,81,11,0.0
80,81,12,0.0
80,81,13,0.0
80,81,14,0.0
80,81,15,0.0
80,81,16,0.0
80,81,17,0.0
80,81,18,0.0
80,81,19,0.0
80,81,20,0.0
80,81,21,0.0
80,81,22,0.0
80,81,23,0.0
80,81,24,0.0
80,81,25,0.0
80,81,26,0.0
80,81,27,0.0
80,81,28,0.0
80,81,29,0.0
80,81,30,0.0
80,81,31,0.0
80,81,32,0.0
80,81,33,0.0
80,81,34,0.0
80,81,35,0.0
80,81,36,0.0
80,81,37,0.0
80,81,38,0.0
80,81,39,0.0
80,81,40,0.0
80,81,41,0.0
80,81,42,0.0
80,81,43,0.0
80,81,44,0.0
80,81,45,0.0
80,81,46,0.0
80,81,47,0.0
80,81,48,0.0
80,81,49,0.0
80,81,50,0.0
80,81,51,0.0
80,81,52,0.0
80,81,53,0.0
80,81,54,0.0
80,81,55,0.0
80,81,56,0.0
80,81,57,0.0
80,81,58,0.0
80,81,59,0.0
80,81,60,0.0
80,81,61,0.0
80,81,62,0.0
80,81,63,0.0
80,81,64,0.0
80,81,65,0.0
80,81,66,0.0
80,81,67,0.0
80,81,68,0.0
80,81,69,0.0
80,81,70,0.0
80,81,71,0.0
80,81,72,0.0
80,81,73,-0.0
80,81,74,-0.0
80,81,75,0.0
80,81,76,0.0
80,81,77,0.0
80,81,78,0.0
80,81,79,0.0
80,81,80,0.0
80,81,81,0.0
80,81,82,0.0
80,81,83,0.0
80,81,84,-0.0
80,81,85,0.0
80,81,86,0.0
80,81,87,0.0
80,81,88,0.0
80,81,89,0.0
80,81,90,0.0
80,81,91,0.0
80,81,92,0.0
80,81,93,0.0
80,81,94,0.0
80,81,95,0.0
80,81,96,0.0
80,81,97,0.0
80,81,98,0.0
80,81,99,-0.0
80,81,100,0.0
80,81,101,-0.0
80,81,102,0.0
80,81,103,0.0
80,81,104,0.0
80,81,105,0.0
80,81,106,0.0
80,81,107,-0.0
80,81,108,0.0
80,81,109,0.0
80,81,110,0.0
80,81,111,0.0
80,81,112,0.0
80,81,113,0.0
80,81,114,0.0
80,81,115,0.0
80,81,116,0.0
80,81,117,0.0
80,81,118,0.0
80,81,119,0.0
80,81,120,0.0
80,81,121,0.0
80,81,122,-0.0
80,81,123,-0.0
80,81,124,0.0
80,81,125,0.0
80,81,126,0.0
80,81,127,0.0
80,81,128,0.0
80,81,129,-0.0
80,81,130,0.0
80,81,131,-0.0
80,81,132,0.0
80,81,133,0.0
80,81,134,0.0
80,81,135,0.0
80,81,136,0.0
80,81,137,-0.0
80,81,138,-0.0
80,81,139,0.0
80,81,140,0.0
80,81,141,0.0
80,81,142,0.0
80,81,143,0.0
80,81,144,0.0
80,81,145,-0.0
80,81,146,-0.0
80,81,147,0.0
80,81,148,0.0
80,81,149,0.0
80,81,150,-0.0
80,81,151,0.0
80,81,152,0.0
80,81,153,-0.0
80,81,154,0.0
80,81,155,0.0
80,81,156,0.0
80,81,157,0.0
80,81,158,0.0
80,81,159,0.0
80,81,160,0.0
80,81,161,0.0
80,81,162,0.0
80,81,163,0.0
80,81,164,0.0
80,81,165,0.0
80,81,166,0.0
80,81,167,0.0
80,81,168,0.0
80,81,169,0.0
80,81,170,0.0
80,81,171,0.0
80,81,172,-0.0
80,81,173,0.0
80,81,174,0.0
80,81,175,0.0
80,81,176,0.0
80,81,177,0.0
80,81,178,0.0
80,81,179,0.0
80,81,180,-0.0
80,81,181,0.0
80,81,182,0.0
80,81,183,0.0
80,81,184,0.0
80,81,185,-0.0
80,81,186,-0.0
80,81,187,0.0
80,81,188,0.0
80,81,189,0.0
80,81,190,0.0
80,81,191,0.0
80,81,192,0.0
80,81,193,0.0
80,81,194,0.0
80,81,195,0.0
80,81,196,0.0
80,81,197,0.0
80,81,198,0.0
80,81,199,0.0
80,81,200,0.0
80,81,201,0.0
80,81,202,0.0
80,81,203,-0.0
80,81,204,-0.0
80,81,205,-0.0
80,81,206,0.0
80,81,207,0.0
80,81,208,0.0
80,81,209,0.0
80,81,210,0.0
80,81,211,0.0
80,81,212,0.0
80,81,213,-0.0
80,81,214,0.0
80,81,215,-0.0
80,81,216,-0.0
80,81,217,0.0
80,81,218,0.0
80,81,219,0.0
80,81,220,0.0
80,81,221,0.0
80,81,222,0.0
80,81,223,0.0
80,81,224,-0.0
80,81,225,0.0
80,81,226,0.0
80,81,227,0.0
80,81,228,0.0
80,81,229,0.0
80,81,230,0.0
80,81,231,0.0
80,81,232,0.0
80,81,233,0.0
80,81,234,0.0
80,81,235,0.0
80,81,236,0.0
80,81,237,0.0
80,81,238,0.0
80,81,239,0.0
80,81,240,0.0
80,81,241,0.0
80,81,242,0.0
80,81,243,0.0
80,81,244,-0.0
80,81,245,0.0
80,81,246,0.0
80,81,247,0.0
80,81,248,0.0
80,81,249,0.0
80,81,250,0.0
80,81,251,0.0
80,81,252,0.0
80,81,253,0.0
80,81,254,0.0
80,81,255,0.0
80,81,256,0.0
80,81,257,-0.0
80,81,258,-0.0
80,81,259,0.0
80,81,260,0.0
80,81,261,-0.0
80,81,262,0.0
80,81,263,-0.0
80,81,264,-0.0
80,81,265,0.0
80,81,266,0.0
80,81,267,-0.0
80,81,268,-0.0
80,81,269,-0.0
80,81,270,-0.0
80,81,271,0.0
80,81,272,-0.0
80,81,273,-0.0
80,81,274,0.0
80,81,275,0.0
80,81,276,-0.0
80,81,277,0.0
80,81,278,0.0
80,81,279,-0.0
80,81,280,0.0
80,81,281,-0.0
80,81,282,0.0
80,81,283,0.0
80,81,284,0.0
80,81,285,0.0
80,81,286,0.0
80,81,287,0.0
80,81,288,0.0
80,81,289,-0.0
80,81,290,-0.0
80,81,291,0.0
80,81,292,0.0
80,81,293,0.0
80,81,294,0.0
80,81,295,0.0
80,81,296,0.0
80,81,297,0.0
80,81,298,0.0
80,81,299,0.0
80,81,300,0.0
80,81,301,0.0
80,81,302,0.0
80,81,303,0.0
80,81,304,0.0
80,81,305,0.0
80,81,306,0.0
80,81,307,0.0
80,81,308,0.0
80,81,309,-0.0
80,81,310,0.0
80,81,311,0.0
80,81,312,-0.0
80,81,313,0.0
80,81,314,0.0
80,81,315,-0.0
80,81,316,0.0
80,81,317,0.0
80,81,318,0.0
80,81,319,0.0
80,81,320,0.0
80,81,321,0.0
80,81,322,0.0
80,81,323,0.0
80,81,324,0.0
80,81,325,0.0
80,81,326,0.0
80,81,327,0.0
80,81,328,-0.0
80,81,329,-0.0
80,81,330,-0.0
80,81,331,0.0
80,81,332,0.0
80,81,333,0.0
80,81,334,0.0
80,81,335,0.0
80,81,336,0.0
80,81,337,0.0
80,81,338,0.0
80,81,339,0.0
80,81,340,-0.0
80,81,341,0.0
80,81,342,0.0
80,81,343,0.0
80,81,344,0.0
80,81,345,0.0
80,81,346,0.0
80,81,347,0.0
80,81,348,0.0
80,81,349,0.0
80,81,350,0.0
80,81,351,0.0
80,81,352,-0.0
80,81,353,0.0
80,81,354,-0.0
80,81,355,0.0
80,81,356,0.0
80,81,357,0.0
80,81,358,0.0
80,81,359,0.0
80,81,360,-0.0
85,77,0,0.0
85,77,1,0.0
85,77,2,0.0
85,77,3,0.0
85,77,4,0.0
85,77,5,0.0
85,77,6,-0.0
85,77,7,-0.0
85,77,8,-0.0
85,77,9,-0.0
85,77,10,-0.0
85,77,11,-0.0
85,77,12,-0.0
85,77,13,-0.0
85,77,14,-0.0
85,77,15,-0.0
85,77,16,-0.0
85,77,17,-0.0
85,77,18,-0.0
85,77,19,-0.0
85,77,20,-0.0
85,77,21,-0.0
85,77,22,-0.0
85,77,23,-0.0
85,77,24,-0.0
85,77,25,-0.0
85,77,26,-0.0
85,77,27,-0.0
85,77,28,-0.0
85,77,29,0.0
85,77,30,-0.0
85,77,31,-0.0
85,77,32,-0.0
85,77,33,0.0
85,77,34,-0.0
85,77,35,0.0
85,77,36,-0.0
85,77,37,-0.0
85,77,38,-0.0
85,77,39,-0.0
85,77,40,-0.0
85,77,41,-0.0
85,77,42,-0.0
85,77,43,-0.0
85,77,44,-0.0
85,77,45,-0.0
85,77,46,-0.0
85,77,47,-0.0
85,77,48,0.0
85,77,49,-0.0
85,77,50,-0.0
85,77,51,-0.0
85,77,52,-0.0
85,77,53,-0.0
85,77,54,-0.0
85,77,55,-0.0
85,77,56,-0.0
85,77,57,-0.0
85,77,58,-0.0
85,77,59,-0.0
85,77,60,-0.0
85,77,61,-0.0
85,77,62,-0.0
85,77,63,-0.0
85,77,64,-0.0
85,77,65,0.0
85,77,66,-0.0
85,77,67,-0.0
85,77,68,-0.0
85,77,69,-0.0
85,77,70,-0.0
85,77,71,-0.0
85,77,72,-0.0
85,77,73,-0.0
85,77,74,-0.0
85,77,75,-0.0
85,77,76,-0.0
85,77,77,-0.0
85,77,78,-0.0
85,77,79,-0.0
85,77,80,-0.0
85,77,81,-0.0
85,77,82,-0.0
85,77,83,-0.0
85,77,84,-0.0
85,77,85,-0.0
85,77,86,-0.0
85,77,87,-0.0
85,77,88,-0.0
85,77,89,-0.0
85,77,90,-0.0
85,77,91,-0.0
85,77,92,-0.0
85,77,93,-0.0
85,77,94,-0.0
85,77,95,-0.0
85,77,96,-0.0
85,77,97,-0.0
85,77,98,-0.0
85,77,99,-0.0
85,77,100,-0.0
85,77,101,-0.0
85,77,102,-0.0
85,77,103,0.0
85,77,104,-0.0
85,77,105,-0.0
85,77,106,-0.0
85,77,107,-0.0
85,77,108,-0.0
85,77,109,-0.0
85,77,110,-0.0
85,77,111,-0.0
85,77,112,-0.0
85,77,113,-0.0
85,77,114,-0.0
85,77,115,-0.0
85,77,116,-0.0
85,77,117,-0.0
85,77,118,-0.0
85,77,119,-0.0
85,77,120,0.0
85,77,121,0.0
85,77,122,-0.0
85,77,123,-0.0
85,77,124,-0.0
85,77,125,-0.0
85,77,126,-0.0
85,77,127,-0.0
85,77,128,-0.0
85,77,129,-0.0
85,77,130,-0.0
85,77,131,-0.0
85,77,132,0.0
85,77,133,0.0
85,77,134,-0.0
85,77,135,-0.0
85,77,136,-0.0
85,77,137,-0.0
85,77,138,-0.0
85,77,139,-0.0
85,77,140,-0.0
85,77,141,-0.0
85,77,142,-0.0
85,77,143,-0.0
85,77,144,-0.0
85,77,145,-0.0
85,77,146,-0.0
85,77,147,-0.0
85,77,148,-0.0
85,77,149,-0.0
85,77,150,-0.0
85,77,151,-0.0
85,77,152,-0.0
85,77,153,-0.0
85,77,154,-0.0
85,77,155,-0.0
85,77,156,-0.0
85,77,157,-0.0
85,77,158,-0.0
85,77,159,-0.0
85,77,160,-0.0
85,77,161,-0.0
85,77,162,-0.0
85,77,163,-0.0
85,77,164,-0.0
85,77,165,-0.0
85,77,166,-0.0
85,77,167,-0.0
85,77,168,-0.0
85,77,169,-0.0
85,77,170,-0.0
85,77,171,-0.0
85,77,172,-0.0
85,77,173,-0.0
85,77,174,-0.0
85,77,175,-0.0
85,77,176,-0.0
85,77,177,-0.0
85,77,178,-0.0
85,77,179,-0.0
85,77,180,-0.0
85,77,181,-0.0
85,77,182,-0.0
85,77,183,-0.0
85,77,184,-0.0
85,77,185,-0.0
85,77,186,-0.0
85,77,187,-0.0
85,77,188,0.0
85,77,189,-0.0
85,77,190,-0.0
85,77,191,0.0
85,77,192,-0.0
85,77,193,-0.0
85,77,194,-0.0
85,77,195,-0.0
85,77,196,-0.0
85,77,197,-0.0
85,77,198,-0.0
85,77,199,-0.0
85,77,200,-0.0
85,77,201,-0.0
85,77,202,-0.0
85,77,203,-0.0
85,77,204,-0.0
85,77,205,-0.0
85,77,206,-0.0
85,77,207,-0.0
85,77,208,-0.0
85,77,209,-0.0
85,77,210,-0.0
85,77,211,-0.0
85,77,212,-0.0
85,77,213,0.0
85,77,214,-0.0
85,77,215,-0.0
85,77,216,-0.0
85,77,217,-0.0
85,77,218,-0.0
85,77,219,-0.0
85,77,220,-0.0
85,77,221,-0.0
85,77,222,-0.0
85,77,223,-0.0
85,77,224,-0.0
85,77,225,-0.0
85,77,226,-0.0
85,77,227,-0.0
85,77,228,-0.0
85,77,229,0.0
85,77,230,-0.0
85,77,231,-0.0
85,77,232,-0.0
85,77,233,-0.0
85,77,234,-0.0
85,77,235,0.0
85,77,236,-0.0
85,77,237,-0.0
85,77,238,-0.0
85,77,239,-0.0
85,77,240,-0.0
85,77,241,-0.0
85,77,242,-0.0
85,77,243,-0.0
85,77,244,-0.0
85,77,245,-0.0
85,77,246,-0.0
85,77,247,-0.0
85,77,248,-0.0
85,77,249,-0.0
85,77,250,-0.0
85,77,251,-0.0
85,77,252,-0.0
85,77,253,0.0
85,77,254,-0.0
85,77,255,-0.0
85,77,256,-0.0
85,77,257,-0.0
85,77,258,-0.0
85,77,259,-0.0
85,77,260,-0.0
85,77,261,-0.0
85,77,262,-0.0
85,77,263,-0.0
85,77,264,-0.0
85,77,265,-0.0
85,77,266,0.0
85,77,267,-0.0
85,77,268,-0.0
85,77,269,-0.0
85,77,270,-0.0
85,77,271,-0.0
85,77,272,-0.0
85,77,273,-0.0
85,77,274,0.0
85,77,275,-0.0
85,77,276,-0.0
85,77,277,-0.0
85,77,278,-0.0
85,77,279,-0.0
85,77,280,-0.0
85,77,281,-0.0
85,77,282,-0.0
85,77,283,-0.0
85,77,284,0.0
85,77,285,0.0
85,77,286,-0.0
85,77,287,-0.0
85,77,288,-0.0
85,77,289,-0.0
85,77,290,-0.0
85,77,291,-0.0
85,77,292,-0.0
85,77,293,-0.0
85,77,294,-0.0
85,77,295,-0.0
85,77,296,-0.0
85,77,297,0.0
85,77,298,-0.0
85,77,299,-0.0
85,77,300,-0.0
85,77,301,-0.0
85,77,302,-0.0
85,77,303,-0.0
85,77,304,-0.0
85,77,305,-0.0
85,77,306,-0.0
85,77,307,-0.0
85,77,308,-0.0
85,77,309,-0.0
85,77,310,-0.0
85,77,311,-0.0
85,77,312,0.0
85,77,313,-0.0
85,77,314,-0.0
85,77,315,-0.0
85,77,316,-0.0
85,77,317,-0.0
85,77,318,-0.0
85,77,319,-0.0
85,77,320,-0.0
85,77,321,0.0
85,77,322,-0.0
85,77,323,-0.0
85,77,324,-0.0
85,77,325,0.0
85,77,326,-0.0
85,77,327,-0.0
85,77,328,-0.0
85,77,329,-0.0
85,77,330,-0.0
85,77,331,-0.0
85,77,332,-0.0
85,77,333,-0.0
85,77,334,-0.0
85,77,335,-0.0
85,77,336,-0.0
85,77,337,-0.0
85,77,338,-0.0
85,77,339,-0.0
85,77,340,-0.0
85,77,341,-0.0
85,77,342,0.0
85,77,343,0.0
85,77,344,-0.0
85,77,345,0.0
85,77,346,0.0
85,77,347,-0.0
85,77,348,-0.0
85,77,349,-0.0
85,77,350,-0.0
85,77,351,-0.0
85,77,352,0.0
85,77,353,-0.0
85,77,354,-0.0
85,77,355,-0.0
85,77,356,-0.0
85,77,357,-0.0
85,77,358,-0.0
85,77,359,-0.0
85,77,360,-0.0
1,19,0,0.0
1,19,1,6.0
1,19,2,6.0
1,19,3,1.0
1,19,4,0.0
1,19,5,-0.0
1,19,6,6.0
1,19,7,1.0
1,19,8,-0.0
1,19,9,6.0
1,19,10,6.0
1,19,11,6.0
1,19,12,6.0
1,19,13,1.0
1,19,14,0.0
1,19,15,6.0
1,19,16,0.0
1,19,17,1.0
1,19,18,6.0
1,19,19,-0.0
1,19,20,1.0
1,19,21,5.0
1,19,22,-0.0
1,19,23,6.0
1,19,24,0.0
1,19,25,-0.0
1,19,26,6.0
1,19,27,6.0
1,19,28,-0.0
1,19,29,1.0
1,19,30,4.0
1,19,31,-0.0
1,19,32,1.0
1,19,33,6.0
1,19,34,4.0
1,19,35,6.0
1,19,36,-0.0
1,19,37,6.0
1,19,38,3.0
1,19,39,0.0
1,19,40,6.0
1,19,41,1.0
1,19,42,6.0
1,19,43,0.0
1,19,44,4.0
1,19,45,-0.0
1,19,46,6.0
1,19,47,0.0
1,19,48,-0.0
1,19,49,6.0
1,19,50,-0.0
1,19,51,6.0
1,19,52,1.0
1,19,53,6.0
1,19,54,1.0
1,19,55,1.0
1,19,56,6.0
1,19,57,1.0
1,19,58,6.0
1,19,59,-0.0
1,19,60,6.0
1,19,61,6.0
1,19,62,-0.0
1,19,63,0.0
1,19,64,-0.0
1,19,65,6.0
1,19,66,6.0
1,19,67,-0.0
1,19,68,0.0
1,19,69,6.0
1,19,70,6.0
1,19,71,0.0
1,19,72,0.0
1,19,73,6.0
1,19,74,-0.0
1,19,75,6.0
1,19,76,-0.0
1,19,77,-0.0
1,19,78,-0.0
1,19,79,6.0
1,19,80,0.0
1,19,81,1.0
1,19,82,5.0
1,19,83,-0.0
1,19,84,-0.0
1,19,85,1.0
1,19,86,-0.0
1,19,87,-0.0
1,19,88,-0.0
1,19,89,6.0
1,19,90,-0.0
1,19,91,-0.0
1,19,92,-0.0
1,19,93,1.0
1,19,94,-0.0
1,19,95,-0.0
1,19,96,6.0
1,19,97,6.0
1,19,98,6.0
1,19,99,6.0
1,19,100,6.0
1,19,101,-0.0
1,19,102,-0.0
1,19,103,-0.0
1,19,104,6.0
1,19,105,-0.0
1,19,106,5.0
1,19,107,0.0
1,19,108,-0.0
1,19,109,0.0
1,19,110,-0.0
1,19,111,6.0
1,19,112,-0.0
1,19,113,-0.0
1,19,114,-0.0
1,19,115,-0.0
1,19,116,-0.0
1,19,117,0.0
1,19,118,0.0
1,19,119,-0.0
1,19,120,6.0
1,19,121,-0.0
1,19,122,6.0
1,19,123,6.0
1,19,124,-0.0
1,19,125,2.0
1,19,126,-0.0
1,19,127,6.0
1,19,128,6.0
1,19,129,-0.0
1,19,130,-0.0
1,19,131,-0.0
1,19,132,6.0
1,19,133,-0.0
1,19,134,-0.0
1,19,135,0.0
1,19,136,0.0
1,19,137,0.0
1,19,138,-0.0
1,19,139,2.0
1,19,140,1.0
1,19,141,6.0
1,19,142,-0.0
1,19,143,0.0
1,19,144,-0.0
1,19,145,-0.0
1,19,146,-0.0
1,19,147,6.0
1,19,148,3.0
1,19,149,1.0
1,19,150,-0.0
1,19,151,1.0
1,19,152,-0.0
1,19,153,6.0
1,19,154,0.0
1,19,155,6.0
1,19,156,6.0
1,19,157,-0.0
1,19,158,6.0
1,19,159,-0.0
1,19,160,6.0
1,19,161,6.0
1,19,162,6.0
1,19,163,-0.0
1,19,164,0.0
1,19,165,6.0
1,19,166,5.0
1,19,167,6.0
1,19,168,3.0
1,19,169,0.0
1,19,170,0.0
1,19,171,6.0
1,19,172,6.0
1,19,173,6.0
1,19,174,-0.0
1,19,175,-0.0
1,19,176,6.0
1,19,177,-0.0
1,19,178,-0.0
1,19,179,-0.0
1,19,180,6.0
1,19,181,6.0
1,19,182,0.0
1,19,183,6.0
1,19,184,-0.0
1,19,185,6.0
1,19,186,1.0
1,19,187,0.0
1,19,188,0.0
1,19,189,-0.0
1,19,190,-0.0
1,19,191,0.0
1,19,192,6.0
1,19,193,-0.0
1,19,194,6.0
1,19,195,-0.0
1,19,196,-0.0
1,19,197,0.0
1,19,198,0.0
1,19,199,-0.0
1,19,200,-0.0
1,19,201,-0.0
1,19,202,6.0
1,19,203,1.0
1,19,204,1.0
1,19,205,2.0
1,19,206,-0.0
1,19,207,-0.0
1,19,208,6.0
1,19,209,1.0
1,19,210,-0.0
1,19,211,-0.0
1,19,212,3.0
1,19,213,-0.0
1,19,214,6.0
1,19,215,0.0
1,19,216,6.0
1,19,217,-0.0
1,19,218,1.0
1,19,219,0.0
1,19,220,6.0
1,19,221,6.0
1,19,222,-0.0
1,19,223,2.0
1,19,224,6.0
1,19,225,6.0
1,19,226,6.0
1,19,227,0.0
1,19,228,2.0
1,19,229,6.0
1,19,230,6.0
1,19,231,6.0
1,19,232,-0.0
1,19,233,-0.0
1,19,234,6.0
1,19,235,0.0
1,19,236,-0.0
1,19,237,-0.0
1,19,238,6.0
1,19,239,-0.0
1,19,240,-0.0
1,19,241,-0.0
1,19,242,-0.0
1,19,243,6.0
1,19,244,-0.0
1,19,245,6.0
1,19,246,6.0
1,19,247,0.0
1,19,248,0.0
1,19,249,5.0
1,19,250,0.0
1,19,251,0.0
1,19,252,-0.0
1,19,253,6.0
1,19,254,-0.0
1,19,255,6.0
1,19,256,6.0
1,19,257,-0.0
1,19,258,0.0
1,19,259,0.0
1,19,260,6.0
1,19,261,0.0
1,19,262,-0.0
1,19,263,-0.0
1,19,264,-0.0
1,19,265,-0.0
1,19,266,-0.0
1,19,267,1.0
1,19,268,-0.0
1,19,269,1.0
1,19,270,6.0
1,19,271,-0.0
1,19,272,0.0
1,19,273,1.0
1,19,274,-0.0
1,19,275,-0.0
1,19,276,6.0
1,19,277,0.0
1,19,278,-0.0
1,19,279,0.0
1,19,280,0.0
1,19,281,6.0
1,19,282,6.0
1,19,283,-0.0
1,19,284,6.0
1,19,285,6.0
1,19,286,6.0
1,19,287,-0.0
1,19,288,-0.0
1,19,289,0.0
1,19,290,-0.0
1,19,291,-0.0
1,19,292,6.0
1,19,293,-0.0
1,19,294,-0.0
1,19,295,-0.0
1,19,296,6.0
1,19,297,-0.0
1,19,298,6.0
1,19,299,1.0
1,19,300,-0.0
1,19,301,0.0
1,19,302,1.0
1,19,303,1.0
1,19,304,6.0
1,19,305,6.0
1,19,306,1.0
1,19,307,0.0
1,19,308,6.0
1,19,309,-0.0
1,19,310,-0.0
1,19,311,-0.0
1,19,312,0.0
1,19,313,0.0
1,19,314,-0.0
1,19,315,6.0
1,19,316,-0.0
1,19,317,-0.0
1,19,318,-0.0
1,19,319,-0.0
1,19,320,-0.0
1,19,321,6.0
1,19,322,-0.0
1,19,323,4.0
1,19,324,6.0
1,19,325,-0.0
1,19,326,-0.0
1,19,327,0.0
1,19,328,6.0
1,19,329,4.0
1,19,330,-0.0
1,19,331,6.0
1,19,332,-0.0
1,19,333,-0.0
1,19,334,-0.0
1,19,335,6.0
1,19,336,-0.0
1,19,337,-0.0
1,19,338,6.0
1,19,339,0.0
1,19,340,-0.0
1,19,341,0.0
1,19,342,5.0
1,19,343,-0.0
1,19,344,-0.0
1,19,345,1.0
1,19,346,6.0
1,19,347,4.0
1,19,348,-0.0
1,19,349,0.0
1,19,350,2.0
1,19,351,-0.0
1,19,352,-0.0
1,19,353,1.0
1,19,354,1.0
1,19,355,1.0
1,19,356,-0.0
1,19,357,0.0
1,19,358,6.0
1,19,359,-0.0
1,19,360,-0.0
55,54,0,0.0
55,54,1,0.0
55,54,2,0.0
55,54,3,0.0
55,54,4,-0.0
55,54,5,0.0
55,54,6,0.0
55,54,7,0.0
55,54,8,-0.0
55,54,9,-0.0
55,54,10,-0.0
55,54,11,-0.0
55,54,12,0.0
55,54,13,-0.0
55,54,14,-0.0
55,54,15,0.0
55,54,16,-0.0
55,54,17,-0.0
55,54,18,-0.0
55,54,19,-0.0
55,54,20,-0.0
55,54,21,0.0
55,54,22,0.0
55,54,23,-0.0
55,54,24,0.0
55,54,25,-0.0
55,54,26,-0.0
55,54,27,-0.0
55,54,28,0.0
55,54,29,-0.0
55,54,30,-0.0
55,54,31,0.0
55,54,32,0.0
55,54,33,0.0
55,54,34,0.0
55,54,35,0.0
55,54,36,0.0
55,54,37,0.0
55,54,38,0.0
55,54,39,0.0
55,54,40,-0.0
55,54,41,0.0
55,54,42,-0.0
55,54,43,-0.0
55,54,44,-0.0
55,54,45,-0.0
55,54,46,-0.0
55,54,47,0.0
55,54,48,-0.0
55,54,49,-0.0
55,54,50,0.0
55,54,51,0.0
55,54,52,-0.0
55,54,53,0.0
55,54,54,0.0
55,54,55,-0.0
55,54,56,0.0
55,54,57,-0.0
55,54,58,-0.0
55,54,59,-0.0
55,54,60,-0.0
55,54,61,-0.0
55,54,62,0.0
55,54,63,-0.0
55,54,64,-0.0
55,54,65,-0.0
55,54,66,-0.0
55,54,67,-0.0
55,54,68,-0.0
55,54,69,-0.0
55,54,70,-0.0
55,54,71,0.0
55,54,72,-0.0
55,54,73,-0.0
55,54,74,0.0
55,54,75,-0.0
55,54,76,-0.0
55,54,77,-0.0
55,54,78,-0.0
55,54,79,-0.0
55,54,80,-0.0
55,54,81,-0.0
55,54,82,-0.0
55,54,83,-0.0
55,54,84,-0.0
55,54,85,-0.0
55,54,86,0.0
55,54,87,0.0
55,54,88,0.0
55,54,89,-0.0
55,54,90,-0.0
55,54,91,0.0
55,54,92,-0.0
55,54,93,0.0
55,54,94,-0.0
55,54,95,-0.0
55,54,96,-0.0
55,54,97,-0.0
55,54,98,-0.0
55,54,99,0.0
55,54,100,-0.0
55,54,101,-0.0
55,54,102,0.0
55,54,103,0.0
55,54,104,0.0
55,54,105,0.0
55,54,106,-0.0
55,54,107,-0.0
55,54,108,0.0
55,54,109,0.0
55,54,110,0.0
55,54,111,0.0
55,54,112,0.0
55,54,113,0.0
55,54,114,-0.0
55,54,115,-0.0
55,54,116,0.0
55,54,117,0.0
55,54,118,0.0
55,54,119,-0.0
55,54,120,-0.0
55,54,121,-0.0
55,54,122,-0.0
55,54,123,-0.0
55,54,124,0.0
55,54,125,0.0
55,54,126,0.0
55,54,127,-0.0
55,54,128,0.0
55,54,129,0.0
55,54,130,0.0
55,54,131,-0.0
55,54,132,-0.0
55,54,133,0.0
55,54,134,-0.0
55,54,135,-0.0
55,54,136,-0.0
55,54,137,-0.0
55,54,138,-0.0
55,54,139,-0.0
55,54,140,-0.0
55,54,141,-0.0
55,54,142,-0.0
55,54,143,-0.0
55,54,144,-0.0
55,54,145,-0.0
55,54,146,0.0
55,54,147,-0.0
55,54,148,-0.0
55,54,149,-0.0
55,54,150,-0.0
55,54,151,0.0
55,54,152,0.0
55,54,153,0.0
55,54,154,-0.0
55,54,155,0.0
55,54,156,0.0
55,54,157,-0.0
55,54,158,0.0
55,54,159,-0.0
55,54,160,0.0
55,54,161,-0.0
55,54,162,0.0
55,54,163,-0.0
55,54,164,-0.0
55,54,165,0.0
55,54,166,0.0
55,54,167,0.0
55,54,168,-0.0
55,54,169,0.0
55,54,170,-0.0
55,54,171,-0.0
55,54,172,-0.0
55,54,173,0.0
55,54,174,0.0
55,54,175,0.0
55,54,176,0.0
55,54,177,0.0
55,54,178,0.0
55,54,179,0.0
55,54,180,0.0
55,54,181,-0.0
55,54,182,0.0
55,54,183,-0.0
55,54,184,0.0
55,54,185,-0.0
55,54,186,0.0
55,54,187,0.0
55,54,188,0.0
55,54,189,0.0
55,54,190,0.0
55,54,191,-0.0
55,54,192,-0.0
55,54,193,0.0
55,54,194,0.0
55,54,195,-0.0
55,54,196,0.0
55,54,197,0.0
55,54,198,0.0
55,54,199,0.0
55,54,200,0.0
55,54,201,0.0
55,54,202,-0.0
55,54,203,0.0
55,54,204,0.0
55,54,205,0.0
55,54,206,0.0
55,54,207,0.0
55,54,208,0.0
55,54,209,0.0
55,54,210,0.0
55,54,211,-0.0
55,54,212,0.0
55,54,213,0.0
55,54,214,0.0
55,54,215,-0.0
55,54,216,0.0
55,54,217,-0.0
55,54,218,-0.0
55,54,219,0.0
55,54,220,0.0
55,54,221,-0.0
55,54,222,0.0
55,54,223,0.0
55,54,224,0.0
55,54,225,0.0
55,54,226,0.0
55,54,227,0.0
55,54,228,0.0
55,54,229,0.0
55,54,230,0.0
55,54,231,0.0
55,54,232,0.0
55,54,233,0.0
55,54,234,0.0
55,54,235,0.0
55,54,236,0.0
55,54,237,0.0
55,54,238,0.0
55,54,239,0.0
55,54,240,0.0
55,54,241,0.0
55,54,242,0.0
55,54,243,0.0
55,54,244,0.0
55,54,245,0.0
55,54,246,0.0
55,54,247,0.0
55,54,248,0.0
55,54,249,0.0
55,54,250,-0.0
55,54,251,0.0
55,54,252,0.0
55,54,253,0.0
55,54,254,0.0
55,54,255,0.0
55,54,256,0.0
55,54,257,0.0
55,54,258,0.0
55,54,259,0.0
55,54,260,0.0
55,54,261,0.0
55,54,262,0.0
55,54,263,0.0
55,54,264,0.0
55,54,265,0.0
55,54,266,-0.0
55,54,267,0.0
55,54,268,0.0
55,54,269,0.0
55,54,270,-0.0
55,54,271,0.0
55,54,272,-0.0
55,54,273,0.0
55,54,274,0.0
55,54,275,0.0
55,54,276,0.0
55,54,277,0.0
55,54,278,-0.0
55,54,279,-0.0
55,54,280,-0.0
55,54,281,-0.0
55,54,282,0.0
55,54,283,0.0
55,54,284,0.0
55,54,285,0.0
55,54,286,0.0
55,54,287,-0.0
55,54,288,0.0
55,54,289,0.0
55,54,290,-0.0
55,54,291,0.0
55,54,292,-0.0
55,54,293,-0.0
55,54,294,0.0
55,54,295,0.0
55,54,296,0.0
55,54,297,-0.0
55,54,298,-0.0
55,54,299,-0.0
55,54,300,-0.0
55,54,301,0.0
55,54,302,-0.0
55,54,303,-0.0
55,54,304,0.0
55,54,305,-0.0
55,54,306,0.0
55,54,307,0.0
55,54,308,0.0
55,54,309,-0.0
55,54,310,-0.0
55,54,311,-0.0
55,54,312,-0.0
55,54,313,-0.0
55,54,314,-0.0
55,54,315,0.0
55,54,316,0.0
55,54,317,-0.0
55,54,318,0.0
55,54,319,0.0
55,54,320,0.0
55,54,321,0.0
55,54,322,0.0
55,54,323,0.0
55,54,324,-0.0
55,54,325,-0.0
55,54,326,-0.0
55,54,327,-0.0
55,54,328,-0.0
55,54,329,-0.0
55,54,330,-0.0
55,54,331,-0.0
55,54,332,-0.0
55,54,333,-0.0
55,54,334,0.0
55,54,335,-0.0
55,54,336,0.0
55,54,337,0.0
55,54,338,0.0
55,54,339,0.0
55,54,340,-0.0
55,54,341,0.0
55,54,342,-0.0
55,54,343,-0.0
55,54,344,0.0
55,54,345,0.0
55,54,346,-0.0
55,54,347,-0.0
55,54,348,-0.0
55,54,349,-0.0
55,54,350,-0.0
55,54,351,0.0
55,54,352,-0.0
55,54,353,0.0
55,54,354,0.0
55,54,355,0.0
55,54,356,-0.0
55,54,357,-0.0
55,54,358,-0.0
55,54,359,0.0
55,54,360,-0.0
23,120,0,0.0
23,120,1,0.0
23,120,2,0.0
23,120,3,0.0
23,120,4,-0.0
23,120,5,-0.0
23,120,6,-0.0
23,120,7,-0.0
23,120,8,-0.0
23,120,9,-0.0
23,120,10,0.0
23,120,11,0.0
23,120,12,-0.0
23,120,13,-0.0
23,120,14,-0.0
23,120,15,-0.0
23,120,16,-0.0
23,120,17,-0.0
23,120,18,-0.0
23,120,19,-0.0
23,120,20,-0.0
23,120,21,0.0
23,120,22,-0.0
23,120,23,0.0
23,120,24,0.0
23,120,25,-0.0
23,120,26,-0.0
23,120,27,-0.0
23,120,28,0.0
23,120,29,0.0
23,120,30,-0.0
23,120,31,-0.0
23,120,32,-0.0
23,120,33,0.0
23,120,34,-0.0
23,120,35,-0.0
23,120,36,-0.0
23,120,37,-0.0
23,120,38,0.0
23,120,39,-0.0
23,120,40,0.0
23,120,41,0.0
23,120,42,-0.0
23,120,43,-0.0
23,120,44,-0.0
23,120,45,-0.0
23,120,46,0.0
23,120,47,-0.0
23,120,48,-0.0
23,120,49,0.0
23,120,50,0.0
23,120,51,0.0
23,120,52,0.0
23,120,53,-0.0
23,120,54,-0.0
23,120,55,0.0
23,120,56,0.0
23,120,57,0.0
23,120,58,-0.0
23,120,59,0.0
23,120,60,0.0
23,120,61,0.0
23,120,62,-0.0
23,120,63,-0.0
23,120,64,-0.0
23,120,65,-0.0
23,120,66,-0.0
23,120,67,0.0
23,120,68,0.0
23,120,69,-0.0
23,120,70,0.0
23,120,71,0.0
23,120,72,-0.0
23,120,73,0.0
23,120,74,-0.0
23,120,75,-0.0
23,120,76,-0.0
23,120,77,-0.0
23,120,78,-0.0
23,120,79,-0.0
23,120,80,0.0
23,120,81,0.0
23,120,82,-0.0
23,120,83,-0.0
23,120,84,-0.0
23,120,85,-0.0
23,120,86,0.0
23,120,87,-0.0
23,120,88,-0.0
23,120,89,0.0
23,120,90,-0.0
23,120,91,0.0
23,120,92,-0.0
23,120,93,-0.0
23,120,94,0.0
23,120,95,-0.0
23,120,96,-0.0
23,120,97,0.0
23,120,98,-0.0
23,120,99,-0.0
23,120,100,-0.0
23,120,101,0.0
23,120,102,-0.0
23,120,103,-0.0
23,120,104,-0.0
23,120,105,-0.0
23,120,106,-0.0
23,120,107,-0.0
23,120,108,0.0
23,120,109,-0.0
23,120,110,-0.0
23,120,111,-0.0
23,120,112,-0.0
23,120,113,-0.0
23,120,114,-0.0
23,120,115,-0.0
23,120,116,0.0
23,120,117,-0.0
23,120,118,-0.0
23,120,119,-0.0
23,120,120,-0.0
23,120,121,-0.0
23,120,122,0.0
23,120,123,0.0
23,120,124,-0.0
23,120,125,-0.0
23,120,126,0.0
23,120,127,-0.0
23,120,128,0.0
23,120,129,-0.0
23,120,130,-0.0
23,120,131,-0.0
23,120,132,-0.0
23,120,133,0.0
23,120,134,-0.0
23,120,135,-0.0
23,120,136,-0.0
23,120,137,-0.0
23,120,138,-0.0
23,120,139,-0.0
23,120,140,0.0
23,120,141,-0.0
23,120,142,-0.0
23,120,143,-0.0
23,120,144,0.0
23,120,145,-0.0
23,120,146,-0.0
23,120,147,-0.0
23,120,148,0.0
23,120,149,-0.0
23,120,150,-0.0
23,120,151,-0.0
23,120,152,-0.0
23,120,153,-0.0
23,120,154,-0.0
23,120,155,0.0
23,120,156,-0.0
23,120,157,-0.0
23,120,158,-0.0
23,120,159,0.0
23,120,160,-0.0
23,120,161,-0.0
23,120,162,-0.0
23,120,163,-0.0
23,120,164,-0.0
23,120,165,-0.0
23,120,166,0.0
23,120,167,0.0
23,120,168,0.0
23,120,169,-0.0
23,120,170,-0.0
23,120,171,0.0
23,120,172,0.0
23,120,173,-0.0
23,120,174,0.0
23,120,175,-0.0
23,120,176,0.0
23,120,177,-0.0
23,120,178,-0.0
23,120,179,-0.0
23,120,180,-0.0
23,120,181,0.0
23,120,182,-0.0
23,120,183,0.0
23,120,184,-0.0
23,120,185,-0.0
23,120,186,-0.0
23,120,187,-0.0
23,120,188,0.0
23,120,189,-0.0
23,120,190,-0.0
23,120,191,0.0
23,120,192,-0.0
23,120,193,0.0
23,120,194,0.0
23,120,195,-0.0
23,120,196,0.0
23,120,197,0.0
23,120,198,0.0
23,120,199,0.0
23,120,200,-0.0
23,120,201,-0.0
23,120,202,-0.0
23,120,203,-0.0
23,120,204,0.0
23,120,205,-0.0
23,120,206,-0.0
23,120,207,0.0
23,120,208,-0.0
23,120,209,-0.0
23,120,210,-0.0
23,120,211,-0.0
23,120,212,-0.0
23,120,213,-0.0
23,120,214,-0.0
23,120,215,0.0
23,120,216,0.0
23,120,217,-0.0
23,120,218,-0.0
23,120,219,-0.0
23,120,220,0.0
23,120,221,-0.0
23,120,222,0.0
23,120,223,-0.0
23,120,224,-0.0
23,120,225,-0.0
23,120,226,-0.0
23,120,227,-0.0
23,120,228,-0.0
23,120,229,-0.0
23,120,230,-0.0
23,120,231,-0.0
23,120,232,-0.0
23,120,233,0.0
23,120,234,-0.0
23,120,235,-0.0
23,120,236,-0.0
23,120,237,-0.0
23,120,238,0.0
23,120,239,0.0
23,120,240,-0.0
23,120,241,-0.0
23,120,242,0.0
23,120,243,-0.0
23,120,244,-0.0
23,120,245,-0.0
23,120,246,-0.0
23,120,247,-0.0
23,120,248,-0.0
23,120,249,-0.0
23,120,250,-0.0
23,120,251,-0.0
23,120,252,-0.0
23,120,253,-0.0
23,120,254,0.0
23,120,255,0.0
23,120,256,-0.0
23,120,257,-0.0
23,120,258,-0.0
23,120,259,-0.0
23,120,260,-0.0
23,120,261,-0.0
23,120,262,0.0
23,120,263,-0.0
23,120,264,0.0
23,120,265,-0.0
23,120,266,-0.0
23,120,267,-0.0
23,120,268,0.0
23,120,269,-0.0
23,120,270,-0.0
23,120,271,-0.0
23,120,272,-0.0
23,120,273,-0.0
23,120,274,0.0
23,120,275,0.0
23,120,276,0.0
23,120,277,-0.0
23,120,278,-0.0
23,120,279,-0.0
23,120,280,0.0
23,120,281,0.0
23,120,282,0.0
23,120,283,-0.0
23,120,284,-0.0
23,120,285,0.0
23,120,286,-0.0
23,120,287,-0.0
23,120,288,-0.0
23,120,289,-0.0
23,120,290,-0.0
23,120,291,-0.0
23,120,292,-0.0
23,120,293,-0.0
23,120,294,-0.0
23,120,295,-0.0
23,120,296,-0.0
23,120,297,-0.0
23,120,298,-0.0
23,120,299,-0.0
23,120,300,-0.0
23,120,301,-0.0
23,120,302,-0.0
23,120,303,-0.0
23,120,304,-0.0
23,120,305,-0.0
23,120,306,-0.0
23,120,307,-0.0
23,120,308,-0.0
23,120,309,-0.0
23,120,310,-0.0
23,120,311,-0.0
23,120,312,0.0
23,120,313,0.0
23,120,314,-0.0
23,120,315,-0.0
23,120,316,-0.0
23,120,317,0.0
23,120,318,0.0
23,120,319,0.0
23,120,320,0.0
23,120,321,0.0
23,120,322,-0.0
23,120,323,-0.0
23,120,324,0.0
23,120,325,0.0
23,120,326,-0.0
23,120,327,-0.0
23,120,328,-0.0
23,120,329,-0.0
23,120,330,-0.0
23,120,331,-0.0
23,120,332,0.0
23,120,333,0.0
23,120,334,-0.0
23,120,335,0.0
23,120,336,0.0
23,120,337,0.0
23,120,338,-0.0
23,120,339,0.0
23,120,340,-0.0
23,120,341,-0.0
23,120,342,-0.0
23,120,343,-0.0
23,120,344,0.0
23,120,345,-0.0
23,120,346,0.0
23,120,347,-0.0
23,120,348,-0.0
23,120,349,-0.0
23,120,350,0.0
23,120,351,-0.0
23,120,352,-0.0
23,120,353,0.0
23,120,354,0.0
23,120,355,-0.0
23,120,356,-0.0
23,120,357,-0.0
23,120,358,0.0
23,120,359,-0.0
23,120,360,-0.0
118,37,0,0.0
118,37,1,0.0
118,37,2,0.0
118,37,3,0.0
118,37,4,0.0
118,37,5,0.0
118,37,6,0.0
118,37,7,0.0
118,37,8,0.0
118,37,9,0.0
118,37,10,0.0
118,37,11,0.0
118,37,12,0.0
118,37,13,11.0
118,37,14,0.0
118,37,15,0.0
118,37,16,-0.0
118,37,17,0.0
118,37,18,6.0
118,37,19,11.0
118,37,20,0.0
118,37,21,-0.0
118,37,22,-0.0
118,37,23,0.0
118,37,24,-0.0
118,37,25,0.0
118,37,26,0.0
118,37,27,0.0
118,37,28,0.0
118,37,29,0.0
118,37,30,0.0
118,37,31,0.0
118,37,32,0.0
118,37,33,0.0
118,37,34,0.0
118,37,35,0.0
118,37,36,6.0
118,37,37,0.0
118,37,38,0.0
118,37,39,6.0
118,37,40,0.0
118,37,41,0.0
118,37,42,0.0
118,37,43,0.0
118,37,44,0.0
118,37,45,-0.0
118,37,46,0.0
118,37,47,6.0
118,37,48,0.0
118,37,49,6.0
118,37,50,0.0
118,37,51,0.0
118,37,52,0.0
118,37,53,0.0
118,37,54,0.0
118,37,55,6.0
118,37,56,6.0
118,37,57,0.0
118,37,58,0.0
118,37,59,0.0
118,37,60,0.0
118,37,61,-0.0
118,37,62,0.0
118,37,63,6.0
118,37,64,-0.0
118,37,65,11.0
118,37,66,0.0
118,37,67,0.0
118,37,68,0.0
118,37,69,0.0
118,37,70,0.0
118,37,71,0.0
118,37,72,0.0
118,37,73,6.0
118,37,74,-0.0
118,37,75,0.0
118,37,76,0.0
118,37,77,0.0
118,37,78,0.0
118,37,79,0.0
118,37,80,0.0
118,37,81,6.0
118,37,82,0.0
118,37,83,-0.0
118,37,84,0.0
118,37,85,0.0
118,37,86,6.0
118,37,87,0.0
118,37,88,-0.0
118,37,89,6.0
118,37,90,6.0
118,37,91,7.0
118,37,92,0.0
118,37,93,0.0
118,37,94,0.0
118,37,95,-0.0
118,37,96,0.0
118,37,97,0.0
118,37,98,0.0
118,37,99,6.0
118,37,100,0.0
118,37,101,0.0
118,37,102,0.0
118,37,103,0.0
118,37,104,0.0
118,37,105,-0.0
118,37,106,0.0
118,37,107,6.0
118,37,108,0.0
118,37,109,1.0
118,37,110,7.0
118,37,111,0.0
118,37,112,6.0
118,37,113,0.0
118,37,114,0.0
118,37,115,0.0
118,37,116,0.0
118,37,117,0.0
118,37,118,0.0
118,37,119,0.0
118,37,120,6.0
118,37,121,0.0
118,37,122,0.0
118,37,123,6.0
118,37,124,0.0
118,37,125,6.0
118,37,126,11.0
118,37,127,1.0
118,37,128,6.0
118,37,129,6.0
118,37,130,0.0
118,37,131,0.0
118,37,132,6.0
118,37,133,0.0
118,37,134,0.0
118,37,135,6.0
118,37,136,0.0
118,37,137,-0.0
118,37,138,0.0
118,37,139,0.0
118,37,140,0.0
118,37,141,0.0
118,37,142,0.0
118,37,143,-0.0
118,37,144,0.0
118,37,145,0.0
118,37,146,3.0
118,37,147,0.0
118,37,148,0.0
118,37,149,9.0
118,37,150,6.0
118,37,151,0.0
118,37,152,0.0
118,37,153,0.0
118,37,154,0.0
118,37,155,0.0
118,37,156,0.0
118,37,157,1.0
118,37,158,11.0
118,37,159,6.0
118,37,160,0.0
118,37,161,0.0
118,37,162,0.0
118,37,163,0.0
118,37,164,0.0
118,37,165,6.0
118,37,166,0.0
118,37,167,0.0
118,37,168,0.0
118,37,169,0.0
118,37,170,0.0
118,37,171,0.0
118,37,172,0.0
118,37,173,0.0
118,37,174,6.0
118,37,175,6.0
118,37,176,6.0
118,37,177,0.0
118,37,178,0.0
118,37,179,6.0
118,37,180,6.0
118,37,181,6.0
118,37,182,11.0
118,37,183,0.0
118,37,184,6.0
118,37,185,6.0
118,37,186,6.0
118,37,187,10.0
118,37,188,0.0
118,37,189,0.0
118,37,190,6.0
118,37,191,6.0
118,37,192,6.0
118,37,193,-0.0
118,37,194,6.0
118,37,195,6.0
118,37,196,0.0
118,37,197,6.0
118,37,198,6.0
118,37,199,6.0
118,37,200,0.0
118,37,201,6.0
118,37,202,0.0
118,37,203,9.0
118,37,204,0.0
118,37,205,6.0
118,37,206,6.0
118,37,207,-0.0
118,37,208,0.0
118,37,209,-0.0
118,37,210,9.0
118,37,211,6.0
118,37,212,0.0
118,37,213,6.0
118,37,214,-0.0
118,37,215,9.0
118,37,216,6.0
118,37,217,6.0
118,37,218,9.0
118,37,219,6.0
118,37,220,6.0
118,37,221,6.0
118,37,222,0.0
118,37,223,6.0
118,37,224,0.0
118,37,225,6.0
118,37,226,0.0
118,37,227,6.0
118,37,228,0.0
118,37,229,6.0
118,37,230,9.0
118,37,231,6.0
118,37,232,-0.0
118,37,233,11.0
118,37,234,6.0
118,37,235,-0.0
118,37,236,6.0
118,37,237,6.0
118,37,238,6.0
118,37,239,0.0
118,37,240,6.0
118,37,241,0.0
118,37,242,9.0
118,37,243,8.0
118,37,244,7.0
118,37,245,0.0
118,37,246,6.0
118,37,247,-0.0
118,37,248,0.0
118,37,249,-0.0
118,37,250,0.0
118,37,251,0.0
118,37,252,6.0
118,37,253,11.0
118,37,254,6.0
118,37,255,6.0
118,37,256,0.0
118,37,257,-0.0
118,37,258,0.0
118,37,259,6.0
118,37,260,-0.0
118,37,261,9.0
118,37,262,0.0
118,37,263,0.0
118,37,264,6.0
118,37,265,0.0
118,37,266,0.0
118,37,267,9.0
118,37,268,0.0
118,37,269,0.0
118,37,270,-0.0
118,37,271,0.0
118,37,272,6.0
118,37,273,0.0
118,37,274,-0.0
118,37,275,1.0
118,37,276,6.0
118,37,277,-0.0
118,37,278,0.0
118,37,279,0.0
118,37,280,0.0
118,37,281,6.0
118,37,282,0.0
118,37,283,0.0
118,37,284,0.0
118,37,285,6.0
118,37,286,0.0
118,37,287,0.0
118,37,288,0.0
118,37,289,0.0
118,37,290,0.0
118,37,291,0.0
118,37,292,0.0
118,37,293,0.0
118,37,294,0.0
118,37,295,0.0
118,37,296,0.0
118,37,297,0.0
118,37,298,0.0
118,37,299,0.0
118,37,300,4.0
118,37,301,6.0
118,37,302,6.0
118,37,303,6.0
118,37,304,0.0
118,37,305,0.0
118,37,306,0.0
118,37,307,0.0
118,37,308,0.0
118,37,309,0.0
118,37,310,0.0
118,37,311,0.0
118,37,312,0.0
118,37,313,0.0
118,37,314,0.0
118,37,315,0.0
118,37,316,9.0
118,37,317,6.0
118,37,318,6.0
118,37,319,0.0
118,37,320,0.0
118,37,321,1.0
118,37,322,6.0
118,37,323,6.0
118,37,324,0.0
118,37,325,6.0
118,37,326,6.0
118,37,327,0.0
118,37,328,0.0
118,37,329,9.0
118,37,330,0.0
118,37,331,-0.0
118,37,332,6.0
118,37,333,-0.0
118,37,334,0.0
118,37,335,11.0
118,37,336,-0.0
118,37,337,0.0
118,37,338,0.0
118,37,339,6.0
118,37,340,0.0
118,37,341,0.0
118,37,342,-0.0
118,37,343,0.0
118,37,344,-0.0
118,37,345,7.0
118,37,346,0.0
118,37,347,6.0
118,37,348,0.0
118,37,349,6.0
118,37,350,6.0
118,37,351,6.0
118,37,352,6.0
118,37,353,6.0
118,37,354,6.0
118,37,355,6.0
118,37,356,6.0
118,37,357,11.0
118,37,358,6.0
118,37,359,0.0
118,37,360,-0.0
1,28,0,0.0
1,28,1,5.0
1,28,2,-0.0
1,28,3,0.0
1,28,4,-0.0
1,28,5,0.0
1,28,6,0.0
1,28,7,-0.0
1,28,8,-0.0
1,28,9,5.0
1,28,10,5.0
1,28,11,-0.0
1,28,12,5.0
1,28,13,-0.0
1,28,14,-0.0
1,28,15,5.0
1,28,16,-0.0
1,28,17,0.0
1,28,18,-0.0
1,28,19,0.0
1,28,20,-0.0
1,28,21,-0.0
1,28,22,0.0
1,28,23,0.0
1,28,24,-0.0
1,28,25,-0.0
1,28,26,3.0
1,28,27,-0.0
1,28,28,-0.0
1,28,29,-0.0
1,28,30,-0.0
1,28,31,-0.0
1,28,32,-0.0
1,28,33,-0.0
1,28,34,-0.0
1,28,35,-0.0
1,28,36,-0.0
1,28,37,2.0
1,28,38,3.0
1,28,39,0.0
1,28,40,0.0
1,28,41,0.0
1,28,42,-0.0
1,28,43,-0.0
1,28,44,2.0
1,28,45,-0.0
1,28,46,0.0
1,28,47,0.0
1,28,48,-0.0
1,28,49,-0.0
1,28,50,0.0
1,28,51,0.0
1,28,52,-0.0
1,28,53,5.0
1,28,54,0.0
1,28,55,0.0
1,28,56,-0.0
1,28,57,-0.0
1,28,58,0.0
1,28,59,-0.0
1,28,60,0.0
1,28,61,-0.0
1,28,62,0.0
1,28,63,-0.0
1,28,64,-0.0
1,28,65,0.0
1,28,66,-0.0
1,28,67,-0.0
1,28,68,-0.0
1,28,69,-0.0
1,28,70,-0.0
1,28,71,-0.0
1,28,72,-0.0
1,28,73,-0.0
1,28,74,-0.0
1,28,75,-0.0
1,28,76,-0.0
1,28,77,-0.0
1,28,78,0.0
1,28,79,0.0
1,28,80,-0.0
1,28,81,-0.0
1,28,82,0.0
1,28,83,-0.0
1,28,84,-0.0
1,28,85,-0.0
1,28,86,-0.0
1,28,87,-0.0
1,28,88,-0.0
1,28,89,-0.0
1,28,90,-0.0
1,28,91,0.0
1,28,92,-0.0
1,28,93,0.0
1,28,94,-0.0
1,28,95,-0.0
1,28,96,-0.0
1,28,97,-0.0
1,28,98,-0.0
1,28,99,0.0
1,28,100,-0.0
1,28,101,-0.0
1,28,102,0.0
1,28,103,0.0
1,28,104,0.0
1,28,105,-0.0
1,28,106,-0.0
1,28,107,-0.0
1,28,108,-0.0
1,28,109,-0.0
1,28,110,-0.0
1,28,111,-0.0
1,28,112,-0.0
1,28,113,-0.0
1,28,114,0.0
1,28,115,-0.0
1,28,116,-0.0
1,28,117,-0.0
1,28,118,-0.0
1,28,119,0.0
1,28,120,0.0
1,28,121,-0.0
1,28,122,5.0
1,28,123,-0.0
1,28,124,-0.0
1,28,125,2.0
1,28,126,-0.0
1,28,127,-0.0
1,28,128,-0.0
1,28,129,0.0
1,28,130,-0.0
1,28,131,-0.0
1,28,132,-0.0
1,28,133,-0.0
1,28,134,-0.0
1,28,135,-0.0
1,28,136,-0.0
1,28,137,-0.0
1,28,138,-0.0
1,28,139,-0.0
1,28,140,0.0
1,28,141,-0.0
1,28,142,-0.0
1,28,143,-0.0
1,28,144,-0.0
1,28,145,-0.0
1,28,146,-0.0
1,28,147,-0.0
1,28,148,-0.0
1,28,149,-0.0
1,28,150,-0.0
1,28,151,-0.0
1,28,152,-0.0
1,28,153,-0.0
1,28,154,-0.0
1,28,155,-0.0
1,28,156,-0.0
1,28,157,-0.0
1,28,158,-0.0
1,28,159,-0.0
1,28,160,-0.0
1,28,161,-0.0
1,28,162,0.0
1,28,163,-0.0
1,28,164,0.0
1,28,165,-0.0
1,28,166,-0.0
1,28,167,0.0
1,28,168,-0.0
1,28,169,-0.0
1,28,170,-0.0
1,28,171,0.0
1,28,172,0.0
1,28,173,-0.0
1,28,174,-0.0
1,28,175,-0.0
1,28,176,-0.0
1,28,177,-0.0
1,28,178,-0.0
1,28,179,-0.0
1,28,180,-0.0
1,28,181,-0.0
1,28,182,0.0
1,28,183,-0.0
1,28,184,-0.0
1,28,185,5.0
1,28,186,0.0
1,28,187,0.0
1,28,188,-0.0
1,28,189,-0.0
1,28,190,-0.0
1,28,191,-0.0
1,28,192,-0.0
1,28,193,-0.0
1,28,194,-0.0
1,28,195,0.0
1,28,196,-0.0
1,28,197,-0.0
1,28,198,-0.0
1,28,199,-0.0
1,28,200,0.0
1,28,201,-0.0
1,28,202,0.0
1,28,203,0.0
1,28,204,-0.0
1,28,205,-0.0
1,28,206,-0.0
1,28,207,-0.0
1,28,208,5.0
1,28,209,0.0
1,28,210,-0.0
1,28,211,-0.0
1,28,212,-0.0
1,28,213,-0.0
1,28,214,-0.0
1,28,215,-0.0
1,28,216,-0.0
1,28,217,-0.0
1,28,218,-0.0
1,28,219,-0.0
1,28,220,-0.0
1,28,221,0.0
1,28,222,-0.0
1,28,223,0.0
1,28,224,-0.0
1,28,225,0.0
1,28,226,-0.0
1,28,227,-0.0
1,28,228,0.0
1,28,229,5.0
1,28,230,-0.0
1,28,231,-0.0
1,28,232,-0.0
1,28,233,-0.0
1,28,234,0.0
1,28,235,-0.0
1,28,236,-0.0
1,28,237,-0.0
1,28,238,-0.0
1,28,239,-0.0
1,28,240,-0.0
1,28,241,-0.0
1,28,242,0.0
1,28,243,-0.0
1,28,244,-0.0
1,28,245,-0.0
1,28,246,-0.0
1,28,247,-0.0
1,28,248,0.0
1,28,249,-0.0
1,28,250,-0.0
1,28,251,-0.0
1,28,252,-0.0
1,28,253,-0.0
1,28,254,0.0
1,28,255,0.0
1,28,256,2.0
1,28,257,-0.0
1,28,258,-0.0
1,28,259,0.0
1,28,260,-0.0
1,28,261,-0.0
1,28,262,-0.0
1,28,263,-0.0
1,28,264,-0.0
1,28,265,-0.0
1,28,266,-0.0
1,28,267,0.0
1,28,268,-0.0
1,28,269,-0.0
1,28,270,-0.0
1,28,271,-0.0
1,28,272,-0.0
1,28,273,-0.0
1,28,274,0.0
1,28,275,-0.0
1,28,276,-0.0
1,28,277,0.0
1,28,278,-0.0
1,28,279,-0.0
1,28,280,0.0
1,28,281,6.0
1,28,282,-0.0
1,28,283,-0.0
1,28,284,-0.0
1,28,285,-0.0
1,28,286,-0.0
1,28,287,-0.0
1,28,288,-0.0
1,28,289,-0.0
1,28,290,-0.0
1,28,291,-0.0
1,28,292,0.0
1,28,293,0.0
1,28,294,-0.0
1,28,295,0.0
1,28,296,-0.0
1,28,297,-0.0
1,28,298,0.0
1,28,299,0.0
1,28,300,-0.0
1,28,301,-0.0
1,28,302,-0.0
1,28,303,0.0
1,28,304,-0.0
1,28,305,-0.0
1,28,306,-0.0
1,28,307,-0.0
1,28,308,0.0
1,28,309,-0.0
1,28,310,-0.0
1,28,311,0.0
1,28,312,-0.0
1,28,313,-0.0
1,28,314,0.0
1,28,315,-0.0
1,28,316,-0.0
1,28,317,-0.0
1,28,318,-0.0
1,28,319,-0.0
1,28,320,-0.0
1,28,321,-0.0
1,28,322,0.0
1,28,323,-0.0
1,28,324,-0.0
1,28,325,-0.0
1,28,326,-0.0
1,28,327,-0.0
1,28,328,-0.0
1,28,329,-0.0
1,28,330,0.0
1,28,331,5.0
1,28,332,-0.0
1,28,333,-0.0
1,28,334,-0.0
1,28,335,0.0
1,28,336,-0.0
1,28,337,-0.0
1,28,338,-0.0
1,28,339,-0.0
1,28,340,-0.0
1,28,341,-0.0
1,28,342,5.0
1,28,343,-0.0
1,28,344,0.0
1,28,345,0.0
1,28,346,-0.0
1,28,347,0.0
1,28,348,0.0
1,28,349,-0.0
1,28,350,0.0
1,28,351,0.0
1,28,352,-0.0
1,28,353,-0.0
1,28,354,1.0
1,28,355,-0.0
1,28,356,-0.0
1,28,357,-0.0
1,28,358,0.0
1,28,359,-0.0
1,28,360,-0.0
29,20,0,0.0
29,20,1,0.0
29,20,2,0.0
29,20,3,-0.0
29,20,4,-0.0
29,20,5,-0.0
29,20,6,-0.0
29,20,7,-0.0
29,20,8,-0.0
29,20,9,0.0
29,20,10,-0.0
29,20,11,-0.0
29,20,12,-0.0
29,20,13,-0.0
29,20,14,-0.0
29,20,15,-0.0
29,20,16,-0.0
29,20,17,0.0
29,20,18,-0.0
29,20,19,-0.0
29,20,20,-0.0
29,20,21,-0.0
29,20,22,-0.0
29,20,23,-0.0
29,20,24,-0.0
29,20,25,-0.0
29,20,26,-0.0
29,20,27,-0.0
29,20,28,-0.0
29,20,29,-0.0
29,20,30,-0.0
29,20,31,0.0
29,20,32,-0.0
29,20,33,-0.0
29,20,34,-0.0
29,20,35,0.0
29,20,36,-0.0
29,20,37,-0.0
29,20,38,-0.0
29,20,39,-0.0
29,20,40,-0.0
29,20,41,-0.0
29,20,42,-0.0
29,20,43,-0.0
29,20,44,-0.0
29,20,45,-0.0
29,20,46,-0.0
29,20,47,-0.0
29,20,48,-0.0
29,20,49,-0.0
29,20,50,-0.0
29,20,51,-0.0
29,20,52,-0.0
29,20,53,-0.0
29,20,54,0.0
29,20,55,-0.0
29,20,56,-0.0
29,20,57,-0.0
29,20,58,-0.0
29,20,59,-0.0
29,20,60,-0.0
29,20,61,-0.0
29,20,62,-0.0
29,20,63,-0.0
29,20,64,-0.0
29,20,65,-0.0
29,20,66,-0.0
29,20,67,-0.0
29,20,68,-0.0
29,20,69,-0.0
29,20,70,-0.0
29,20,71,-0.0
29,20,72,-0.0
29,20,73,-0.0
29,20,74,-0.0
29,20,75,0.0
29,20,76,0.0
29,20,77,-0.0
29,20,78,-0.0
29,20,79,0.0
29,20,80,-0.0
29,20,81,-0.0
29,20,82,-0.0
29,20,83,-0.0
29,20,84,-0.0
29,20,85,-0.0
29,20,86,-0.0
29,20,87,-0.0
29,20,88,-0.0
29,20,89,-0.0
29,20,90,-0.0
29,20,91,-0.0
29,20,92,-0.0
29,20,93,-0.0
29,20,94,-0.0
29,20,95,-0.0
29,20,96,-0.0
29,20,97,-0.0
29,20,98,0.0
29,20,99,-0.0
29,20,100,-0.0
29,20,101,-0.0
29,20,102,-0.0
29,20,103,-0.0
29,20,104,0.0
29,20,105,-0.0
29,20,106,-0.0
29,20,107,-0.0
29,20,108,-0.0
29,20,109,-0.0
29,20,110,-0.0
29,20,111,-0.0
29,20,112,-0.0
29,20,113,-0.0
29,20,114,-0.0
29,20,115,-0.0
29,20,116,-0.0
29,20,117,-0.0
29,20,118,-0.0
29,20,119,-0.0
29,20,120,-0.0
29,20,121,-0.0
29,20,122,-0.0
29,20,123,-0.0
29,20,124,-0.0
29,20,125,-0.0
29,20,126,-0.0
29,20,127,-0.0
29,20,128,-0.0
29,20,129,-0.0
29,20,130,-0.0
29,20,131,-0.0
29,20,132,-0.0
29,20,133,-0.0
29,20,134,-0.0
29,20,135,-0.0
29,20,136,-0.0
29,20,137,-0.0
29,20,138,-0.0
29,20,139,-0.0
29,20,140,-0.0
29,20,141,-0.0
29,20,142,-0.0
29,20,143,-0.0
29,20,144,-0.0
29,20,145,-0.0
29,20,146,-0.0
29,20,147,-0.0
29,20,148,-0.0
29,20,149,-0.0
29,20,150,-0.0
29,20,151,-0.0
29,20,152,-0.0
29,20,153,-0.0
29,20,154,-0.0
29,20,155,0.0
29,20,156,-0.0
29,20,157,-0.0
29,20,158,-0.0
29,20,159,-0.0
29,20,160,-0.0
29,20,161,-0.0
29,20,162,-0.0
29,20,163,-0.0
29,20,164,-0.0
29,20,165,-0.0
29,20,166,-0.0
29,20,167,-0.0
29,20,168,-0.0
29,20,169,-0.0
29,20,170,-0.0
29,20,171,-0.0
29,20,172,-0.0
29,20,173,-0.0
29,20,174,-0.0
29,20,175,-0.0
29,20,176,-0.0
29,20,177,-0.0
29,20,178,-0.0
29,20,179,-0.0
29,20,180,-0.0
29,20,181,-0.0
29,20,182,-0.0
29,20,183,-0.0
29,20,184,-0.0
29,20,185,-0.0
29,20,186,-0.0
29,20,187,-0.0
29,20,188,-0.0
29,20,189,-0.0
29,20,190,-0.0
29,20,191,-0.0
29,20,192,-0.0
29,20,193,-0.0
29,20,194,-0.0
29,20,195,-0.0
29,20,196,-0.0
29,20,197,-0.0
29,20,198,-0.0
29,20,199,-0.0
29,20,200,-0.0
29,20,201,-0.0
29,20,202,-0.0
29,20,203,-0.0
29,20,204,-0.0
29,20,205,-0.0
29,20,206,0.0
29,20,207,-0.0
29,20,208,-0.0
29,20,209,-0.0
29,20,210,-0.0
29,20,211,-0.0
29,20,212,-0.0
29,20,213,-0.0
29,20,214,-0.0
29,20,215,-0.0
29,20,216,-0.0
29,20,217,-0.0
29,20,218,-0.0
29,20,219,-0.0
29,20,220,-0.0
29,20,221,-0.0
29,20,222,-0.0
29,20,223,-0.0
29,20,224,-0.0
29,20,225,-0.0
29,20,226,-0.0
29,20,227,-0.0
29,20,228,-0.0
29,20,229,-0.0
29,20,230,-0.0
29,20,231,-0.0
29,20,232,-0.0
29,20,233,-0.0
29,20,234,-0.0
29,20,235,-0.0
29,20,236,-0.0
29,20,237,-0.0
29,20,238,-0.0
29,20,239,-0.0
29,20,240,-0.0
29,20,241,-0.0
29,20,242,-0.0
29,20,243,-0.0
29,20,244,-0.0
29,20,245,-0.0
29,20,246,-0.0
29,20,247,-0.0
29,20,248,-0.0
29,20,249,-0.0
29,20,250,-0.0
29,20,251,-0.0
29,20,252,-0.0
29,20,253,-0.0
29,20,254,-0.0
29,20,255,-0.0
29,20,256,-0.0
29,20,257,-0.0
29,20,258,-0.0
29,20,259,-0.0
29,20,260,-0.0
29,20,261,-0.0
29,20,262,-0.0
29,20,263,-0.0
29,20,264,-0.0
29,20,265,-0.0
29,20,266,-0.0
29,20,267,-0.0
29,20,268,-0.0
29,20,269,-0.0
29,20,270,-0.0
29,20,271,-0.0
29,20,272,0.0
29,20,273,-0.0
29,20,274,-0.0
29,20,275,-0.0
29,20,276,-0.0
29,20,277,-0.0
29,20,278,-0.0
29,20,279,-0.0
29,20,280,-0.0
29,20,281,-0.0
29,20,282,-0.0
29,20,283,-0.0
29,20,284,-0.0
29,20,285,-0.0
29,20,286,-0.0
29,20,287,-0.0
29,20,288,-0.0
29,20,289,-0.0
29,20,290,-0.0
29,20,291,-0.0
29,20,292,-0.0
29,20,293,-0.0
29,20,294,-0.0
29,20,295,-0.0
29,20,296,-0.0
29,20,297,-0.0
29,20,298,0.0
29,20,299,0.0
29,20,300,-0.0
29,20,301,-0.0
29,20,302,-0.0
29,20,303,-0.0
29,20,304,-0.0
29,20,305,-0.0
29,20,306,-0.0
29,20,307,-0.0
29,20,308,-0.0
29,20,309,-0.0
29,20,310,-0.0
29,20,311,-0.0
29,20,312,-0.0
29,20,313,-0.0
29,20,314,-0.0
29,20,315,-0.0
29,20,316,-0.0
29,20,317,0.0
29,20,318,-0.0
29,20,319,-0.0
29,20,320,-0.0
29,20,321,-0.0
29,20,322,-0.0
29,20,323,-0.0
29,20,324,-0.0
29,20,325,-0.0
29,20,326,-0.0
29,20,327,-0.0
29,20,328,-0.0
29,20,329,-0.0
29,20,330,-0.0
29,20,331,-0.0
29,20,332,-0.0
29,20,333,-0.0
29,20,334,-0.0
29,20,335,0.0
29,20,336,-0.0
29,20,337,-0.0
29,20,338,-0.0
29,20,339,-0.0
29,20,340,-0.0
29,20,341,0.0
29,20,342,-0.0
29,20,343,-0.0
29,20,344,-0.0
29,20,345,-0.0
29,20,346,-0.0
29,20,347,-0.0
29,20,348,-0.0
29,20,349,-0.0
29,20,350,-0.0
29,20,351,-0.0
29,20,352,-0.0
29,20,353,-0.0
29,20,354,-0.0
29,20,355,-0.0
29,20,356,-0.0
29,20,357,-0.0
29,20,358,-0.0
29,20,359,-0.0
29,20,360,-0.0
12,13,0,0.0
12,13,1,0.0
12,13,2,6.0
12,13,3,6.0
12,13,4,6.0
12,13,5,6.0
12,13,6,6.0
12,13,7,6.0
12,13,8,11.0
12,13,9,6.0
12,13,10,6.0
12,13,11,6.0
12,13,12,6.0
12,13,13,11.0
12,13,14,6.0
12,13,15,6.0
12,13,16,11.0
12,13,17,6.0
12,13,18,6.0
12,13,19,11.0
12,13,20,6.0
12,13,21,6.0
12,13,22,11.0
12,13,23,11.0
12,13,24,6.0
12,13,25,6.0
12,13,26,6.0
12,13,27,6.0
12,13,28,11.0
12,13,29,11.0
12,13,30,11.0
12,13,31,11.0
12,13,32,11.0
12,13,33,6.0
12,13,34,6.0
12,13,35,11.0
12,13,36,6.0
12,13,37,11.0
12,13,38,6.0
12,13,39,11.0
12,13,40,11.0
12,13,41,11.0
12,13,42,6.0
12,13,43,6.0
12,13,44,11.0
12,13,45,11.0
12,13,46,6.0
12,13,47,6.0
12,13,48,6.0
12,13,49,6.0
12,13,50,11.0
12,13,51,6.0
12,13,52,6.0
12,13,53,6.0
12,13,54,6.0
12,13,55,11.0
12,13,56,11.0
12,13,57,11.0
12,13,58,11.0
12,13,59,6.0
12,13,60,6.0
12,13,61,6.0
12,13,62,6.0
12,13,63,6.0
12,13,64,6.0
12,13,65,6.0
12,13,66,11.0
12,13,67,6.0
12,13,68,6.0
12,13,69,6.0
12,13,70,6.0
12,13,71,6.0
12,13,72,6.0
12,13,73,11.0
12,13,74,6.0
12,13,75,6.0
12,13,76,6.0
12,13,77,6.0
12,13,78,6.0
12,13,79,6.0
12,13,80,6.0
12,13,81,6.0
12,13,82,6.0
12,13,83,11.0
12,13,84,11.0
12,13,85,10.0
12,13,86,6.0
12,13,87,11.0
12,13,88,11.0
12,13,89,11.0
12,13,90,11.0
12,13,91,11.0
12,13,92,6.0
12,13,93,6.0
12,13,94,6.0
12,13,95,6.0
12,13,96,11.0
12,13,97,11.0
12,13,98,11.0
12,13,99,6.0
12,13,100,6.0
12,13,101,6.0
12,13,102,6.0
12,13,103,6.0
12,13,104,6.0
12,13,105,6.0
12,13,106,6.0
12,13,107,10.0
12,13,108,11.0
12,13,109,6.0
12,13,110,6.0
12,13,111,11.0
12,13,112,6.0
12,13,113,6.0
12,13,114,11.0
12,13,115,6.0
12,13,116,6.0
12,13,117,11.0
12,13,118,11.0
12,13,119,6.0
12,13,120,11.0
12,13,121,7.0
12,13,122,11.0
12,13,123,6.0
12,13,124,11.0
12,13,125,6.0
12,13,126,6.0
12,13,127,11.0
12,13,128,6.0
12,13,129,6.0
12,13,130,6.0
12,13,131,6.0
12,13,132,6.0
12,13,133,6.0
12,13,134,11.0
12,13,135,6.0
12,13,136,6.0
12,13,137,6.0
12,13,138,6.0
12,13,139,6.0
12,13,140,6.0
12,13,141,6.0
12,13,142,6.0
12,13,143,6.0
12,13,144,6.0
12,13,145,6.0
12,13,146,6.0
12,13,147,6.0
12,13,148,6.0
12,13,149,6.0
12,13,150,6.0
12,13,151,6.0
12,13,152,6.0
12,13,153,11.0
12,13,154,11.0
12,13,155,6.0
12,13,156,6.0
12,13,157,11.0
12,13,158,6.0
12,13,159,6.0
12,13,160,6.0
12,13,161,6.0
12,13,162,6.0
12,13,163,6.0
12,13,164,6.0
12,13,165,6.0
12,13,166,11.0
12,13,167,7.0
12,13,168,6.0
12,13,169,6.0
12,13,170,6.0
12,13,171,6.0
12,13,172,6.0
12,13,173,6.0
12,13,174,6.0
12,13,175,6.0
12,13,176,6.0
12,13,177,6.0
12,13,178,6.0
12,13,179,6.0
12,13,180,6.0
12,13,181,6.0
12,13,182,6.0
12,13,183,6.0
12,13,184,6.0
12,13,185,6.0
12,13,186,6.0
12,13,187,11.0
12,13,188,6.0
12,13,189,11.0
12,13,190,6.0
12,13,191,6.0
12,13,192,11.0
12,13,193,11.0
12,13,194,6.0
12,13,195,6.0
12,13,196,6.0
12,13,197,6.0
12,13,198,6.0
12,13,199,11.0
12,13,200,6.0
12,13,201,6.0
12,13,202,6.0
12,13,203,6.0
12,13,204,6.0
12,13,205,11.0
12,13,206,11.0
12,13,207,11.0
12,13,208,6.0
12,13,209,6.0
12,13,210,6.0
12,13,211,6.0
12,13,212,11.0
12,13,213,6.0
12,13,214,11.0
12,13,215,11.0
12,13,216,6.0
12,13,217,6.0
12,13,218,6.0
12,13,219,6.0
12,13,220,11.0
12,13,221,11.0
12,13,222,6.0
12,13,223,6.0
12,13,224,6.0
12,13,225,6.0
12,13,226,6.0
12,13,227,6.0
12,13,228,6.0
12,13,229,6.0
12,13,230,6.0
12,13,231,6.0
12,13,232,11.0
12,13,233,6.0
12,13,234,6.0
12,13,235,6.0
12,13,236,6.0
12,13,237,6.0
12,13,238,6.0
12,13,239,6.0
12,13,240,6.0
12,13,241,6.0
12,13,242,6.0
12,13,243,6.0
12,13,244,11.0
12,13,245,11.0
12,13,246,6.0
12,13,247,6.0
12,13,248,6.0
12,13,249,6.0
12,13,250,11.0
12,13,251,6.0
12,13,252,6.0
12,13,253,6.0
12,13,254,6.0
12,13,255,6.0
12,13,256,6.0
12,13,257,6.0
12,13,258,6.0
12,13,259,6.0
12,13,260,6.0
12,13,261,6.0
12,13,262,11.0
12,13,263,6.0
12,13,264,6.0
12,13,265,11.0
12,13,266,11.0
12,13,267,6.0
12,13,268,6.0
12,13,269,11.0
12,13,270,11.0
12,13,271,11.0
12,13,272,11.0
12,13,273,6.0
12,13,274,6.0
12,13,275,11.0
12,13,276,11.0
12,13,277,6.0
12,13,278,11.0
12,13,279,6.0
12,13,280,6.0
12,13,281,6.0
12,13,282,6.0
12,13,283,11.0
12,13,284,6.0
12,13,285,6.0
12,13,286,6.0
12,13,287,6.0
12,13,288,6.0
12,13,289,6.0
12,13,290,6.0
12,13,291,11.0
12,13,292,6.0
12,13,293,6.0
12,13,294,6.0
12,13,295,6.0
12,13,296,6.0
12,13,297,6.0
12,13,298,6.0
12,13,299,6.0
12,13,300,6.0
12,13,301,6.0
12,13,302,11.0
12,13,303,11.0
12,13,304,6.0
12,13,305,11.0
12,13,306,11.0
12,13,307,6.0
12,13,308,6.0
12,13,309,11.0
12,13,310,6.0
12,13,311,6.0
12,13,312,6.0
12,13,313,11.0
12,13,314,6.0
12,13,315,11.0
12,13,316,6.0
12,13,317,6.0
12,13,318,6.0
12,13,319,11.0
12,13,320,11.0
12,13,321,11.0
12,13,322,6.0
12,13,323,11.0
12,13,324,7.0
12,13,325,6.0
12,13,326,11.0
12,13,327,6.0
12,13,328,6.0
12,13,329,6.0
12,13,330,11.0
12,13,331,11.0
12,13,332,8.0
12,13,333,6.0
12,13,334,6.0
12,13,335,6.0
12,13,336,6.0
12,13,337,6.0
12,13,338,6.0
12,13,339,6.0
12,13,340,6.0
12,13,341,6.0
12,13,342,11.0
12,13,343,6.0
12,13,344,11.0
12,13,345,6.0
12,13,346,11.0
12,13,347,11.0
12,13,348,11.0
12,13,349,11.0
12,13,350,6.0
12,13,351,11.0
12,13,352,11.0
12,13,353,6.0
12,13,354,11.0
12,13,355,8.0
12,13,356,11.0
12,13,357,11.0
12,13,358,11.0
12,13,359,6.0
12,13,360,-0.0
22,23,0,0.0
22,23,1,0.0
22,23,2,0.0
22,23,3,0.0
22,23,4,-0.0
22,23,5,0.0
22,23,6,0.0
22,23,7,0.0
22,23,8,0.0
22,23,9,0.0
22,23,10,0.0
22,23,11,0.0
22,23,12,-0.0
22,23,13,0.0
22,23,14,0.0
22,23,15,0.0
22,23,16,0.0
22,23,17,0.0
22,23,18,0.0
22,23,19,0.0
22,23,20,0.0
22,23,21,0.0
22,23,22,0.0
22,23,23,0.0
22,23,24,0.0
22,23,25,0.0
22,23,26,0.0
22,23,27,0.0
22,23,28,0.0
22,23,29,0.0
22,23,30,0.0
22,23,31,0.0
22,23,32,0.0
22,23,33,0.0
22,23,34,0.0
22,23,35,0.0
22,23,36,0.0
22,23,37,0.0
22,23,38,0.0
22,23,39,0.0
22,23,40,0.0
22,23,41,0.0
22,23,42,0.0
22,23,43,-0.0
22,23,44,0.0
22,23,45,0.0
22,23,46,0.0
22,23,47,0.0
22,23,48,0.0
22,23,49,0.0
22,23,50,0.0
22,23,51,0.0
22,23,52,0.0
22,23,53,0.0
22,23,54,0.0
22,23,55,0.0
22,23,56,0.0
22,23,57,0.0
22,23,58,0.0
22,23,59,0.0
22,23,60,0.0
22,23,61,0.0
22,23,62,0.0
22,23,63,0.0
22,23,64,0.0
22,23,65,0.0
22,23,66,0.0
22,23,67,0.0
22,23,68,0.0
22,23,69,0.0
22,23,70,0.0
22,23,71,0.0
22,23,72,0.0
22,23,73,0.0
22,23,74,0.0
22,23,75,0.0
22,23,76,0.0
22,23,77,0.0
22,23,78,0.0
22,23,79,0.0
22,23,80,0.0
22,23,81,0.0
22,23,82,0.0
22,23,83,0.0
22,23,84,0.0
22,23,85,0.0
22,23,86,0.0
22,23,87,0.0
22,23,88,0.0
22,23,89,0.0
22,23,90,0.0
22,23,91,0.0
22,23,92,0.0
22,23,93,0.0
22,23,94,0.0
22,23,95,0.0
22,23,96,0.0
22,23,97,0.0
22,23,98,0.0
22,23,99,0.0
22,23,100,0.0
22,23,101,0.0
22,23,102,0.0
22,23,103,0.0
22,23,104,0.0
22,23,105,0.0
22,23,106,0.0
22,23,107,0.0
22,23,108,0.0
22,23,109,0.0
22,23,110,0.0
22,23,111,0.0
22,23,112,0.0
22,23,113,0.0
22,23,114,0.0
22,23,115,0.0
22,23,116,0.0
22,23,117,0.0
22,23,118,0.0
22,23,119,0.0
22,23,120,0.0
22,23,121,0.0
22,23,122,0.0
22,23,123,0.0
22,23,124,0.0
22,23,125,0.0
22,23,126,0.0
22,23,127,0.0
22,23,128,0.0
22,23,129,0.0
22,23,130,0.0
22,23,131,0.0
22,23,132,0.0
22,23,133,0.0
22,23,134,0.0
22,23,135,0.0
22,23,136,-0.0
22,23,137,0.0
22,23,138,0.0
22,23,139,0.0
22,23,140,0.0
22,23,141,0.0
22,23,142,0.0
22,23,143,0.0
22,23,144,0.0
22,23,145,0.0
22,23,146,0.0
22,23,147,0.0
22,23,148,0.0
22,23,149,0.0
22,23,150,0.0
22,23,151,0.0
22,23,152,0.0
22,23,153,0.0
22,23,154,0.0
22,23,155,0.0
22,23,156,0.0
22,23,157,0.0
22,23,158,0.0
22,23,159,0.0
22,23,160,0.0
22,23,161,0.0
22,23,162,0.0
22,23,163,0.0
22,23,164,0.0
22,23,165,0.0
22,23,166,0.0
22,23,167,0.0
22,23,168,0.0
22,23,169,0.0
22,23,170,0.0
22,23,171,0.0
22,23,172,0.0
22,23,173,0.0
22,23,174,0.0
22,23,175,0.0
22,23,176,0.0
22,23,177,0.0
22,23,178,0.0
22,23,179,0.0
22,23,180,0.0
22,23,181,0.0
22,23,182,0.0
22,23,183,0.0
22,23,184,0.0
22,23,185,0.0
22,23,186,0.0
22,23,187,0.0
22,23,188,0.0
22,23,189,0.0
22,23,190,0.0
22,23,191,0.0
22,23,192,0.0
22,23,193,0.0
22,23,194,0.0
22,23,195,0.0
22,23,196,0.0
22,23,197,0.0
22,23,198,0.0
22,23,199,0.0
22,23,200,0.0
22,23,201,0.0
22,23,202,0.0
22,23,203,0.0
22,23,204,0.0
22,23,205,0.0
22,23,206,0.0
22,23,207,0.0
22,23,208,0.0
22,23,209,0.0
22,23,210,0.0
22,23,211,0.0
22,23,212,0.0
22,23,213,0.0
22,23,214,0.0
22,23,215,0.0
22,23,216,0.0
22,23,217,-0.0
22,23,218,0.0
22,23,219,0.0
22,23,220,0.0
22,23,221,0.0
22,23,222,0.0
22,23,223,0.0
22,23,224,0.0
22,23,225,0.0
22,23,226,0.0
22,23,227,0.0
22,23,228,0.0
22,23,229,0.0
22,23,230,0.0
22,23,231,0.0
22,23,232,0.0
22,23,233,0.0
22,23,234,0.0
22,23,235,0.0
22,23,236,0.0
22,23,237,0.0
22,23,238,0.0
22,23,239,0.0
22,23,240,0.0
22,23,241,0.0
22,23,242,0.0
22,23,243,0.0
22,23,244,0.0
22,23,245,0.0
22,23,246,0.0
22,23,247,0.0
22,23,248,0.0
22,23,249,0.0
22,23,250,0.0
22,23,251,0.0
22,23,252,0.0
22,23,253,0.0
22,23,254,0.0
22,23,255,0.0
22,23,256,0.0
22,23,257,0.0
22,23,258,0.0
22,23,259,0.0
22,23,260,0.0
22,23,261,0.0
22,23,262,0.0
22,23,263,0.0
22,23,264,0.0
22,23,265,0.0
22,23,266,0.0
22,23,267,0.0
22,23,268,0.0
22,23,269,0.0
22,23,270,0.0
22,23,271,-0.0
22,23,272,0.0
22,23,273,0.0
22,23,274,0.0
22,23,275,0.0
22,23,276,0.0
22,23,277,0.0
22,23,278,0.0
22,23,279,0.0
22,23,280,0.0
22,23,281,0.0
22,23,282,0.0
22,23,283,0.0
22,23,284,0.0
22,23,285,0.0
22,23,286,0.0
22,23,287,0.0
22,23,288,0.0
22,23,289,0.0
22,23,290,0.0
22,23,291,0.0
22,23,292,0.0
22,23,293,0.0
22,23,294,0.0
22,23,295,0.0
22,23,296,0.0
22,23,297,0.0
22,23,298,0.0
22,23,299,0.0
22,23,300,0.0
22,23,301,0.0
22,23,302,0.0
22,23,303,0.0
22,23,304,0.0
22,23,305,0.0
22,23,306,0.0
22,23,307,0.0
22,23,308,0.0
22,23,309,0.0
22,23,310,0.0
22,23,311,0.0
22,23,312,0.0
22,23,313,-0.0
22,23,314,0.0
22,23,315,0.0
22,23,316,0.0
22,23,317,0.0
22,23,318,0.0
22,23,319,0.0
22,23,320,0.0
22,23,321,0.0
22,23,322,0.0
22,23,323,0.0
22,23,324,0.0
22,23,325,0.0
22,23,326,0.0
22,23,327,0.0
22,23,328,0.0
22,23,329,0.0
22,23,330,0.0
22,23,331,0.0
22,23,332,0.0
22,23,333,0.0
22,23,334,0.0
22,23,335,0.0
22,23,336,0.0
22,23,337,0.0
22,23,338,0.0
22,23,339,0.0
22,23,340,0.0
22,23,341,0.0
22,23,342,0.0
22,23,343,0.0
22,23,344,0.0
22,23,345,0.0
22,23,346,0.0
22,23,347,0.0
22,23,348,0.0
22,23,349,0.0
22,23,350,0.0
22,23,351,0.0
22,23,352,0.0
22,23,353,0.0
22,23,354,0.0
22,23,355,0.0
22,23,356,0.0
22,23,357,0.0
22,23,358,0.0
22,23,359,-0.0
22,23,360,-0.0
97,90,0,0.0
97,90,1,0.0
97,90,2,3.0
97,90,3,0.0
97,90,4,-0.0
97,90,5,2.0
97,90,6,3.0
97,90,7,0.0
97,90,8,-0.0
97,90,9,0.0
97,90,10,3.0
97,90,11,3.0
97,90,12,3.0
97,90,13,3.0
97,90,14,3.0
97,90,15,3.0
97,90,16,5.0
97,90,17,3.0
97,90,18,0.0
97,90,19,3.0
97,90,20,-0.0
97,90,21,0.0
97,90,22,3.0
97,90,23,0.0
97,90,24,0.0
97,90,25,3.0
97,90,26,0.0
97,90,27,5.0
97,90,28,-0.0
97,90,29,2.0
97,90,30,3.0
97,90,31,-0.0
97,90,32,-0.0
97,90,33,3.0
97,90,34,0.0
97,90,35,3.0
97,90,36,-0.0
97,90,37,5.0
97,90,38,2.0
97,90,39,-0.0
97,90,40,1.0
97,90,41,3.0
97,90,42,-0.0
97,90,43,2.0
97,90,44,-0.0
97,90,45,3.0
97,90,46,-0.0
97,90,47,-0.0
97,90,48,2.0
97,90,49,3.0
97,90,50,-0.0
97,90,51,-0.0
97,90,52,-0.0
97,90,53,3.0
97,90,54,0.0
97,90,55,0.0
97,90,56,3.0
97,90,57,2.0
97,90,58,3.0
97,90,59,-0.0
97,90,60,2.0
97,90,61,-0.0
97,90,62,3.0
97,90,63,0.0
97,90,64,-0.0
97,90,65,-0.0
97,90,66,2.0
97,90,67,-0.0
97,90,68,-0.0
97,90,69,-0.0
97,90,70,6.0
97,90,71,3.0
97,90,72,3.0
97,90,73,1.0
97,90,74,0.0
97,90,75,0.0
97,90,76,-0.0
97,90,77,0.0
97,90,78,3.0
97,90,79,-0.0
97,90,80,3.0
97,90,81,3.0
97,90,82,-0.0
97,90,83,3.0
97,90,84,3.0
97,90,85,0.0
97,90,86,0.0
97,90,87,-0.0
97,90,88,0.0
97,90,89,-0.0
97,90,90,3.0
97,90,91,3.0
97,90,92,-0.0
97,90,93,0.0
97,90,94,3.0
97,90,95,0.0
97,90,96,3.0
97,90,97,2.0
97,90,98,-0.0
97,90,99,1.0
97,90,100,0.0
97,90,101,-0.0
97,90,102,3.0
97,90,103,-0.0
97,90,104,4.0
97,90,105,3.0
97,90,106,0.0
97,90,107,0.0
97,90,108,0.0
97,90,109,-0.0
97,90,110,0.0
97,90,111,-0.0
97,90,112,-0.0
97,90,113,0.0
97,90,114,0.0
97,90,115,3.0
97,90,116,0.0
97,90,117,3.0
97,90,118,0.0
97,90,119,3.0
97,90,120,2.0
97,90,121,3.0
97,90,122,2.0
97,90,123,0.0
97,90,124,3.0
97,90,125,3.0
97,90,126,2.0
97,90,127,0.0
97,90,128,0.0
97,90,129,0.0
97,90,130,3.0
97,90,131,-0.0
97,90,132,-0.0
97,90,133,-0.0
97,90,134,-0.0
97,90,135,-0.0
97,90,136,-0.0
97,90,137,0.0
97,90,138,-0.0
97,90,139,2.0
97,90,140,3.0
97,90,141,2.0
97,90,142,3.0
97,90,143,3.0
97,90,144,3.0
97,90,145,3.0
97,90,146,3.0
97,90,147,2.0
97,90,148,3.0
97,90,149,3.0
97,90,150,3.0
97,90,151,3.0
97,90,152,-0.0
97,90,153,3.0
97,90,154,3.0
97,90,155,0.0
97,90,156,0.0
97,90,157,-0.0
97,90,158,0.0
97,90,159,0.0
97,90,160,1.0
97,90,161,-0.0
97,90,162,3.0
97,90,163,3.0
97,90,164,0.0
97,90,165,1.0
97,90,166,-0.0
97,90,167,-0.0
97,90,168,3.0
97,90,169,0.0
97,90,170,3.0
97,90,171,2.0
97,90,172,3.0
97,90,173,3.0
97,90,174,0.0
97,90,175,-0.0
97,90,176,3.0
97,90,177,3.0
97,90,178,1.0
97,90,179,3.0
97,90,180,3.0
97,90,181,2.0
97,90,182,3.0
97,90,183,3.0
97,90,184,6.0
97,90,185,-0.0
97,90,186,-0.0
97,90,187,0.0
97,90,188,-0.0
97,90,189,-0.0
97,90,190,0.0
97,90,191,3.0
97,90,192,3.0
97,90,193,2.0
97,90,194,0.0
97,90,195,2.0
97,90,196,3.0
97,90,197,-0.0
97,90,198,-0.0
97,90,199,-0.0
97,90,200,3.0
97,90,201,-0.0
97,90,202,1.0
97,90,203,3.0
97,90,204,0.0
97,90,205,0.0
97,90,206,2.0
97,90,207,0.0
97,90,208,-0.0
97,90,209,3.0
97,90,210,-0.0
97,90,211,6.0
97,90,212,5.0
97,90,213,-0.0
97,90,214,-0.0
97,90,215,-0.0
97,90,216,2.0
97,90,217,-0.0
97,90,218,3.0
97,90,219,0.0
97,90,220,-0.0
97,90,221,0.0
97,90,222,1.0
97,90,223,3.0
97,90,224,0.0
97,90,225,2.0
97,90,226,-0.0
97,90,227,-0.0
97,90,228,3.0
97,90,229,-0.0
97,90,230,0.0
97,90,231,-0.0
97,90,232,0.0
97,90,233,-0.0
97,90,234,0.0
97,90,235,-0.0
97,90,236,-0.0
97,90,237,-0.0
97,90,238,-0.0
97,90,239,3.0
97,90,240,-0.0
97,90,241,1.0
97,90,242,0.0
97,90,243,3.0
97,90,244,3.0
97,90,245,3.0
97,90,246,-0.0
97,90,247,6.0
97,90,248,3.0
97,90,249,3.0
97,90,250,3.0
97,90,251,-0.0
97,90,252,0.0
97,90,253,0.0
97,90,254,0.0
97,90,255,3.0
97,90,256,3.0
97,90,257,2.0
97,90,258,3.0
97,90,259,3.0
97,90,260,0.0
97,90,261,3.0
97,90,262,0.0
97,90,263,-0.0
97,90,264,2.0
97,90,265,3.0
97,90,266,2.0
97,90,267,0.0
97,90,268,3.0
97,90,269,-0.0
97,90,270,-0.0
97,90,271,-0.0
97,90,272,-0.0
97,90,273,3.0
97,90,274,2.0
97,90,275,-0.0
97,90,276,2.0
97,90,277,0.0
97,90,278,3.0
97,90,279,3.0
97,90,280,3.0
97,90,281,-0.0
97,90,282,3.0
97,90,283,3.0
97,90,284,3.0
97,90,285,-0.0
97,90,286,0.0
97,90,287,2.0
97,90,288,-0.0
97,90,289,0.0
97,90,290,3.0
97,90,291,2.0
97,90,292,3.0
97,90,293,3.0
97,90,294,3.0
97,90,295,3.0
97,90,296,2.0
97,90,297,0.0
97,90,298,3.0
97,90,299,3.0
97,90,300,3.0
97,90,301,-0.0
97,90,302,3.0
97,90,303,0.0
97,90,304,2.0
97,90,305,0.0
97,90,306,2.0
97,90,307,-0.0
97,90,308,3.0
97,90,309,-0.0
97,90,310,-0.0
97,90,311,-0.0
97,90,312,-0.0
97,90,313,3.0
97,90,314,0.0
97,90,315,3.0
97,90,316,-0.0
97,90,317,-0.0
97,90,318,3.0
97,90,319,3.0
97,90,320,-0.0
97,90,321,3.0
97,90,322,3.0
97,90,323,6.0
97,90,324,-0.0
97,90,325,3.0
97,90,326,3.0
97,90,327,2.0
97,90,328,5.0
97,90,329,3.0
97,90,330,-0.0
97,90,331,3.0
97,90,332,3.0
97,90,333,0.0
97,90,334,3.0
97,90,335,2.0
97,90,336,3.0
97,90,337,2.0
97,90,338,0.0
97,90,339,6.0
97,90,340,0.0
97,90,341,3.0
97,90,342,-0.0
97,90,343,2.0
97,90,344,-0.0
97,90,345,-0.0
97,90,346,3.0
97,90,347,3.0
97,90,348,2.0
97,90,349,3.0
97,90,350,-0.0
97,90,351,3.0
97,90,352,3.0
97,90,353,-0.0
97,90,354,3.0
97,90,355,3.0
97,90,356,2.0
97,90,357,-0.0
97,90,358,-0.0
97,90,359,-0.0
97,90,360,-0.0
114,115,0,0.0
114,115,1,0.0
114,115,2,6.0
114,115,3,11.0
114,115,4,6.0
114,115,5,6.0
114,115,6,6.0
114,115,7,10.0
114,115,8,6.0
114,115,9,6.0
114,115,10,0.0
114,115,11,0.0
114,115,12,6.0
114,115,13,6.0
114,115,14,6.0
114,115,15,6.0
114,115,16,6.0
114,115,17,6.0
114,115,18,0.0
114,115,19,0.0
114,115,20,0.0
114,115,21,11.0
114,115,22,6.0
114,115,23,0.0
114,115,24,5.0
114,115,25,12.0
114,115,26,5.0
114,115,27,12.0
114,115,28,5.0
114,115,29,11.0
114,115,30,6.0
114,115,31,4.0
114,115,32,12.0
114,115,33,0.0
114,115,34,6.0
114,115,35,6.0
114,115,36,6.0
114,115,37,0.0
114,115,38,6.0
114,115,39,6.0
114,115,40,10.0
114,115,41,7.0
114,115,42,8.0
114,115,43,9.0
114,115,44,6.0
114,115,45,10.0
114,115,46,6.0
114,115,47,11.0
114,115,48,6.0
114,115,49,0.0
114,115,50,10.0
114,115,51,7.0
114,115,52,5.0
114,115,53,12.0
114,115,54,4.0
114,115,55,12.0
114,115,56,5.0
114,115,57,6.0
114,115,58,6.0
114,115,59,10.0
114,115,60,6.0
114,115,61,7.0
114,115,62,10.0
114,115,63,6.0
114,115,64,11.0
114,115,65,6.0
114,115,66,6.0
114,115,67,6.0
114,115,68,10.0
114,115,69,6.0
114,115,70,0.0
114,115,71,-0.0
114,115,72,0.0
114,115,73,12.0
114,115,74,6.0
114,115,75,10.0
114,115,76,6.0
114,115,77,6.0
114,115,78,0.0
114,115,79,6.0
114,115,80,11.0
114,115,81,6.0
114,115,82,11.0
114,115,83,6.0
114,115,84,11.0
114,115,85,6.0
114,115,86,0.0
114,115,87,11.0
114,115,88,6.0
114,115,89,0.0
114,115,90,6.0
114,115,91,11.0
114,115,92,6.0
114,115,93,11.0
114,115,94,6.0
114,115,95,6.0
114,115,96,11.0
114,115,97,0.0
114,115,98,12.0
114,115,99,5.0
114,115,100,0.0
114,115,101,9.0
114,115,102,8.0
114,115,103,6.0
114,115,104,11.0
114,115,105,6.0
114,115,106,10.0
114,115,107,6.0
114,115,108,11.0
114,115,109,6.0
114,115,110,6.0
114,115,111,6.0
114,115,112,6.0
114,115,113,6.0
114,115,114,0.0
114,115,115,6.0
114,115,116,6.0
114,115,117,6.0
114,115,118,11.0
114,115,119,6.0
114,115,120,10.0
114,115,121,7.0
114,115,122,10.0
114,115,123,6.0
114,115,124,10.0
114,115,125,6.0
114,115,126,11.0
114,115,127,6.0
114,115,128,10.0
114,115,129,7.0
114,115,130,6.0
114,115,131,6.0
114,115,132,0.0
114,115,133,12.0
114,115,134,0.0
114,115,135,6.0
114,115,136,6.0
114,115,137,11.0
114,115,138,6.0
114,115,139,11.0
114,115,140,6.0
114,115,141,10.0
114,115,142,6.0
114,115,143,11.0
114,115,144,6.0
114,115,145,11.0
114,115,146,6.0
114,115,147,11.0
114,115,148,6.0
114,115,149,10.0
114,115,150,6.0
114,115,151,11.0
114,115,152,6.0
114,115,153,11.0
114,115,154,6.0
114,115,155,11.0
114,115,156,6.0
114,115,157,6.0
114,115,158,11.0
114,115,159,6.0
114,115,160,0.0
114,115,161,11.0
114,115,162,6.0
114,115,163,6.0
114,115,164,11.0
114,115,165,6.0
114,115,166,6.0
114,115,167,7.0
114,115,168,6.0
114,115,169,6.0
114,115,170,11.0
114,115,171,6.0
114,115,172,6.0
114,115,173,10.0
114,115,174,6.0
114,115,175,11.0
114,115,176,6.0
114,115,177,6.0
114,115,178,11.0
114,115,179,6.0
114,115,180,0.0
114,115,181,11.0
114,115,182,6.0
114,115,183,11.0
114,115,184,6.0
114,115,185,6.0
114,115,186,11.0
114,115,187,6.0
114,115,188,0.0
114,115,189,6.0
114,115,190,6.0
114,115,191,6.0
114,115,192,11.0
114,115,193,6.0
114,115,194,6.0
114,115,195,10.0
114,115,196,0.0
114,115,197,10.0
114,115,198,7.0
114,115,199,6.0
114,115,200,0.0
114,115,201,6.0
114,115,202,0.0
114,115,203,6.0
114,115,204,8.0
114,115,205,9.0
114,115,206,0.0
114,115,207,6.0
114,115,208,10.0
114,115,209,6.0
114,115,210,0.0
114,115,211,12.0
114,115,212,5.0
114,115,213,12.0
114,115,214,5.0
114,115,215,6.0
114,115,216,0.0
114,115,217,6.0
114,115,218,10.0
114,115,219,6.0
114,115,220,11.0
114,115,221,6.0
114,115,222,0.0
114,115,223,6.0
114,115,224,2.0
114,115,225,11.0
114,115,226,6.0
114,115,227,11.0
114,115,228,6.0
114,115,229,6.0
114,115,230,11.0
114,115,231,6.0
114,115,232,0.0
114,115,233,6.0
114,115,234,11.0
114,115,235,6.0
114,115,236,0.0
114,115,237,6.0
114,115,238,11.0
114,115,239,6.0
114,115,240,6.0
114,115,241,11.0
114,115,242,6.0
114,115,243,2.0
114,115,244,0.0
114,115,245,11.0
114,115,246,6.0
114,115,247,6.0
114,115,248,11.0
114,115,249,6.0
114,115,250,6.0
114,115,251,6.0
114,115,252,11.0
114,115,253,6.0
114,115,254,0.0
114,115,255,6.0
114,115,256,6.0
114,115,257,11.0
114,115,258,6.0
114,115,259,10.0
114,115,260,6.0
114,115,261,11.0
114,115,262,6.0
114,115,263,11.0
114,115,264,6.0
114,115,265,11.0
114,115,266,4.0
114,115,267,12.0
114,115,268,5.0
114,115,269,6.0
114,115,270,11.0
114,115,271,6.0
114,115,272,11.0
114,115,273,6.0
114,115,274,11.0
114,115,275,6.0
114,115,276,11.0
114,115,277,6.0
114,115,278,10.0
114,115,279,6.0
114,115,280,6.0
114,115,281,11.0
114,115,282,6.0
114,115,283,11.0
114,115,284,6.0
114,115,285,11.0
114,115,286,6.0
114,115,287,6.0
114,115,288,0.0
114,115,289,11.0
114,115,290,6.0
114,115,291,11.0
114,115,292,6.0
114,115,293,4.0
114,115,294,12.0
114,115,295,5.0
114,115,296,12.0
114,115,297,5.0
114,115,298,11.0
114,115,299,6.0
114,115,300,6.0
114,115,301,11.0
114,115,302,6.0
114,115,303,0.0
114,115,304,11.0
114,115,305,6.0
114,115,306,10.0
114,115,307,6.0
114,115,308,10.0
114,115,309,6.0
114,115,310,11.0
114,115,311,6.0
114,115,312,6.0
114,115,313,11.0
114,115,314,6.0
114,115,315,11.0
114,115,316,6.0
114,115,317,6.0
114,115,318,6.0
114,115,319,6.0
114,115,320,11.0
114,115,321,6.0
114,115,322,6.0
114,115,323,11.0
114,115,324,6.0
114,115,325,11.0
114,115,326,6.0
114,115,327,11.0
114,115,328,6.0
114,115,329,11.0
114,115,330,6.0
114,115,331,6.0
114,115,332,6.0
114,115,333,6.0
114,115,334,11.0
114,115,335,6.0
114,115,336,6.0
114,115,337,11.0
114,115,338,6.0
114,115,339,10.0
114,115,340,6.0
114,115,341,11.0
114,115,342,6.0
114,115,343,11.0
114,115,344,6.0
114,115,345,10.0
114,115,346,6.0
114,115,347,6.0
114,115,348,11.0
114,115,349,6.0
114,115,350,10.0
114,115,351,6.0
114,115,352,6.0
114,115,353,6.0
114,115,354,11.0
114,115,355,6.0
114,115,356,11.0
114,115,357,6.0
114,115,358,10.0
114,115,359,0.0
114,115,360,-0.0
109,110,0,0.0
109,110,1,0.0
109,110,2,0.0
109,110,3,0.0
109,110,4,0.0
109,110,5,0.0
109,110,6,0.0
109,110,7,0.0
109,110,8,0.0
109,110,9,0.0
109,110,10,0.0
109,110,11,0.0
109,110,12,0.0
109,110,13,0.0
109,110,14,0.0
109,110,15,0.0
109,110,16,0.0
109,110,17,0.0
109,110,18,0.0
109,110,19,0.0
109,110,20,0.0
109,110,21,0.0
109,110,22,0.0
109,110,23,0.0
109,110,24,0.0
109,110,25,0.0
109,110,26,0.0
109,110,27,0.0
109,110,28,0.0
109,110,29,-0.0
109,110,30,0.0
109,110,31,-0.0
109,110,32,0.0
109,110,33,-0.0
109,110,34,0.0
109,110,35,0.0
109,110,36,0.0
109,110,37,0.0
109,110,38,0.0
109,110,39,0.0
109,110,40,0.0
109,110,41,0.0
109,110,42,0.0
109,110,43,0.0
109,110,44,0.0
109,110,45,0.0
109,110,46,0.0
109,110,47,0.0
109,110,48,0.0
109,110,49,0.0
109,110,50,0.0
109,110,51,0.0
109,110,52,0.0
109,110,53,0.0
109,110,54,0.0
109,110,55,0.0
109,110,56,0.0
109,110,57,0.0
109,110,58,0.0
109,110,59,0.0
109,110,60,0.0
109,110,61,0.0
109,110,62,0.0
109,110,63,0.0
109,110,64,0.0
109,110,65,0.0
109,110,66,0.0
109,110,67,-0.0
109,110,68,0.0
109,110,69,0.0
109,110,70,-0.0
109,110,71,-0.0
109,110,72,0.0
109,110,73,0.0
109,110,74,0.0
109,110,75,0.0
109,110,76,-0.0
109,110,77,0.0
109,110,78,0.0
109,110,79,0.0
109,110,80,0.0
109,110,81,0.0
109,110,82,0.0
109,110,83,0.0
109,110,84,0.0
109,110,85,0.0
109,110,86,-0.0
109,110,87,0.0
109,110,88,0.0
109,110,89,0.0
109,110,90,0.0
109,110,91,0.0
109,110,92,-0.0
109,110,93,0.0
109,110,94,0.0
109,110,95,0.0
109,110,96,0.0
109,110,97,0.0
109,110,98,0.0
109,110,99,0.0
109,110,100,0.0
109,110,101,0.0
109,110,102,-0.0
109,110,103,0.0
109,110,104,0.0
109,110,105,0.0
109,110,106,0.0
109,110,107,-0.0
109,110,108,0.0
109,110,109,0.0
109,110,110,0.0
109,110,111,0.0
109,110,112,0.0
109,110,113,0.0
109,110,114,-0.0
109,110,115,0.0
109,110,116,0.0
109,110,117,-0.0
109,110,118,0.0
109,110,119,0.0
109,110,120,0.0
109,110,121,-0.0
109,110,122,0.0
109,110,123,0.0
109,110,124,-0.0
109,110,125,-0.0
109,110,126,0.0
109,110,127,0.0
109,110,128,0.0
109,110,129,0.0
109,110,130,-0.0
109,110,131,0.0
109,110,132,0.0
109,110,133,0.0
109,110,134,0.0
109,110,135,0.0
109,110,136,0.0
109,110,137,0.0
109,110,138,-0.0
109,110,139,0.0
109,110,140,0.0
109,110,141,0.0
109,110,142,0.0
109,110,143,-0.0
109,110,144,0.0
109,110,145,0.0
109,110,146,-0.0
109,110,147,0.0
109,110,148,0.0
109,110,149,0.0
109,110,150,0.0
109,110,151,0.0
109,110,152,0.0
109,110,153,0.0
109,110,154,0.0
109,110,155,0.0
109,110,156,0.0
109,110,157,0.0
109,110,158,-0.0
109,110,159,0.0
109,110,160,0.0
109,110,161,0.0
109,110,162,0.0
109,110,163,-0.0
109,110,164,0.0
109,110,165,0.0
109,110,166,0.0
109,110,167,0.0
109,110,168,0.0
109,110,169,0.0
109,110,170,0.0
109,110,171,0.0
109,110,172,0.0
109,110,173,0.0
109,110,174,0.0
109,110,175,0.0
109,110,176,0.0
109,110,177,-0.0
109,110,178,-0.0
109,110,179,0.0
109,110,180,0.0
109,110,181,0.0
109,110,182,-0.0
109,110,183,0.0
109,110,184,0.0
109,110,185,0.0
109,110,186,-0.0
109,110,187,0.0
109,110,188,0.0
109,110,189,-0.0
109,110,190,-0.0
109,110,191,0.0
109,110,192,0.0
109,110,193,0.0
109,110,194,0.0
109,110,195,-0.0
109,110,196,0.0
109,110,197,-0.0
109,110,198,0.0
109,110,199,-0.0
109,110,200,0.0
109,110,201,0.0
109,110,202,0.0
109,110,203,0.0
109,110,204,0.0
109,110,205,0.0
109,110,206,0.0
109,110,207,0.0
109,110,208,0.0
109,110,209,0.0
109,110,210,0.0
109,110,211,-0.0
109,110,212,0.0
109,110,213,0.0
109,110,214,0.0
109,110,215,0.0
109,110,216,0.0
109,110,217,0.0
109,110,218,0.0
109,110,219,0.0
109,110,220,0.0
109,110,221,0.0
109,110,222,-0.0
109,110,223,-0.0
109,110,224,0.0
109,110,225,-0.0
109,110,226,0.0
109,110,227,-0.0
109,110,228,0.0
109,110,229,0.0
109,110,230,0.0
109,110,231,0.0
109,110,232,0.0
109,110,233,0.0
109,110,234,0.0
109,110,235,0.0
109,110,236,0.0
109,110,237,0.0
109,110,238,0.0
109,110,239,-0.0
109,110,240,0.0
109,110,241,-0.0
109,110,242,0.0
109,110,243,-0.0
109,110,244,0.0
109,110,245,0.0
109,110,246,-0.0
109,110,247,0.0
109,110,248,-0.0
109,110,249,0.0
109,110,250,0.0
109,110,251,0.0
109,110,252,0.0
109,110,253,0.0
109,110,254,0.0
109,110,255,0.0
109,110,256,-0.0
109,110,257,0.0
109,110,258,0.0
109,110,259,0.0
109,110,260,0.0
109,110,261,0.0
109,110,262,0.0
109,110,263,-0.0
109,110,264,-0.0
109,110,265,0.0
109,110,266,0.0
109,110,267,0.0
109,110,268,0.0
109,110,269,-0.0
109,110,270,0.0
109,110,271,0.0
109,110,272,0.0
109,110,273,0.0
109,110,274,0.0
109,110,275,0.0
109,110,276,0.0
109,110,277,-0.0
109,110,278,0.0
109,110,279,0.0
109,110,280,0.0
109,110,281,0.0
109,110,282,0.0
109,110,283,0.0
109,110,284,0.0
109,110,285,0.0
109,110,286,0.0
109,110,287,0.0
109,110,288,0.0
109,110,289,-0.0
109,110,290,0.0
109,110,291,0.0
109,110,292,0.0
109,110,293,0.0
109,110,294,0.0
109,110,295,0.0
109,110,296,0.0
109,110,297,0.0
109,110,298,0.0
109,110,299,0.0
109,110,300,0.0
109,110,301,0.0
109,110,302,-0.0
109,110,303,-0.0
109,110,304,0.0
109,110,305,0.0
109,110,306,0.0
109,110,307,0.0
109,110,308,0.0
109,110,309,0.0
109,110,310,-0.0
109,110,311,0.0
109,110,312,0.0
109,110,313,-0.0
109,110,314,0.0
109,110,315,0.0
109,110,316,0.0
109,110,317,0.0
109,110,318,0.0
109,110,319,0.0
109,110,320,0.0
109,110,321,-0.0
109,110,322,0.0
109,110,323,0.0
109,110,324,0.0
109,110,325,0.0
109,110,326,0.0
109,110,327,-0.0
109,110,328,0.0
109,110,329,0.0
109,110,330,-0.0
109,110,331,-0.0
109,110,332,0.0
109,110,333,0.0
109,110,334,-0.0
109,110,335,0.0
109,110,336,0.0
109,110,337,0.0
109,110,338,0.0
109,110,339,0.0
109,110,340,0.0
109,110,341,-0.0
109,110,342,0.0
109,110,343,0.0
109,110,344,0.0
109,110,345,0.0
109,110,346,0.0
109,110,347,0.0
109,110,348,0.0
109,110,349,0.0
109,110,350,0.0
109,110,351,0.0
109,110,352,0.0
109,110,353,0.0
109,110,354,0.0
109,110,355,0.0
109,110,356,0.0
109,110,357,0.0
109,110,358,0.0
109,110,359,-0.0
109,110,360,-0.0
95,56,0,0.0
95,56,1,0.0
95,56,2,-0.0
95,56,3,-0.0
95,56,4,-0.0
95,56,5,-0.0
95,56,6,-0.0
95,56,7,-0.0
95,56,8,0.0
95,56,9,0.0
95,56,10,-0.0
95,56,11,-0.0
95,56,12,-0.0
95,56,13,0.0
95,56,14,-0.0
95,56,15,-0.0
95,56,16,-0.0
95,56,17,0.0
95,56,18,0.0
95,56,19,-0.0
95,56,20,0.0
95,56,21,-0.0
95,56,22,-0.0
95,56,23,0.0
95,56,24,-0.0
95,56,25,0.0
95,56,26,0.0
95,56,27,0.0
95,56,28,-0.0
95,56,29,-0.0
95,56,30,-0.0
95,56,31,-0.0
95,56,32,-0.0
95,56,33,-0.0
95,56,34,-0.0
95,56,35,-0.0
95,56,36,-0.0
95,56,37,-0.0
95,56,38,-0.0
95,56,39,-0.0
95,56,40,0.0
95,56,41,-0.0
95,56,42,-0.0
95,56,43,-0.0
95,56,44,0.0
95,56,45,0.0
95,56,46,-0.0
95,56,47,-0.0
95,56,48,-0.0
95,56,49,-0.0
95,56,50,-0.0
95,56,51,-0.0
95,56,52,-0.0
95,56,53,-0.0
95,56,54,-0.0
95,56,55,-0.0
95,56,56,-0.0
95,56,57,-0.0
95,56,58,0.0
95,56,59,-0.0
95,56,60,-0.0
95,56,61,0.0
95,56,62,-0.0
95,56,63,-0.0
95,56,64,-0.0
95,56,65,-0.0
95,56,66,-0.0
95,56,67,0.0
95,56,68,0.0
95,56,69,0.0
95,56,70,-0.0
95,56,71,-0.0
95,56,72,-0.0
95,56,73,0.0
95,56,74,-0.0
95,56,75,-0.0
95,56,76,-0.0
95,56,77,-0.0
95,56,78,0.0
95,56,79,0.0
95,56,80,-0.0
95,56,81,-0.0
95,56,82,0.0
95,56,83,0.0
95,56,84,0.0
95,56,85,-0.0
95,56,86,-0.0
95,56,87,-0.0
95,56,88,-0.0
95,56,89,-0.0
95,56,90,-0.0
95,56,91,-0.0
95,56,92,-0.0
95,56,93,-0.0
95,56,94,-0.0
95,56,95,0.0
95,56,96,0.0
95,56,97,0.0
95,56,98,0.0
95,56,99,-0.0
95,56,100,-0.0
95,56,101,0.0
95,56,102,-0.0
95,56,103,-0.0
95,56,104,-0.0
95,56,105,-0.0
95,56,106,-0.0
95,56,107,0.0
95,56,108,-0.0
95,56,109,-0.0
95,56,110,-0.0
95,56,111,-0.0
95,56,112,-0.0
95,56,113,-0.0
95,56,114,-0.0
95,56,115,-0.0
95,56,116,-0.0
95,56,117,-0.0
95,56,118,-0.0
95,56,119,-0.0
95,56,120,-0.0
95,56,121,0.0
95,56,122,-0.0
95,56,123,-0.0
95,56,124,-0.0
95,56,125,-0.0
95,56,126,-0.0
95,56,127,0.0
95,56,128,-0.0
95,56,129,-0.0
95,56,130,-0.0
95,56,131,-0.0
95,56,132,0.0
95,56,133,-0.0
95,56,134,-0.0
95,56,135,0.0
95,56,136,0.0
95,56,137,0.0
95,56,138,-0.0
95,56,139,-0.0
95,56,140,0.0
95,56,141,0.0
95,56,142,0.0
95,56,143,-0.0
95,56,144,0.0
95,56,145,-0.0
95,56,146,-0.0
95,56,147,-0.0
95,56,148,-0.0
95,56,149,0.0
95,56,150,0.0
95,56,151,-0.0
95,56,152,-0.0
95,56,153,-0.0
95,56,154,-0.0
95,56,155,-0.0
95,56,156,-0.0
95,56,157,-0.0
95,56,158,-0.0
95,56,159,-0.0
95,56,160,-0.0
95,56,161,-0.0
95,56,162,-0.0
95,56,163,-0.0
95,56,164,-0.0
95,56,165,-0.0
95,56,166,-0.0
95,56,167,-0.0
95,56,168,-0.0
95,56,169,-0.0
95,56,170,-0.0
95,56,171,0.0
95,56,172,0.0
95,56,173,-0.0
95,56,174,-0.0
95,56,175,-0.0
95,56,176,-0.0
95,56,177,-0.0
95,56,178,-0.0
95,56,179,-0.0
95,56,180,-0.0
95,56,181,-0.0
95,56,182,-0.0
95,56,183,0.0
95,56,184,-0.0
95,56,185,-0.0
95,56,186,-0.0
95,56,187,-0.0
95,56,188,-0.0
95,56,189,-0.0
95,56,190,-0.0
95,56,191,-0.0
95,56,192,-0.0
95,56,193,-0.0
95,56,194,-0.0
95,56,195,-0.0
95,56,196,-0.0
95,56,197,-0.0
95,56,198,-0.0
95,56,199,-0.0
95,56,200,-0.0
95,56,201,-0.0
95,56,202,-0.0
95,56,203,-0.0
95,56,204,-0.0
95,56,205,-0.0
95,56,206,-0.0
95,56,207,-0.0
95,56,208,-0.0
95,56,209,-0.0
95,56,210,-0.0
95,56,211,-0.0
95,56,212,-0.0
95,56,213,-0.0
95,56,214,-0.0
95,56,215,-0.0
95,56,216,-0.0
95,56,217,-0.0
95,56,218,-0.0
95,56,219,-0.0
95,56,220,-0.0
95,56,221,-0.0
95,56,222,-0.0
95,56,223,-0.0
95,56,224,-0.0
95,56,225,-0.0
95,56,226,-0.0
95,56,227,-0.0
95,56,228,-0.0
95,56,229,-0.0
95,56,230,-0.0
95,56,231,-0.0
95,56,232,-0.0
95,56,233,-0.0
95,56,234,-0.0
95,56,235,-0.0
95,56,236,-0.0
95,56,237,-0.0
95,56,238,-0.0
95,56,239,-0.0
95,56,240,-0.0
95,56,241,-0.0
95,56,242,-0.0
95,56,243,-0.0
95,56,244,-0.0
95,56,245,-0.0
95,56,246,-0.0
95,56,247,-0.0
95,56,248,-0.0
95,56,249,-0.0
95,56,250,-0.0
95,56,251,-0.0
95,56,252,-0.0
95,56,253,-0.0
95,56,254,-0.0
95,56,255,-0.0
95,56,256,-0.0
95,56,257,-0.0
95,56,258,-0.0
95,56,259,-0.0
95,56,260,-0.0
95,56,261,-0.0
95,56,262,-0.0
95,56,263,-0.0
95,56,264,-0.0
95,56,265,-0.0
95,56,266,-0.0
95,56,267,-0.0
95,56,268,-0.0
95,56,269,-0.0
95,56,270,-0.0
95,56,271,-0.0
95,56,272,-0.0
95,56,273,-0.0
95,56,274,-0.0
95,56,275,-0.0
95,56,276,-0.0
95,56,277,-0.0
95,56,278,-0.0
95,56,279,-0.0
95,56,280,0.0
95,56,281,-0.0
95,56,282,-0.0
95,56,283,-0.0
95,56,284,-0.0
95,56,285,-0.0
95,56,286,-0.0
95,56,287,-0.0
95,56,288,-0.0
95,56,289,-0.0
95,56,290,-0.0
95,56,291,-0.0
95,56,292,-0.0
95,56,293,-0.0
95,56,294,-0.0
95,56,295,-0.0
95,56,296,-0.0
95,56,297,-0.0
95,56,298,-0.0
95,56,299,0.0
95,56,300,0.0
95,56,301,-0.0
95,56,302,-0.0
95,56,303,-0.0
95,56,304,-0.0
95,56,305,-0.0
95,56,306,-0.0
95,56,307,-0.0
95,56,308,-0.0
95,56,309,-0.0
95,56,310,-0.0
95,56,311,-0.0
95,56,312,0.0
95,56,313,0.0
95,56,314,0.0
95,56,315,-0.0
95,56,316,-0.0
95,56,317,-0.0
95,56,318,-0.0
95,56,319,-0.0
95,56,320,-0.0
95,56,321,-0.0
95,56,322,-0.0
95,56,323,-0.0
95,56,324,-0.0
95,56,325,0.0
95,56,326,-0.0
95,56,327,-0.0
95,56,328,-0.0
95,56,329,-0.0
95,56,330,-0.0
95,56,331,0.0
95,56,332,-0.0
95,56,333,0.0
95,56,334,-0.0
95,56,335,-0.0
95,56,336,-0.0
95,56,337,-0.0
95,56,338,-0.0
95,56,339,-0.0
95,56,340,-0.0
95,56,341,-0.0
95,56,342,-0.0
95,56,343,0.0
95,56,344,-0.0
95,56,345,-0.0
95,56,346,-0.0
95,56,347,-0.0
95,56,348,0.0
95,56,349,0.0
95,56,350,0.0
95,56,351,-0.0
95,56,352,-0.0
95,56,353,-0.0
95,56,354,-0.0
95,56,355,-0.0
95,56,356,-0.0
95,56,357,-0.0
95,56,358,0.0
95,56,359,-0.0
95,56,360,-0.0
13,14,0,0.0
13,14,1,0.0
13,14,2,0.0
13,14,3,6.0
13,14,4,6.0
13,14,5,6.0
13,14,6,6.0
13,14,7,6.0
13,14,8,6.0
13,14,9,11.0
13,14,10,6.0
13,14,11,6.0
13,14,12,6.0
13,14,13,6.0
13,14,14,11.0
13,14,15,6.0
13,14,16,6.0
13,14,17,11.0
13,14,18,6.0
13,14,19,6.0
13,14,20,11.0
13,14,21,6.0
13,14,22,6.0
13,14,23,11.0
13,14,24,11.0
13,14,25,6.0
13,14,26,6.0
13,14,27,6.0
13,14,28,6.0
13,14,29,11.0
13,14,30,11.0
13,14,31,11.0
13,14,32,11.0
13,14,33,11.0
13,14,34,6.0
13,14,35,6.0
13,14,36,11.0
13,14,37,6.0
13,14,38,11.0
13,14,39,6.0
13,14,40,11.0
13,14,41,11.0
13,14,42,11.0
13,14,43,6.0
13,14,44,6.0
13,14,45,11.0
13,14,46,11.0
13,14,47,6.0
13,14,48,6.0
13,14,49,6.0
13,14,50,6.0
13,14,51,11.0
13,14,52,6.0
13,14,53,6.0
13,14,54,6.0
13,14,55,6.0
13,14,56,11.0
13,14,57,11.0
13,14,58,11.0
13,14,59,11.0
13,14,60,6.0
13,14,61,6.0
13,14,62,6.0
13,14,63,6.0
13,14,64,6.0
13,14,65,6.0
13,14,66,6.0
13,14,67,11.0
13,14,68,6.0
13,14,69,6.0
13,14,70,6.0
13,14,71,6.0
13,14,72,6.0
13,14,73,6.0
13,14,74,11.0
13,14,75,6.0
13,14,76,6.0
13,14,77,6.0
13,14,78,6.0
13,14,79,6.0
13,14,80,6.0
13,14,81,6.0
13,14,82,6.0
13,14,83,6.0
13,14,84,11.0
13,14,85,11.0
13,14,86,10.0
13,14,87,6.0
13,14,88,11.0
13,14,89,11.0
13,14,90,11.0
13,14,91,11.0
13,14,92,11.0
13,14,93,6.0
13,14,94,6.0
13,14,95,6.0
13,14,96,6.0
13,14,97,11.0
13,14,98,11.0
13,14,99,11.0
13,14,100,6.0
13,14,101,6.0
13,14,102,6.0
13,14,103,6.0
13,14,104,6.0
13,14,105,6.0
13,14,106,6.0
13,14,107,6.0
13,14,108,10.0
13,14,109,11.0
13,14,110,6.0
13,14,111,6.0
13,14,112,11.0
13,14,113,6.0
13,14,114,6.0
13,14,115,11.0
13,14,116,6.0
13,14,117,6.0
13,14,118,11.0
13,14,119,11.0
13,14,120,6.0
13,14,121,11.0
13,14,122,7.0
13,14,123,11.0
13,14,124,6.0
13,14,125,11.0
13,14,126,6.0
13,14,127,6.0
13,14,128,11.0
13,14,129,6.0
13,14,130,6.0
13,14,131,6.0
13,14,132,6.0
13,14,133,6.0
13,14,134,6.0
13,14,135,11.0
13,14,136,6.0
13,14,137,6.0
13,14,138,6.0
13,14,139,6.0
13,14,140,6.0
13,14,141,6.0
13,14,142,6.0
13,14,143,6.0
13,14,144,6.0
13,14,145,6.0
13,14,146,6.0
13,14,147,6.0
13,14,148,6.0
13,14,149,6.0
13,14,150,6.0
13,14,151,6.0
13,14,152,6.0
13,14,153,6.0
13,14,154,11.0
13,14,155,11.0
13,14,156,6.0
13,14,157,6.0
13,14,158,11.0
13,14,159,6.0
13,14,160,6.0
13,14,161,6.0
13,14,162,6.0
13,14,163,6.0
13,14,164,6.0
13,14,165,6.0
13,14,166,6.0
13,14,167,11.0
13,14,168,7.0
13,14,169,6.0
13,14,170,6.0
13,14,171,6.0
13,14,172,6.0
13,14,173,6.0
13,14,174,6.0
13,14,175,6.0
13,14,176,6.0
13,14,177,6.0
13,14,178,6.0
13,14,179,6.0
13,14,180,6.0
13,14,181,6.0
13,14,182,6.0
13,14,183,6.0
13,14,184,6.0
13,14,185,6.0
13,14,186,6.0
13,14,187,6.0
13,14,188,11.0
13,14,189,6.0
13,14,190,11.0
13,14,191,6.0
13,14,192,6.0
13,14,193,11.0
13,14,194,11.0
13,14,195,6.0
13,14,196,6.0
13,14,197,6.0
13,14,198,6.0
13,14,199,6.0
13,14,200,11.0
13,14,201,6.0
13,14,202,6.0
13,14,203,6.0
13,14,204,6.0
13,14,205,6.0
13,14,206,11.0
13,14,207,11.0
13,14,208,11.0
13,14,209,6.0
13,14,210,6.0
13,14,211,6.0
13,14,212,6.0
13,14,213,11.0
13,14,214,6.0
13,14,215,11.0
13,14,216,11.0
13,14,217,6.0
13,14,218,6.0
13,14,219,6.0
13,14,220,6.0
13,14,221,11.0
13,14,222,11.0
13,14,223,6.0
13,14,224,6.0
13,14,225,6.0
13,14,226,6.0
13,14,227,6.0
13,14,228,6.0
13,14,229,6.0
13,14,230,6.0
13,14,231,6.0
13,14,232,6.0
13,14,233,11.0
13,14,234,6.0
13,14,235,6.0
13,14,236,6.0
13,14,237,6.0
13,14,238,6.0
13,14,239,6.0
13,14,240,6.0
13,14,241,6.0
13,14,242,6.0
13,14,243,6.0
13,14,244,6.0
13,14,245,11.0
13,14,246,11.0
13,14,247,6.0
13,14,248,6.0
13,14,249,6.0
13,14,250,6.0
13,14,251,11.0
13,14,252,6.0
13,14,253,6.0
13,14,254,6.0
13,14,255,6.0
13,14,256,6.0
13,14,257,6.0
13,14,258,6.0
13,14,259,6.0
13,14,260,6.0
13,14,261,6.0
13,14,262,6.0
13,14,263,11.0
13,14,264,6.0
13,14,265,6.0
13,14,266,11.0
13,14,267,11.0
13,14,268,6.0
13,14,269,6.0
13,14,270,11.0
13,14,271,11.0
13,14,272,11.0
13,14,273,11.0
13,14,274,6.0
13,14,275,6.0
13,14,276,11.0
13,14,277,11.0
13,14,278,6.0
13,14,279,11.0
13,14,280,6.0
13,14,281,6.0
13,14,282,6.0
13,14,283,6.0
13,14,284,11.0
13,14,285,6.0
13,14,286,6.0
13,14,287,6.0
13,14,288,6.0
13,14,289,6.0
13,14,290,6.0
13,14,291,6.0
13,14,292,11.0
13,14,293,6.0
13,14,294,6.0
13,14,295,6.0
13,14,296,6.0
13,14,297,6.0
13,14,298,6.0
13,14,299,6.0
13,14,300,6.0
13,14,301,6.0
13,14,302,6.0
13,14,303,11.0
13,14,304,11.0
13,14,305,6.0
13,14,306,11.0
13,14,307,11.0
13,14,308,6.0
13,14,309,6.0
13,14,310,11.0
13,14,311,6.0
13,14,312,6.0
13,14,313,6.0
13,14,314,11.0
13,14,315,6.0
13,14,316,11.0
13,14,317,6.0
13,14,318,6.0
13,14,319,6.0
13,14,320,11.0
13,14,321,11.0
13,14,322,11.0
13,14,323,6.0
13,14,324,11.0
13,14,325,7.0
13,14,326,6.0
13,14,327,11.0
13,14,328,6.0
13,14,329,6.0
13,14,330,6.0
13,14,331,11.0
13,14,332,11.0
13,14,333,8.0
13,14,334,6.0
13,14,335,6.0
13,14,336,6.0
13,14,337,6.0
13,14,338,6.0
13,14,339,6.0
13,14,340,6.0
13,14,341,6.0
13,14,342,6.0
13,14,343,11.0
13,14,344,6.0
13,14,345,11.0
13,14,346,6.0
13,14,347,11.0
13,14,348,11.0
13,14,349,11.0
13,14,350,11.0
13,14,351,6.0
13,14,352,11.0
13,14,353,11.0
13,14,354,6.0
13,14,355,11.0
13,14,356,8.0
13,14,357,11.0
13,14,358,11.0
13,14,359,11.0
13,14,360,6.0
56,55,0,0.0
56,55,1,0.0
56,55,2,0.0
56,55,3,0.0
56,55,4,0.0
56,55,5,0.0
56,55,6,0.0
56,55,7,0.0
56,55,8,0.0
56,55,9,0.0
56,55,10,0.0
56,55,11,0.0
56,55,12,0.0
56,55,13,0.0
56,55,14,0.0
56,55,15,0.0
56,55,16,0.0
56,55,17,0.0
56,55,18,0.0
56,55,19,0.0
56,55,20,0.0
56,55,21,0.0
56,55,22,0.0
56,55,23,0.0
56,55,24,0.0
56,55,25,0.0
56,55,26,0.0
56,55,27,0.0
56,55,28,0.0
56,55,29,0.0
56,55,30,0.0
56,55,31,0.0
56,55,32,0.0
56,55,33,0.0
56,55,34,0.0
56,55,35,0.0
56,55,36,0.0
56,55,37,0.0
56,55,38,0.0
56,55,39,0.0
56,55,40,0.0
56,55,41,0.0
56,55,42,0.0
56,55,43,0.0
56,55,44,0.0
56,55,45,0.0
56,55,46,0.0
56,55,47,0.0
56,55,48,0.0
56,55,49,0.0
56,55,50,0.0
56,55,51,0.0
56,55,52,0.0
56,55,53,0.0
56,55,54,0.0
56,55,55,0.0
56,55,56,0.0
56,55,57,0.0
56,55,58,0.0
56,55,59,0.0
56,55,60,0.0
56,55,61,0.0
56,55,62,0.0
56,55,63,0.0
56,55,64,0.0
56,55,65,0.0
56,55,66,0.0
56,55,67,0.0
56,55,68,0.0
56,55,69,0.0
56,55,70,0.0
56,55,71,0.0
56,55,72,0.0
56,55,73,0.0
56,55,74,0.0
56,55,75,0.0
56,55,76,0.0
56,55,77,0.0
56,55,78,0.0
56,55,79,0.0
56,55,80,0.0
56,55,81,0.0
56,55,82,0.0
56,55,83,0.0
56,55,84,0.0
56,55,85,0.0
56,55,86,0.0
56,55,87,0.0
56,55,88,0.0
56,55,89,0.0
56,55,90,0.0
56,55,91,0.0
56,55,92,0.0
56,55,93,0.0
56,55,94,0.0
56,55,95,0.0
56,55,96,0.0
56,55,97,0.0
56,55,98,0.0
56,55,99,0.0
56,55,100,0.0
56,55,101,0.0
56,55,102,0.0
56,55,103,0.0
56,55,104,0.0
56,55,105,0.0
56,55,106,0.0
56,55,107,0.0
56,55,108,0.0
56,55,109,-0.0
56,55,110,0.0
56,55,111,0.0
56,55,112,0.0
56,55,113,0.0
56,55,114,0.0
56,55,115,0.0
56,55,116,0.0
56,55,117,0.0
56,55,118,0.0
56,55,119,0.0
56,55,120,-0.0
56,55,121,0.0
56,55,122,0.0
56,55,123,0.0
56,55,124,0.0
56,55,125,0.0
56,55,126,0.0
56,55,127,0.0
56,55,128,0.0
56,55,129,0.0
56,55,130,0.0
56,55,131,0.0
56,55,132,0.0
56,55,133,0.0
56,55,134,0.0
56,55,135,0.0
56,55,136,0.0
56,55,137,0.0
56,55,138,0.0
56,55,139,0.0
56,55,140,0.0
56,55,141,0.0
56,55,142,0.0
56,55,143,0.0
56,55,144,0.0
56,55,145,0.0
56,55,146,0.0
56,55,147,0.0
56,55,148,0.0
56,55,149,0.0
56,55,150,0.0
56,55,151,0.0
56,55,152,0.0
56,55,153,0.0
56,55,154,0.0
56,55,155,0.0
56,55,156,0.0
56,55,157,0.0
56,55,158,0.0
56,55,159,0.0
56,55,160,0.0
56,55,161,0.0
56,55,162,0.0
56,55,163,0.0
56,55,164,0.0
56,55,165,0.0
56,55,166,0.0
56,55,167,0.0
56,55,168,0.0
56,55,169,0.0
56,55,170,0.0
56,55,171,0.0
56,55,172,0.0
56,55,173,0.0
56,55,174,0.0
56,55,175,0.0
56,55,176,0.0
56,55,177,0.0
56,55,178,0.0
56,55,179,0.0
56,55,180,0.0
56,55,181,0.0
56,55,182,0.0
56,55,183,0.0
56,55,184,0.0
56,55,185,0.0
56,55,186,0.0
56,55,187,0.0
56,55,188,0.0
56,55,189,0.0
56,55,190,0.0
56,55,191,0.0
56,55,192,0.0
56,55,193,0.0
56,55,194,0.0
56,55,195,0.0
56,55,196,0.0
56,55,197,0.0
56,55,198,0.0
56,55,199,0.0
56,55,200,0.0
56,55,201,0.0
56,55,202,0.0
56,55,203,0.0
56,55,204,0.0
56,55,205,0.0
56,55,206,0.0
56,55,207,0.0
56,55,208,0.0
56,55,209,0.0
56,55,210,0.0
56,55,211,0.0
56,55,212,0.0
56,55,213,0.0
56,55,214,0.0
56,55,215,0.0
56,55,216,0.0
56,55,217,0.0
56,55,218,0.0
56,55,219,0.0
56,55,220,0.0
56,55,221,0.0
56,55,222,0.0
56,55,223,0.0
56,55,224,0.0
56,55,225,0.0
56,55,226,0.0
56,55,227,0.0
56,55,228,0.0
56,55,229,0.0
56,55,230,0.0
56,55,231,0.0
56,55,232,0.0
56,55,233,0.0
56,55,234,0.0
56,55,235,0.0
56,55,236,0.0
56,55,237,-0.0
56,55,238,0.0
56,55,239,0.0
56,55,240,0.0
56,55,241,0.0
56,55,242,0.0
56,55,243,0.0
56,55,244,0.0
56,55,245,0.0
56,55,246,0.0
56,55,247,0.0
56,55,248,0.0
56,55,249,0.0
56,55,250,0.0
56,55,251,0.0
56,55,252,0.0
56,55,253,0.0
56,55,254,0.0
56,55,255,0.0
56,55,256,0.0
56,55,257,0.0
56,55,258,0.0
56,55,259,0.0
56,55,260,0.0
56,55,261,0.0
56,55,262,0.0
56,55,263,0.0
56,55,264,0.0
56,55,265,0.0
56,55,266,0.0
56,55,267,0.0
56,55,268,0.0
56,55,269,0.0
56,55,270,0.0
56,55,271,0.0
56,55,272,0.0
56,55,273,0.0
56,55,274,0.0
56,55,275,0.0
56,55,276,0.0
56,55,277,0.0
56,55,278,0.0
56,55,279,0.0
56,55,280,0.0
56,55,281,0.0
56,55,282,0.0
56,55,283,0.0
56,55,284,0.0
56,55,285,0.0
56,55,286,0.0
56,55,287,0.0
56,55,288,0.0
56,55,289,0.0
56,55,290,0.0
56,55,291,0.0
56,55,292,0.0
56,55,293,0.0
56,55,294,0.0
56,55,295,0.0
56,55,296,0.0
56,55,297,0.0
56,55,298,0.0
56,55,299,0.0
56,55,300,0.0
56,55,301,0.0
56,55,302,0.0
56,55,303,0.0
56,55,304,0.0
56,55,305,-0.0
56,55,306,-0.0
56,55,307,0.0
56,55,308,0.0
56,55,309,0.0
56,55,310,0.0
56,55,311,0.0
56,55,312,0.0
56,55,313,0.0
56,55,314,0.0
56,55,315,0.0
56,55,316,0.0
56,55,317,0.0
56,55,318,0.0
56,55,319,0.0
56,55,320,0.0
56,55,321,0.0
56,55,322,0.0
56,55,323,0.0
56,55,324,0.0
56,55,325,0.0
56,55,326,0.0
56,55,327,0.0
56,55,328,0.0
56,55,329,0.0
56,55,330,0.0
56,55,331,0.0
56,55,332,0.0
56,55,333,0.0
56,55,334,0.0
56,55,335,0.0
56,55,336,0.0
56,55,337,0.0
56,55,338,0.0
56,55,339,0.0
56,55,340,0.0
56,55,341,0.0
56,55,342,0.0
56,55,343,0.0
56,55,344,0.0
56,55,345,0.0
56,55,346,0.0
56,55,347,0.0
56,55,348,0.0
56,55,349,0.0
56,55,350,0.0
56,55,351,0.0
56,55,352,0.0
56,55,353,0.0
56,55,354,0.0
56,55,355,0.0
56,55,356,-0.0
56,55,357,0.0
56,55,358,0.0
56,55,359,0.0
56,55,360,-0.0
118,39,0,0.0
118,39,1,0.0
118,39,2,0.0
118,39,3,0.0
118,39,4,0.0
118,39,5,11.0
118,39,6,0.0
118,39,7,11.0
118,39,8,9.0
118,39,9,6.0
118,39,10,0.0
118,39,11,11.0
118,39,12,6.0
118,39,13,0.0
118,39,14,11.0
118,39,15,6.0
118,39,16,11.0
118,39,17,9.0
118,39,18,0.0
118,39,19,0.0
118,39,20,11.0
118,39,21,6.0
118,39,22,6.0
118,39,23,6.0
118,39,24,1.0
118,39,25,6.0
118,39,26,0.0
118,39,27,6.0
118,39,28,0.0
118,39,29,0.0
118,39,30,3.0
118,39,31,11.0
118,39,32,6.0
118,39,33,7.0
118,39,34,6.0
118,39,35,0.0
118,39,36,-0.0
118,39,37,11.0
118,39,38,6.0
118,39,39,0.0
118,39,40,0.0
118,39,41,11.0
118,39,42,11.0
118,39,43,6.0
118,39,44,6.0
118,39,45,0.0
118,39,46,9.0
118,39,47,0.0
118,39,48,11.0
118,39,49,0.0
118,39,50,6.0
118,39,51,6.0
118,39,52,0.0
118,39,53,0.0
118,39,54,0.0
118,39,55,0.0
118,39,56,0.0
118,39,57,11.0
118,39,58,0.0
118,39,59,6.0
118,39,60,11.0
118,39,61,6.0
118,39,62,0.0
118,39,63,-0.0
118,39,64,0.0
118,39,65,0.0
118,39,66,6.0
118,39,67,6.0
118,39,68,0.0
118,39,69,-0.0
118,39,70,9.0
118,39,71,-0.0
118,39,72,6.0
118,39,73,0.0
118,39,74,6.0
118,39,75,6.0
118,39,76,0.0
118,39,77,2.0
118,39,78,0.0
118,39,79,9.0
118,39,80,8.0
118,39,81,0.0
118,39,82,6.0
118,39,83,6.0
118,39,84,6.0
118,39,85,0.0
118,39,86,0.0
118,39,87,6.0
118,39,88,0.0
118,39,89,0.0
118,39,90,0.0
118,39,91,0.0
118,39,92,0.0
118,39,93,3.0
118,39,94,9.0
118,39,95,0.0
118,39,96,6.0
118,39,97,6.0
118,39,98,6.0
118,39,99,0.0
118,39,100,4.0
118,39,101,0.0
118,39,102,1.0
118,39,103,0.0
118,39,104,0.0
118,39,105,9.0
118,39,106,-0.0
118,39,107,0.0
118,39,108,6.0
118,39,109,0.0
118,39,110,0.0
118,39,111,0.0
118,39,112,-0.0
118,39,113,0.0
118,39,114,0.0
118,39,115,0.0
118,39,116,0.0
118,39,117,0.0
118,39,118,6.0
118,39,119,0.0
118,39,120,0.0
118,39,121,0.0
118,39,122,9.0
118,39,123,0.0
118,39,124,6.0
118,39,125,0.0
118,39,126,0.0
118,39,127,0.0
118,39,128,0.0
118,39,129,0.0
118,39,130,0.0
118,39,131,0.0
118,39,132,0.0
118,39,133,6.0
118,39,134,0.0
118,39,135,0.0
118,39,136,6.0
118,39,137,3.0
118,39,138,1.0
118,39,139,6.0
118,39,140,0.0
118,39,141,9.0
118,39,142,6.0
118,39,143,11.0
118,39,144,6.0
118,39,145,6.0
118,39,146,0.0
118,39,147,6.0
118,39,148,6.0
118,39,149,0.0
118,39,150,0.0
118,39,151,6.0
118,39,152,0.0
118,39,153,0.0
118,39,154,6.0
118,39,155,9.0
118,39,156,6.0
118,39,157,0.0
118,39,158,0.0
118,39,159,0.0
118,39,160,6.0
118,39,161,6.0
118,39,162,0.0
118,39,163,6.0
118,39,164,7.0
118,39,165,0.0
118,39,166,6.0
118,39,167,6.0
118,39,168,0.0
118,39,169,0.0
118,39,170,6.0
118,39,171,0.0
118,39,172,0.0
118,39,173,-0.0
118,39,174,0.0
118,39,175,0.0
118,39,176,0.0
118,39,177,9.0
118,39,178,9.0
118,39,179,0.0
118,39,180,0.0
118,39,181,0.0
118,39,182,-0.0
118,39,183,0.0
118,39,184,0.0
118,39,185,0.0
118,39,186,0.0
118,39,187,0.0
118,39,188,0.0
118,39,189,11.0
118,39,190,0.0
118,39,191,0.0
118,39,192,0.0
118,39,193,0.0
118,39,194,-0.0
118,39,195,0.0
118,39,196,6.0
118,39,197,0.0
118,39,198,0.0
118,39,199,0.0
118,39,200,0.0
118,39,201,0.0
118,39,202,6.0
118,39,203,0.0
118,39,204,9.0
118,39,205,0.0
118,39,206,-0.0
118,39,207,6.0
118,39,208,6.0
118,39,209,6.0
118,39,210,-0.0
118,39,211,0.0
118,39,212,11.0
118,39,213,0.0
118,39,214,6.0
118,39,215,0.0
118,39,216,0.0
118,39,217,0.0
118,39,218,-0.0
118,39,219,0.0
118,39,220,-0.0
118,39,221,0.0
118,39,222,9.0
118,39,223,-0.0
118,39,224,6.0
118,39,225,0.0
118,39,226,6.0
118,39,227,0.0
118,39,228,6.0
118,39,229,-0.0
118,39,230,0.0
118,39,231,0.0
118,39,232,6.0
118,39,233,0.0
118,39,234,0.0
118,39,235,3.0
118,39,236,0.0
118,39,237,0.0
118,39,238,-0.0
118,39,239,3.0
118,39,240,0.0
118,39,241,6.0
118,39,242,-0.0
118,39,243,0.0
118,39,244,-0.0
118,39,245,6.0
118,39,246,0.0
118,39,247,9.0
118,39,248,6.0
118,39,249,0.0
118,39,250,6.0
118,39,251,11.0
118,39,252,0.0
118,39,253,0.0
118,39,254,0.0
118,39,255,0.0
118,39,256,0.0
118,39,257,3.0
118,39,258,0.0
118,39,259,0.0
118,39,260,11.0
118,39,261,0.0
118,39,262,6.0
118,39,263,0.0
118,39,264,0.0
118,39,265,6.0
118,39,266,0.0
118,39,267,0.0
118,39,268,9.0
118,39,269,6.0
118,39,270,0.0
118,39,271,6.0
118,39,272,0.0
118,39,273,0.0
118,39,274,6.0
118,39,275,0.0
118,39,276,-0.0
118,39,277,6.0
118,39,278,-0.0
118,39,279,0.0
118,39,280,-0.0
118,39,281,0.0
118,39,282,-0.0
118,39,283,6.0
118,39,284,0.0
118,39,285,0.0
118,39,286,9.0
118,39,287,6.0
118,39,288,6.0
118,39,289,0.0
118,39,290,0.0
118,39,291,0.0
118,39,292,0.0
118,39,293,6.0
118,39,294,9.0
118,39,295,6.0
118,39,296,6.0
118,39,297,6.0
118,39,298,9.0
118,39,299,6.0
118,39,300,0.0
118,39,301,0.0
118,39,302,0.0
118,39,303,0.0
118,39,304,6.0
118,39,305,6.0
118,39,306,6.0
118,39,307,0.0
118,39,308,0.0
118,39,309,0.0
118,39,310,0.0
118,39,311,6.0
118,39,312,-0.0
118,39,313,0.0
118,39,314,0.0
118,39,315,6.0
118,39,316,0.0
118,39,317,0.0
118,39,318,0.0
118,39,319,3.0
118,39,320,0.0
118,39,321,0.0
118,39,322,0.0
118,39,323,0.0
118,39,324,3.0
118,39,325,0.0
118,39,326,-0.0
118,39,327,0.0
118,39,328,6.0
118,39,329,0.0
118,39,330,0.0
118,39,331,11.0
118,39,332,-0.0
118,39,333,6.0
118,39,334,6.0
118,39,335,0.0
118,39,336,0.0
118,39,337,9.0
118,39,338,6.0
118,39,339,0.0
118,39,340,6.0
118,39,341,0.0
118,39,342,6.0
118,39,343,0.0
118,39,344,6.0
118,39,345,-0.0
118,39,346,11.0
118,39,347,0.0
118,39,348,0.0
118,39,349,-0.0
118,39,350,0.0
118,39,351,0.0
118,39,352,0.0
118,39,353,0.0
118,39,354,-0.0
118,39,355,-0.0
118,39,356,-0.0
118,39,357,0.0
118,39,358,1.0
118,39,359,10.0
118,39,360,-0.0
2,29,0,0.0
2,29,1,0.0
2,29,2,1.0
2,29,3,6.0
2,29,4,3.0
2,29,5,0.0
2,29,6,0.0
2,29,7,5.0
2,29,8,0.0
2,29,9,0.0
2,29,10,-0.0
2,29,11,0.0
2,29,12,0.0
2,29,13,3.0
2,29,14,0.0
2,29,15,0.0
2,29,16,0.0
2,29,17,0.0
2,29,18,0.0
2,29,19,-0.0
2,29,20,0.0
2,29,21,1.0
2,29,22,0.0
2,29,23,6.0
2,29,24,0.0
2,29,25,0.0
2,29,26,-0.0
2,29,27,-0.0
2,29,28,0.0
2,29,29,1.0
2,29,30,-0.0
2,29,31,0.0
2,29,32,-0.0
2,29,33,0.0
2,29,34,-0.0
2,29,35,-0.0
2,29,36,0.0
2,29,37,-0.0
2,29,38,3.0
2,29,39,0.0
2,29,40,0.0
2,29,41,0.0
2,29,42,3.0
2,29,43,0.0
2,29,44,3.0
2,29,45,0.0
2,29,46,0.0
2,29,47,3.0
2,29,48,0.0
2,29,49,-0.0
2,29,50,0.0
2,29,51,0.0
2,29,52,0.0
2,29,53,0.0
2,29,54,-0.0
2,29,55,0.0
2,29,56,0.0
2,29,57,0.0
2,29,58,0.0
2,29,59,0.0
2,29,60,0.0
2,29,61,0.0
2,29,62,0.0
2,29,63,3.0
2,29,64,0.0
2,29,65,0.0
2,29,66,3.0
2,29,67,3.0
2,29,68,0.0
2,29,69,0.0
2,29,70,0.0
2,29,71,0.0
2,29,72,0.0
2,29,73,3.0
2,29,74,0.0
2,29,75,3.0
2,29,76,3.0
2,29,77,3.0
2,29,78,0.0
2,29,79,0.0
2,29,80,0.0
2,29,81,0.0
2,29,82,1.0
2,29,83,0.0
2,29,84,-0.0
2,29,85,0.0
2,29,86,3.0
2,29,87,1.0
2,29,88,0.0
2,29,89,3.0
2,29,90,3.0
2,29,91,3.0
2,29,92,0.0
2,29,93,0.0
2,29,94,3.0
2,29,95,0.0
2,29,96,0.0
2,29,97,0.0
2,29,98,0.0
2,29,99,0.0
2,29,100,-0.0
2,29,101,3.0
2,29,102,3.0
2,29,103,0.0
2,29,104,1.0
2,29,105,0.0
2,29,106,1.0
2,29,107,0.0
2,29,108,3.0
2,29,109,0.0
2,29,110,-0.0
2,29,111,3.0
2,29,112,3.0
2,29,113,1.0
2,29,114,0.0
2,29,115,2.0
2,29,116,0.0
2,29,117,3.0
2,29,118,3.0
2,29,119,0.0
2,29,120,0.0
2,29,121,0.0
2,29,122,0.0
2,29,123,1.0
2,29,124,2.0
2,29,125,2.0
2,29,126,-0.0
2,29,127,0.0
2,29,128,0.0
2,29,129,0.0
2,29,130,0.0
2,29,131,0.0
2,29,132,3.0
2,29,133,3.0
2,29,134,3.0
2,29,135,3.0
2,29,136,3.0
2,29,137,3.0
2,29,138,2.0
2,29,139,5.0
2,29,140,0.0
2,29,141,3.0
2,29,142,3.0
2,29,143,3.0
2,29,144,3.0
2,29,145,3.0
2,29,146,-0.0
2,29,147,-0.0
2,29,148,0.0
2,29,149,0.0
2,29,150,0.0
2,29,151,3.0
2,29,152,-0.0
2,29,153,1.0
2,29,154,0.0
2,29,155,0.0
2,29,156,0.0
2,29,157,0.0
2,29,158,-0.0
2,29,159,0.0
2,29,160,-0.0
2,29,161,-0.0
2,29,162,0.0
2,29,163,3.0
2,29,164,-0.0
2,29,165,0.0
2,29,166,0.0
2,29,167,0.0
2,29,168,0.0
2,29,169,3.0
2,29,170,0.0
2,29,171,0.0
2,29,172,0.0
2,29,173,3.0
2,29,174,3.0
2,29,175,0.0
2,29,176,-0.0
2,29,177,2.0
2,29,178,5.0
2,29,179,0.0
2,29,180,0.0
2,29,181,0.0
2,29,182,0.0
2,29,183,2.0
2,29,184,0.0
2,29,185,-0.0
2,29,186,3.0
2,29,187,3.0
2,29,188,0.0
2,29,189,0.0
2,29,190,3.0
2,29,191,0.0
2,29,192,3.0
2,29,193,0.0
2,29,194,0.0
2,29,195,-0.0
2,29,196,2.0
2,29,197,3.0
2,29,198,3.0
2,29,199,3.0
2,29,200,3.0
2,29,201,0.0
2,29,202,0.0
2,29,203,-0.0
2,29,204,2.0
2,29,205,2.0
2,29,206,3.0
2,29,207,0.0
2,29,208,0.0
2,29,209,1.0
2,29,210,3.0
2,29,211,0.0
2,29,212,3.0
2,29,213,0.0
2,29,214,3.0
2,29,215,0.0
2,29,216,0.0
2,29,217,0.0
2,29,218,3.0
2,29,219,0.0
2,29,220,0.0
2,29,221,3.0
2,29,222,2.0
2,29,223,0.0
2,29,224,0.0
2,29,225,0.0
2,29,226,3.0
2,29,227,2.0
2,29,228,0.0
2,29,229,0.0
2,29,230,0.0
2,29,231,3.0
2,29,232,3.0
2,29,233,0.0
2,29,234,-0.0
2,29,235,3.0
2,29,236,0.0
2,29,237,0.0
2,29,238,3.0
2,29,239,3.0
2,29,240,1.0
2,29,241,0.0
2,29,242,0.0
2,29,243,3.0
2,29,244,0.0
2,29,245,0.0
2,29,246,0.0
2,29,247,5.0
2,29,248,-0.0
2,29,249,0.0
2,29,250,0.0
2,29,251,3.0
2,29,252,0.0
2,29,253,3.0
2,29,254,0.0
2,29,255,0.0
2,29,256,3.0
2,29,257,3.0
2,29,258,0.0
2,29,259,0.0
2,29,260,3.0
2,29,261,0.0
2,29,262,1.0
2,29,263,3.0
2,29,264,3.0
2,29,265,0.0
2,29,266,0.0
2,29,267,0.0
2,29,268,0.0
2,29,269,0.0
2,29,270,3.0
2,29,271,0.0
2,29,272,-0.0
2,29,273,3.0
2,29,274,3.0
2,29,275,0.0
2,29,276,-0.0
2,29,277,3.0
2,29,278,0.0
2,29,279,0.0
2,29,280,0.0
2,29,281,0.0
2,29,282,3.0
2,29,283,0.0
2,29,284,0.0
2,29,285,0.0
2,29,286,0.0
2,29,287,3.0
2,29,288,3.0
2,29,289,3.0
2,29,290,3.0
2,29,291,0.0
2,29,292,-0.0
2,29,293,3.0
2,29,294,3.0
2,29,295,0.0
2,29,296,3.0
2,29,297,0.0
2,29,298,0.0
2,29,299,1.0
2,29,300,2.0
2,29,301,0.0
2,29,302,0.0
2,29,303,0.0
2,29,304,0.0
2,29,305,0.0
2,29,306,3.0
2,29,307,0.0
2,29,308,2.0
2,29,309,1.0
2,29,310,3.0
2,29,311,3.0
2,29,312,3.0
2,29,313,3.0
2,29,314,0.0
2,29,315,3.0
2,29,316,0.0
2,29,317,0.0
2,29,318,3.0
2,29,319,0.0
2,29,320,0.0
2,29,321,3.0
2,29,322,1.0
2,29,323,0.0
2,29,324,1.0
2,29,325,3.0
2,29,326,0.0
2,29,327,0.0
2,29,328,0.0
2,29,329,0.0
2,29,330,0.0
2,29,331,2.0
2,29,332,3.0
2,29,333,3.0
2,29,334,0.0
2,29,335,3.0
2,29,336,3.0
2,29,337,0.0
2,29,338,-0.0
2,29,339,3.0
2,29,340,0.0
2,29,341,1.0
2,29,342,0.0
2,29,343,2.0
2,29,344,0.0
2,29,345,-0.0
2,29,346,1.0
2,29,347,1.0
2,29,348,2.0
2,29,349,2.0
2,29,350,0.0
2,29,351,2.0
2,29,352,-0.0
2,29,353,5.0
2,29,354,0.0
2,29,355,0.0
2,29,356,2.0
2,29,357,0.0
2,29,358,-0.0
2,29,359,-0.0
2,29,360,-0.0
82,83,0,0.0
82,83,1,0.0
82,83,2,0.0
82,83,3,0.0
82,83,4,0.0
82,83,5,0.0
82,83,6,0.0
82,83,7,0.0
82,83,8,0.0
82,83,9,0.0
82,83,10,0.0
82,83,11,0.0
82,83,12,0.0
82,83,13,0.0
82,83,14,0.0
82,83,15,0.0
82,83,16,0.0
82,83,17,0.0
82,83,18,0.0
82,83,19,0.0
82,83,20,0.0
82,83,21,0.0
82,83,22,0.0
82,83,23,0.0
82,83,24,0.0
82,83,25,0.0
82,83,26,0.0
82,83,27,0.0
82,83,28,0.0
82,83,29,0.0
82,83,30,0.0
82,83,31,0.0
82,83,32,0.0
82,83,33,0.0
82,83,34,0.0
82,83,35,0.0
82,83,36,0.0
82,83,37,0.0
82,83,38,0.0
82,83,39,0.0
82,83,40,0.0
82,83,41,0.0
82,83,42,0.0
82,83,43,0.0
82,83,44,0.0
82,83,45,0.0
82,83,46,0.0
82,83,47,-0.0
82,83,48,0.0
82,83,49,0.0
82,83,50,0.0
82,83,51,0.0
82,83,52,0.0
82,83,53,0.0
82,83,54,0.0
82,83,55,0.0
82,83,56,0.0
82,83,57,0.0
82,83,58,0.0
82,83,59,0.0
82,83,60,0.0
82,83,61,0.0
82,83,62,0.0
82,83,63,0.0
82,83,64,0.0
82,83,65,0.0
82,83,66,0.0
82,83,67,0.0
82,83,68,0.0
82,83,69,0.0
82,83,70,0.0
82,83,71,0.0
82,83,72,0.0
82,83,73,0.0
82,83,74,0.0
82,83,75,0.0
82,83,76,0.0
82,83,77,0.0
82,83,78,0.0
82,83,79,0.0
82,83,80,0.0
82,83,81,0.0
82,83,82,0.0
82,83,83,0.0
82,83,84,0.0
82,83,85,0.0
82,83,86,0.0
82,83,87,0.0
82,83,88,0.0
82,83,89,0.0
82,83,90,0.0
82,83,91,0.0
82,83,92,0.0
82,83,93,0.0
82,83,94,0.0
82,83,95,0.0
82,83,96,0.0
82,83,97,0.0
82,83,98,0.0
82,83,99,0.0
82,83,100,0.0
82,83,101,0.0
82,83,102,0.0
82,83,103,0.0
82,83,104,0.0
82,83,105,0.0
82,83,106,0.0
82,83,107,0.0
82,83,108,0.0
82,83,109,0.0
82,83,110,0.0
82,83,111,0.0
82,83,112,0.0
82,83,113,0.0
82,83,114,0.0
82,83,115,0.0
82,83,116,0.0
82,83,117,0.0
82,83,118,0.0
82,83,119,0.0
82,83,120,0.0
82,83,121,0.0
82,83,122,0.0
82,83,123,0.0
82,83,124,0.0
82,83,125,0.0
82,83,126,0.0
82,83,127,0.0
82,83,128,0.0
82,83,129,0.0
82,83,130,0.0
82,83,131,0.0
82,83,132,0.0
82,83,133,0.0
82,83,134,0.0
82,83,135,0.0
82,83,136,0.0
82,83,137,0.0
82,83,138,0.0
82,83,139,0.0
82,83,140,0.0
82,83,141,0.0
82,83,142,0.0
82,83,143,0.0
82,83,144,0.0
82,83,145,0.0
82,83,146,0.0
82,83,147,0.0
82,83,148,0.0
82,83,149,0.0
82,83,150,0.0
82,83,151,0.0
82,83,152,0.0
82,83,153,0.0
82,83,154,0.0
82,83,155,0.0
82,83,156,0.0
82,83,157,0.0
82,83,158,0.0
82,83,159,0.0
82,83,160,0.0
82,83,161,0.0
82,83,162,0.0
82,83,163,0.0
82,83,164,0.0
82,83,165,0.0
82,83,166,0.0
82,83,167,0.0
82,83,168,0.0
82,83,169,0.0
82,83,170,0.0
82,83,171,0.0
82,83,172,0.0
82,83,173,0.0
82,83,174,0.0
82,83,175,0.0
82,83,176,0.0
82,83,177,0.0
82,83,178,0.0
82,83,179,0.0
82,83,180,0.0
82,83,181,0.0
82,83,182,0.0
82,83,183,0.0
82,83,184,0.0
82,83,185,0.0
82,83,186,0.0
82,83,187,0.0
82,83,188,0.0
82,83,189,0.0
82,83,190,0.0
82,83,191,0.0
82,83,192,0.0
82,83,193,0.0
82,83,194,0.0
82,83,195,0.0
82,83,196,0.0
82,83,197,0.0
82,83,198,0.0
82,83,199,0.0
82,83,200,0.0
82,83,201,0.0
82,83,202,0.0
82,83,203,0.0
82,83,204,0.0
82,83,205,-0.0
82,83,206,0.0
82,83,207,0.0
82,83,208,0.0
82,83,209,0.0
82,83,210,0.0
82,83,211,0.0
82,83,212,0.0
82,83,213,0.0
82,83,214,0.0
82,83,215,0.0
82,83,216,0.0
82,83,217,0.0
82,83,218,0.0
82,83,219,0.0
82,83,220,0.0
82,83,221,0.0
82,83,222,0.0
82,83,223,0.0
82,83,224,0.0
82,83,225,0.0
82,83,226,0.0
82,83,227,0.0
82,83,228,0.0
82,83,229,0.0
82,83,230,0.0
82,83,231,0.0
82,83,232,0.0
82,83,233,0.0
82,83,234,0.0
82,83,235,0.0
82,83,236,0.0
82,83,237,0.0
82,83,238,0.0
82,83,239,0.0
82,83,240,0.0
82,83,241,0.0
82,83,242,0.0
82,83,243,0.0
82,83,244,0.0
82,83,245,0.0
82,83,246,0.0
82,83,247,0.0
82,83,248,0.0
82,83,249,0.0
82,83,250,0.0
82,83,251,0.0
82,83,252,0.0
82,83,253,0.0
82,83,254,0.0
82,83,255,0.0
82,83,256,0.0
82,83,257,0.0
82,83,258,0.0
82,83,259,0.0
82,83,260,0.0
82,83,261,0.0
82,83,262,0.0
82,83,263,0.0
82,83,264,0.0
82,83,265,0.0
82,83,266,0.0
82,83,267,0.0
82,83,268,0.0
82,83,269,0.0
82,83,270,0.0
82,83,271,0.0
82,83,272,0.0
82,83,273,0.0
82,83,274,0.0
82,83,275,0.0
82,83,276,0.0
82,83,277,0.0
82,83,278,0.0
82,83,279,0.0
82,83,280,0.0
82,83,281,0.0
82,83,282,0.0
82,83,283,0.0
82,83,284,0.0
82,83,285,0.0
82,83,286,0.0
82,83,287,0.0
82,83,288,0.0
82,83,289,0.0
82,83,290,0.0
82,83,291,0.0
82,83,292,0.0
82,83,293,0.0
82,83,294,0.0
82,83,295,0.0
82,83,296,0.0
82,83,297,0.0
82,83,298,0.0
82,83,299,0.0
82,83,300,0.0
82,83,301,0.0
82,83,302,0.0
82,83,303,0.0
82,83,304,0.0
82,83,305,0.0
82,83,306,0.0
82,83,307,0.0
82,83,308,0.0
82,83,309,0.0
82,83,310,0.0
82,83,311,0.0
82,83,312,0.0
82,83,313,0.0
82,83,314,0.0
82,83,315,0.0
82,83,316,0.0
82,83,317,0.0
82,83,318,0.0
82,83,319,0.0
82,83,320,-0.0
82,83,321,0.0
82,83,322,0.0
82,83,323,0.0
82,83,324,0.0
82,83,325,0.0
82,83,326,0.0
82,83,327,0.0
82,83,328,0.0
82,83,329,0.0
82,83,330,0.0
82,83,331,0.0
82,83,332,0.0
82,83,333,0.0
82,83,334,0.0
82,83,335,0.0
82,83,336,0.0
82,83,337,0.0
82,83,338,0.0
82,83,339,0.0
82,83,340,0.0
82,83,341,0.0
82,83,342,0.0
82,83,343,0.0
82,83,344,0.0
82,83,345,0.0
82,83,346,0.0
82,83,347,0.0
82,83,348,0.0
82,83,349,0.0
82,83,350,0.0
82,83,351,0.0
82,83,352,0.0
82,83,353,0.0
82,83,354,0.0
82,83,355,0.0
82,83,356,0.0
82,83,357,0.0
82,83,358,0.0
82,83,359,-0.0
82,83,360,-0.0
5,110,0,0.0
5,110,1,6.0
5,110,2,5.0
5,110,3,6.0
5,110,4,6.0
5,110,5,6.0
5,110,6,6.0
5,110,7,6.0
5,110,8,0.0
5,110,9,0.0
5,110,10,0.0
5,110,11,0.0
5,110,12,0.0
5,110,13,0.0
5,110,14,0.0
5,110,15,0.0
5,110,16,0.0
5,110,17,0.0
5,110,18,0.0
5,110,19,0.0
5,110,20,5.0
5,110,21,6.0
5,110,22,0.0
5,110,23,5.0
5,110,24,6.0
5,110,25,0.0
5,110,26,6.0
5,110,27,5.0
5,110,28,6.0
5,110,29,6.0
5,110,30,0.0
5,110,31,6.0
5,110,32,-0.0
5,110,33,6.0
5,110,34,6.0
5,110,35,6.0
5,110,36,0.0
5,110,37,6.0
5,110,38,0.0
5,110,39,6.0
5,110,40,6.0
5,110,41,6.0
5,110,42,3.0
5,110,43,6.0
5,110,44,6.0
5,110,45,6.0
5,110,46,5.0
5,110,47,6.0
5,110,48,0.0
5,110,49,6.0
5,110,50,1.0
5,110,51,5.0
5,110,52,6.0
5,110,53,4.0
5,110,54,6.0
5,110,55,5.0
5,110,56,6.0
5,110,57,6.0
5,110,58,6.0
5,110,59,6.0
5,110,60,6.0
5,110,61,6.0
5,110,62,6.0
5,110,63,6.0
5,110,64,6.0
5,110,65,6.0
5,110,66,6.0
5,110,67,6.0
5,110,68,6.0
5,110,69,-0.0
5,110,70,0.0
5,110,71,0.0
5,110,72,6.0
5,110,73,0.0
5,110,74,6.0
5,110,75,6.0
5,110,76,6.0
5,110,77,0.0
5,110,78,6.0
5,110,79,5.0
5,110,80,6.0
5,110,81,5.0
5,110,82,0.0
5,110,83,5.0
5,110,84,0.0
5,110,85,0.0
5,110,86,5.0
5,110,87,6.0
5,110,88,0.0
5,110,89,6.0
5,110,90,6.0
5,110,91,0.0
5,110,92,5.0
5,110,93,6.0
5,110,94,6.0
5,110,95,6.0
5,110,96,-0.0
5,110,97,6.0
5,110,98,5.0
5,110,99,0.0
5,110,100,3.0
5,110,101,6.0
5,110,102,0.0
5,110,103,6.0
5,110,104,6.0
5,110,105,6.0
5,110,106,6.0
5,110,107,6.0
5,110,108,6.0
5,110,109,0.0
5,110,110,6.0
5,110,111,0.0
5,110,112,0.0
5,110,113,0.0
5,110,114,0.0
5,110,115,6.0
5,110,116,6.0
5,110,117,6.0
5,110,118,6.0
5,110,119,6.0
5,110,120,6.0
5,110,121,6.0
5,110,122,0.0
5,110,123,6.0
5,110,124,6.0
5,110,125,6.0
5,110,126,6.0
5,110,127,6.0
5,110,128,6.0
5,110,129,6.0
5,110,130,6.0
5,110,131,0.0
5,110,132,6.0
5,110,133,0.0
5,110,134,6.0
5,110,135,6.0
5,110,136,6.0
5,110,137,6.0
5,110,138,5.0
5,110,139,6.0
5,110,140,6.0
5,110,141,0.0
5,110,142,6.0
5,110,143,6.0
5,110,144,5.0
5,110,145,6.0
5,110,146,6.0
5,110,147,0.0
5,110,148,6.0
5,110,149,6.0
5,110,150,6.0
5,110,151,0.0
5,110,152,5.0
5,110,153,6.0
5,110,154,6.0
5,110,155,0.0
5,110,156,6.0
5,110,157,6.0
5,110,158,6.0
5,110,159,0.0
5,110,160,6.0
5,110,161,6.0
5,110,162,6.0
5,110,163,5.0
5,110,164,-0.0
5,110,165,6.0
5,110,166,6.0
5,110,167,6.0
5,110,168,6.0
5,110,169,5.0
5,110,170,6.0
5,110,171,0.0
5,110,172,6.0
5,110,173,0.0
5,110,174,6.0
5,110,175,6.0
5,110,176,6.0
5,110,177,6.0
5,110,178,0.0
5,110,179,0.0
5,110,180,5.0
5,110,181,0.0
5,110,182,6.0
5,110,183,0.0
5,110,184,6.0
5,110,185,5.0
5,110,186,0.0
5,110,187,0.0
5,110,188,6.0
5,110,189,6.0
5,110,190,6.0
5,110,191,5.0
5,110,192,0.0
5,110,193,0.0
5,110,194,6.0
5,110,195,0.0
5,110,196,6.0
5,110,197,1.0
5,110,198,6.0
5,110,199,0.0
5,110,200,6.0
5,110,201,0.0
5,110,202,6.0
5,110,203,6.0
5,110,204,3.0
5,110,205,0.0
5,110,206,6.0
5,110,207,6.0
5,110,208,6.0
5,110,209,0.0
5,110,210,6.0
5,110,211,5.0
5,110,212,6.0
5,110,213,5.0
5,110,214,6.0
5,110,215,0.0
5,110,216,6.0
5,110,217,6.0
5,110,218,6.0
5,110,219,5.0
5,110,220,6.0
5,110,221,0.0
5,110,222,6.0
5,110,223,0.0
5,110,224,6.0
5,110,225,6.0
5,110,226,6.0
5,110,227,6.0
5,110,228,6.0
5,110,229,5.0
5,110,230,6.0
5,110,231,0.0
5,110,232,6.0
5,110,233,6.0
5,110,234,6.0
5,110,235,0.0
5,110,236,6.0
5,110,237,6.0
5,110,238,6.0
5,110,239,6.0
5,110,240,6.0
5,110,241,6.0
5,110,242,0.0
5,110,243,0.0
5,110,244,6.0
5,110,245,-0.0
5,110,246,0.0
5,110,247,5.0
5,110,248,6.0
5,110,249,0.0
5,110,250,0.0
5,110,251,5.0
5,110,252,6.0
5,110,253,0.0
5,110,254,6.0
5,110,255,0.0
5,110,256,5.0
5,110,257,6.0
5,110,258,6.0
5,110,259,6.0
5,110,260,5.0
5,110,261,6.0
5,110,262,6.0
5,110,263,6.0
5,110,264,5.0
5,110,265,-0.0
5,110,266,6.0
5,110,267,0.0
5,110,268,6.0
5,110,269,5.0
5,110,270,6.0
5,110,271,6.0
5,110,272,6.0
5,110,273,6.0
5,110,274,6.0
5,110,275,6.0
5,110,276,0.0
5,110,277,6.0
5,110,278,6.0
5,110,279,-0.0
5,110,280,5.0
5,110,281,6.0
5,110,282,5.0
5,110,283,0.0
5,110,284,6.0
5,110,285,6.0
5,110,286,6.0
5,110,287,0.0
5,110,288,6.0
5,110,289,6.0
5,110,290,5.0
5,110,291,0.0
5,110,292,-0.0
5,110,293,6.0
5,110,294,0.0
5,110,295,6.0
5,110,296,5.0
5,110,297,6.0
5,110,298,6.0
5,110,299,0.0
5,110,300,5.0
5,110,301,-0.0
5,110,302,0.0
5,110,303,6.0
5,110,304,6.0
5,110,305,6.0
5,110,306,6.0
5,110,307,6.0
5,110,308,6.0
5,110,309,5.0
5,110,310,0.0
5,110,311,0.0
5,110,312,5.0
5,110,313,6.0
5,110,314,5.0
5,110,315,6.0
5,110,316,6.0
5,110,317,6.0
5,110,318,6.0
5,110,319,6.0
5,110,320,0.0
5,110,321,6.0
5,110,322,5.0
5,110,323,6.0
5,110,324,5.0
5,110,325,6.0
5,110,326,6.0
5,110,327,6.0
5,110,328,6.0
5,110,329,6.0
5,110,330,0.0
5,110,331,6.0
5,110,332,6.0
5,110,333,5.0
5,110,334,0.0
5,110,335,-0.0
5,110,336,6.0
5,110,337,6.0
5,110,338,6.0
5,110,339,6.0
5,110,340,6.0
5,110,341,0.0
5,110,342,5.0
5,110,343,6.0
5,110,344,6.0
5,110,345,6.0
5,110,346,0.0
5,110,347,6.0
5,110,348,6.0
5,110,349,6.0
5,110,350,0.0
5,110,351,6.0
5,110,352,6.0
5,110,353,5.0
5,110,354,6.0
5,110,355,5.0
5,110,356,-0.0
5,110,357,6.0
5,110,358,-0.0
5,110,359,-0.0
5,110,360,-0.0
46,47,0,0.0
46,47,1,0.0
46,47,2,0.0
46,47,3,0.0
46,47,4,0.0
46,47,5,0.0
46,47,6,0.0
46,47,7,0.0
46,47,8,0.0
46,47,9,0.0
46,47,10,0.0
46,47,11,0.0
46,47,12,0.0
46,47,13,0.0
46,47,14,0.0
46,47,15,0.0
46,47,16,0.0
46,47,17,0.0
46,47,18,0.0
46,47,19,0.0
46,47,20,0.0
46,47,21,0.0
46,47,22,0.0
46,47,23,0.0
46,47,24,0.0
46,47,25,0.0
46,47,26,0.0
46,47,27,0.0
46,47,28,0.0
46,47,29,0.0
46,47,30,0.0
46,47,31,0.0
46,47,32,0.0
46,47,33,0.0
46,47,34,0.0
46,47,35,0.0
46,47,36,0.0
46,47,37,0.0
46,47,38,0.0
46,47,39,0.0
46,47,40,0.0
46,47,41,0.0
46,47,42,0.0
46,47,43,0.0
46,47,44,0.0
46,47,45,0.0
46,47,46,0.0
46,47,47,0.0
46,47,48,0.0
46,47,49,0.0
46,47,50,0.0
46,47,51,0.0
46,47,52,0.0
46,47,53,0.0
46,47,54,0.0
46,47,55,0.0
46,47,56,0.0
46,47,57,0.0
46,47,58,0.0
46,47,59,0.0
46,47,60,0.0
46,47,61,0.0
46,47,62,0.0
46,47,63,0.0
46,47,64,0.0
46,47,65,0.0
46,47,66,0.0
46,47,67,0.0
46,47,68,0.0
46,47,69,0.0
46,47,70,0.0
46,47,71,0.0
46,47,72,0.0
46,47,73,0.0
46,47,74,0.0
46,47,75,0.0
46,47,76,0.0
46,47,77,0.0
46,47,78,0.0
46,47,79,0.0
46,47,80,0.0
46,47,81,0.0
46,47,82,0.0
46,47,83,0.0
46,47,84,0.0
46,47,85,0.0
46,47,86,0.0
46,47,87,0.0
46,47,88,0.0
46,47,89,0.0
46,47,90,0.0
46,47,91,0.0
46,47,92,0.0
46,47,93,0.0
46,47,94,0.0
46,47,95,0.0
46,47,96,0.0
46,47,97,0.0
46,47,98,0.0
46,47,99,0.0
46,47,100,0.0
46,47,101,0.0
46,47,102,0.0
46,47,103,0.0
46,47,104,0.0
46,47,105,0.0
46,47,106,0.0
46,47,107,0.0
46,47,108,0.0
46,47,109,0.0
46,47,110,0.0
46,47,111,0.0
46,47,112,0.0
46,47,113,0.0
46,47,114,0.0
46,47,115,0.0
46,47,116,0.0
46,47,117,0.0
46,47,118,0.0
46,47,119,0.0
46,47,120,0.0
46,47,121,0.0
46,47,122,0.0
46,47,123,0.0
46,47,124,0.0
46,47,125,0.0
46,47,126,0.0
46,47,127,0.0
46,47,128,0.0
46,47,129,0.0
46,47,130,0.0
46,47,131,0.0
46,47,132,0.0
46,47,133,0.0
46,47,134,0.0
46,47,135,0.0
46,47,136,0.0
46,47,137,0.0
46,47,138,0.0
46,47,139,0.0
46,47,140,0.0
46,47,141,0.0
46,47,142,0.0
46,47,143,0.0
46,47,144,0.0
46,47,145,0.0
46,47,146,0.0
46,47,147,0.0
46,47,148,0.0
46,47,149,0.0
46,47,150,0.0
46,47,151,0.0
46,47,152,0.0
46,47,153,0.0
46,47,154,0.0
46,47,155,0.0
46,47,156,0.0
46,47,157,0.0
46,47,158,0.0
46,47,159,0.0
46,47,160,0.0
46,47,161,0.0
46,47,162,0.0
46,47,163,0.0
46,47,164,0.0
46,47,165,0.0
46,47,166,0.0
46,47,167,0.0
46,47,168,0.0
46,47,169,0.0
46,47,170,0.0
46,47,171,0.0
46,47,172,0.0
46,47,173,0.0
46,47,174,0.0
46,47,175,0.0
46,47,176,0.0
46,47,177,0.0
46,47,178,0.0
46,47,179,0.0
46,47,180,0.0
46,47,181,0.0
46,47,182,0.0
46,47,183,0.0
46,47,184,0.0
46,47,185,0.0
46,47,186,0.0
46,47,187,0.0
46,47,188,0.0
46,47,189,0.0
46,47,190,0.0
46,47,191,0.0
46,47,192,0.0
46,47,193,0.0
46,47,194,0.0
46,47,195,0.0
46,47,196,0.0
46,47,197,0.0
46,47,198,0.0
46,47,199,0.0
46,47,200,0.0
46,47,201,0.0
46,47,202,0.0
46,47,203,0.0
46,47,204,0.0
46,47,205,0.0
46,47,206,0.0
46,47,207,0.0
46,47,208,0.0
46,47,209,0.0
46,47,210,0.0
46,47,211,0.0
46,47,212,0.0
46,47,213,0.0
46,47,214,0.0
46,47,215,0.0
46,47,216,0.0
46,47,217,0.0
46,47,218,0.0
46,47,219,0.0
46,47,220,0.0
46,47,221,0.0
46,47,222,0.0
46,47,223,0.0
46,47,224,0.0
46,47,225,0.0
46,47,226,0.0
46,47,227,0.0
46,47,228,0.0
46,47,229,0.0
46,47,230,0.0
46,47,231,0.0
46,47,232,0.0
46,47,233,0.0
46,47,234,0.0
46,47,235,-0.0
46,47,236,0.0
46,47,237,0.0
46,47,238,0.0
46,47,239,0.0
46,47,240,0.0
46,47,241,0.0
46,47,242,0.0
46,47,243,0.0
46,47,244,0.0
46,47,245,0.0
46,47,246,0.0
46,47,247,0.0
46,47,248,0.0
46,47,249,0.0
46,47,250,0.0
46,47,251,0.0
46,47,252,0.0
46,47,253,0.0
46,47,254,0.0
46,47,255,0.0
46,47,256,0.0
46,47,257,0.0
46,47,258,0.0
46,47,259,0.0
46,47,260,0.0
46,47,261,0.0
46,47,262,0.0
46,47,263,0.0
46,47,264,0.0
46,47,265,0.0
46,47,266,0.0
46,47,267,0.0
46,47,268,0.0
46,47,269,0.0
46,47,270,0.0
46,47,271,0.0
46,47,272,0.0
46,47,273,0.0
46,47,274,0.0
46,47,275,0.0
46,47,276,0.0
46,47,277,0.0
46,47,278,0.0
46,47,279,0.0
46,47,280,0.0
46,47,281,0.0
46,47,282,0.0
46,47,283,0.0
46,47,284,0.0
46,47,285,0.0
46,47,286,-0.0
46,47,287,0.0
46,47,288,0.0
46,47,289,0.0
46,47,290,0.0
46,47,291,0.0
46,47,292,0.0
46,47,293,0.0
46,47,294,0.0
46,47,295,0.0
46,47,296,0.0
46,47,297,0.0
46,47,298,0.0
46,47,299,0.0
46,47,300,0.0
46,47,301,0.0
46,47,302,0.0
46,47,303,0.0
46,47,304,0.0
46,47,305,0.0
46,47,306,0.0
46,47,307,0.0
46,47,308,0.0
46,47,309,-0.0
46,47,310,0.0
46,47,311,0.0
46,47,312,0.0
46,47,313,0.0
46,47,314,0.0
46,47,315,0.0
46,47,316,0.0
46,47,317,0.0
46,47,318,0.0
46,47,319,0.0
46,47,320,0.0
46,47,321,0.0
46,47,322,0.0
46,47,323,0.0
46,47,324,0.0
46,47,325,0.0
46,47,326,0.0
46,47,327,0.0
46,47,328,0.0
46,47,329,0.0
46,47,330,0.0
46,47,331,0.0
46,47,332,0.0
46,47,333,0.0
46,47,334,0.0
46,47,335,0.0
46,47,336,0.0
46,47,337,0.0
46,47,338,0.0
46,47,339,0.0
46,47,340,0.0
46,47,341,0.0
46,47,342,0.0
46,47,343,0.0
46,47,344,0.0
46,47,345,0.0
46,47,346,0.0
46,47,347,0.0
46,47,348,0.0
46,47,349,0.0
46,47,350,0.0
46,47,351,0.0
46,47,352,0.0
46,47,353,0.0
46,47,354,0.0
46,47,355,0.0
46,47,356,0.0
46,47,357,0.0
46,47,358,0.0
46,47,359,0.0
46,47,360,-0.0
78,79,0,0.0
78,79,1,0.0
78,79,2,0.0
78,79,3,0.0
78,79,4,0.0
78,79,5,0.0
78,79,6,0.0
78,79,7,0.0
78,79,8,0.0
78,79,9,0.0
78,79,10,0.0
78,79,11,0.0
78,79,12,0.0
78,79,13,0.0
78,79,14,0.0
78,79,15,0.0
78,79,16,0.0
78,79,17,0.0
78,79,18,0.0
78,79,19,0.0
78,79,20,0.0
78,79,21,0.0
78,79,22,0.0
78,79,23,0.0
78,79,24,0.0
78,79,25,0.0
78,79,26,0.0
78,79,27,0.0
78,79,28,0.0
78,79,29,0.0
78,79,30,0.0
78,79,31,0.0
78,79,32,0.0
78,79,33,0.0
78,79,34,0.0
78,79,35,0.0
78,79,36,0.0
78,79,37,0.0
78,79,38,0.0
78,79,39,0.0
78,79,40,0.0
78,79,41,0.0
78,79,42,0.0
78,79,43,0.0
78,79,44,0.0
78,79,45,0.0
78,79,46,0.0
78,79,47,0.0
78,79,48,0.0
78,79,49,0.0
78,79,50,0.0
78,79,51,0.0
78,79,52,0.0
78,79,53,0.0
78,79,54,0.0
78,79,55,0.0
78,79,56,0.0
78,79,57,0.0
78,79,58,0.0
78,79,59,0.0
78,79,60,0.0
78,79,61,0.0
78,79,62,0.0
78,79,63,0.0
78,79,64,0.0
78,79,65,0.0
78,79,66,0.0
78,79,67,0.0
78,79,68,0.0
78,79,69,0.0
78,79,70,0.0
78,79,71,0.0
78,79,72,0.0
78,79,73,0.0
78,79,74,0.0
78,79,75,0.0
78,79,76,0.0
78,79,77,0.0
78,79,78,0.0
78,79,79,0.0
78,79,80,0.0
78,79,81,0.0
78,79,82,0.0
78,79,83,0.0
78,79,84,0.0
78,79,85,0.0
78,79,86,0.0
78,79,87,0.0
78,79,88,0.0
78,79,89,0.0
78,79,90,0.0
78,79,91,0.0
78,79,92,0.0
78,79,93,0.0
78,79,94,0.0
78,79,95,0.0
78,79,96,0.0
78,79,97,0.0
78,79,98,0.0
78,79,99,0.0
78,79,100,0.0
78,79,101,0.0
78,79,102,0.0
78,79,103,0.0
78,79,104,0.0
78,79,105,0.0
78,79,106,0.0
78,79,107,0.0
78,79,108,0.0
78,79,109,0.0
78,79,110,0.0
78,79,111,0.0
78,79,112,-0.0
78,79,113,0.0
78,79,114,0.0
78,79,115,0.0
78,79,116,0.0
78,79,117,0.0
78,79,118,0.0
78,79,119,0.0
78,79,120,0.0
78,79,121,0.0
78,79,122,0.0
78,79,123,0.0
78,79,124,0.0
78,79,125,0.0
78,79,126,0.0
78,79,127,0.0
78,79,128,0.0
78,79,129,0.0
78,79,130,0.0
78,79,131,0.0
78,79,132,0.0
78,79,133,0.0
78,79,134,0.0
78,79,135,0.0
78,79,136,0.0
78,79,137,0.0
78,79,138,0.0
78,79,139,0.0
78,79,140,0.0
78,79,141,0.0
78,79,142,0.0
78,79,143,0.0
78,79,144,0.0
78,79,145,0.0
78,79,146,0.0
78,79,147,0.0
78,79,148,0.0
78,79,149,0.0
78,79,150,0.0
78,79,151,0.0
78,79,152,0.0
78,79,153,0.0
78,79,154,0.0
78,79,155,0.0
78,79,156,0.0
78,79,157,0.0
78,79,158,0.0
78,79,159,0.0
78,79,160,0.0
78,79,161,0.0
78,79,162,0.0
78,79,163,0.0
78,79,164,0.0
78,79,165,0.0
78,79,166,0.0
78,79,167,0.0
78,79,168,0.0
78,79,169,0.0
78,79,170,0.0
78,79,171,0.0
78,79,172,0.0
78,79,173,0.0
78,79,174,-0.0
78,79,175,0.0
78,79,176,0.0
78,79,177,0.0
78,79,178,0.0
78,79,179,0.0
78,79,180,0.0
78,79,181,0.0
78,79,182,0.0
78,79,183,0.0
78,79,184,0.0
78,79,185,0.0
78,79,186,0.0
78,79,187,0.0
78,79,188,0.0
78,79,189,0.0
78,79,190,0.0
78,79,191,0.0
78,79,192,0.0
78,79,193,0.0
78,79,194,0.0
78,79,195,-0.0
78,79,196,-0.0
78,79,197,0.0
78,79,198,0.0
78,79,199,0.0
78,79,200,0.0
78,79,201,0.0
78,79,202,0.0
78,79,203,0.0
78,79,204,0.0
78,79,205,0.0
78,79,206,-0.0
78,79,207,0.0
78,79,208,0.0
78,79,209,0.0
78,79,210,0.0
78,79,211,0.0
78,79,212,0.0
78,79,213,0.0
78,79,214,0.0
78,79,215,0.0
78,79,216,0.0
78,79,217,0.0
78,79,218,0.0
78,79,219,0.0
78,79,220,0.0
78,79,221,0.0
78,79,222,0.0
78,79,223,0.0
78,79,224,0.0
78,79,225,0.0
78,79,226,0.0
78,79,227,0.0
78,79,228,0.0
78,79,229,0.0
78,79,230,0.0
78,79,231,0.0
78,79,232,0.0
78,79,233,0.0
78,79,234,0.0
78,79,235,0.0
78,79,236,0.0
78,79,237,0.0
78,79,238,-0.0
78,79,239,0.0
78,79,240,0.0
78,79,241,0.0
78,79,242,0.0
78,79,243,-0.0
78,79,244,0.0
78,79,245,0.0
78,79,246,0.0
78,79,247,0.0
78,79,248,-0.0
78,79,249,0.0
78,79,250,0.0
78,79,251,0.0
78,79,252,0.0
78,79,253,0.0
78,79,254,-0.0
78,79,255,0.0
78,79,256,0.0
78,79,257,0.0
78,79,258,0.0
78,79,259,0.0
78,79,260,0.0
78,79,261,-0.0
78,79,262,-0.0
78,79,263,-0.0
78,79,264,0.0
78,79,265,0.0
78,79,266,0.0
78,79,267,0.0
78,79,268,0.0
78,79,269,0.0
78,79,270,0.0
78,79,271,0.0
78,79,272,0.0
78,79,273,0.0
78,79,274,0.0
78,79,275,0.0
78,79,276,0.0
78,79,277,0.0
78,79,278,0.0
78,79,279,0.0
78,79,280,0.0
78,79,281,0.0
78,79,282,0.0
78,79,283,0.0
78,79,284,0.0
78,79,285,0.0
78,79,286,0.0
78,79,287,0.0
78,79,288,0.0
78,79,289,0.0
78,79,290,0.0
78,79,291,0.0
78,79,292,0.0
78,79,293,0.0
78,79,294,0.0
78,79,295,0.0
78,79,296,0.0
78,79,297,0.0
78,79,298,0.0
78,79,299,0.0
78,79,300,-0.0
78,79,301,0.0
78,79,302,-0.0
78,79,303,0.0
78,79,304,0.0
78,79,305,0.0
78,79,306,0.0
78,79,307,0.0
78,79,308,0.0
78,79,309,0.0
78,79,310,0.0
78,79,311,0.0
78,79,312,-0.0
78,79,313,0.0
78,79,314,0.0
78,79,315,0.0
78,79,316,0.0
78,79,317,0.0
78,79,318,0.0
78,79,319,0.0
78,79,320,0.0
78,79,321,0.0
78,79,322,0.0
78,79,323,0.0
78,79,324,0.0
78,79,325,0.0
78,79,326,0.0
78,79,327,0.0
78,79,328,0.0
78,79,329,0.0
78,79,330,0.0
78,79,331,0.0
78,79,332,0.0
78,79,333,0.0
78,79,334,0.0
78,79,335,0.0
78,79,336,0.0
78,79,337,0.0
78,79,338,0.0
78,79,339,0.0
78,79,340,0.0
78,79,341,0.0
78,79,342,0.0
78,79,343,0.0
78,79,344,0.0
78,79,345,0.0
78,79,346,0.0
78,79,347,0.0
78,79,348,0.0
78,79,349,0.0
78,79,350,0.0
78,79,351,0.0
78,79,352,0.0
78,79,353,0.0
78,79,354,0.0
78,79,355,0.0
78,79,356,0.0
78,79,357,0.0
78,79,358,0.0
78,79,359,0.0
78,79,360,-0.0
52,69,0,0.0
52,69,1,0.0
52,69,2,0.0
52,69,3,-0.0
52,69,4,-0.0
52,69,5,0.0
52,69,6,-0.0
52,69,7,-0.0
52,69,8,-0.0
52,69,9,-0.0
52,69,10,-0.0
52,69,11,-0.0
52,69,12,-0.0
52,69,13,-0.0
52,69,14,-0.0
52,69,15,-0.0
52,69,16,-0.0
52,69,17,-0.0
52,69,18,-0.0
52,69,19,0.0
52,69,20,0.0
52,69,21,-0.0
52,69,22,-0.0
52,69,23,-0.0
52,69,24,-0.0
52,69,25,-0.0
52,69,26,-0.0
52,69,27,0.0
52,69,28,-0.0
52,69,29,-0.0
52,69,30,-0.0
52,69,31,-0.0
52,69,32,-0.0
52,69,33,-0.0
52,69,34,-0.0
52,69,35,-0.0
52,69,36,-0.0
52,69,37,-0.0
52,69,38,-0.0
52,69,39,0.0
52,69,40,-0.0
52,69,41,-0.0
52,69,42,-0.0
52,69,43,-0.0
52,69,44,-0.0
52,69,45,-0.0
52,69,46,-0.0
52,69,47,0.0
52,69,48,0.0
52,69,49,0.0
52,69,50,-0.0
52,69,51,-0.0
52,69,52,0.0
52,69,53,-0.0
52,69,54,0.0
52,69,55,-0.0
52,69,56,-0.0
52,69,57,0.0
52,69,58,-0.0
52,69,59,-0.0
52,69,60,-0.0
52,69,61,-0.0
52,69,62,-0.0
52,69,63,-0.0
52,69,64,-0.0
52,69,65,-0.0
52,69,66,-0.0
52,69,67,0.0
52,69,68,-0.0
52,69,69,-0.0
52,69,70,-0.0
52,69,71,-0.0
52,69,72,-0.0
52,69,73,-0.0
52,69,74,-0.0
52,69,75,-0.0
52,69,76,-0.0
52,69,77,0.0
52,69,78,-0.0
52,69,79,0.0
52,69,80,-0.0
52,69,81,-0.0
52,69,82,-0.0
52,69,83,-0.0
52,69,84,-0.0
52,69,85,0.0
52,69,86,-0.0
52,69,87,-0.0
52,69,88,-0.0
52,69,89,-0.0
52,69,90,-0.0
52,69,91,0.0
52,69,92,0.0
52,69,93,0.0
52,69,94,0.0
52,69,95,-0.0
52,69,96,-0.0
52,69,97,-0.0
52,69,98,-0.0
52,69,99,-0.0
52,69,100,-0.0
52,69,101,0.0
52,69,102,-0.0
52,69,103,-0.0
52,69,104,-0.0
52,69,105,-0.0
52,69,106,-0.0
52,69,107,-0.0
52,69,108,-0.0
52,69,109,0.0
52,69,110,0.0
52,69,111,-0.0
52,69,112,-0.0
52,69,113,-0.0
52,69,114,-0.0
52,69,115,-0.0
52,69,116,-0.0
52,69,117,-0.0
52,69,118,-0.0
52,69,119,-0.0
52,69,120,-0.0
52,69,121,-0.0
52,69,122,-0.0
52,69,123,-0.0
52,69,124,-0.0
52,69,125,-0.0
52,69,126,-0.0
52,69,127,-0.0
52,69,128,-0.0
52,69,129,-0.0
52,69,130,0.0
52,69,131,-0.0
52,69,132,-0.0
52,69,133,-0.0
52,69,134,-0.0
52,69,135,-0.0
52,69,136,-0.0
52,69,137,-0.0
52,69,138,-0.0
52,69,139,-0.0
52,69,140,-0.0
52,69,141,-0.0
52,69,142,-0.0
52,69,143,-0.0
52,69,144,-0.0
52,69,145,-0.0
52,69,146,-0.0
52,69,147,-0.0
52,69,148,-0.0
52,69,149,-0.0
52,69,150,-0.0
52,69,151,-0.0
52,69,152,-0.0
52,69,153,-0.0
52,69,154,0.0
52,69,155,0.0
52,69,156,-0.0
52,69,157,0.0
52,69,158,-0.0
52,69,159,0.0
52,69,160,0.0
52,69,161,-0.0
52,69,162,-0.0
52,69,163,-0.0
52,69,164,0.0
52,69,165,-0.0
52,69,166,-0.0
52,69,167,0.0
52,69,168,-0.0
52,69,169,-0.0
52,69,170,-0.0
52,69,171,0.0
52,69,172,-0.0
52,69,173,-0.0
52,69,174,-0.0
52,69,175,-0.0
52,69,176,-0.0
52,69,177,-0.0
52,69,178,-0.0
52,69,179,-0.0
52,69,180,-0.0
52,69,181,-0.0
52,69,182,-0.0
52,69,183,-0.0
52,69,184,-0.0
52,69,185,-0.0
52,69,186,-0.0
52,69,187,-0.0
52,69,188,-0.0
52,69,189,-0.0
52,69,190,-0.0
52,69,191,-0.0
52,69,192,-0.0
52,69,193,-0.0
52,69,194,-0.0
52,69,195,-0.0
52,69,196,-0.0
52,69,197,-0.0
52,69,198,0.0
52,69,199,0.0
52,69,200,0.0
52,69,201,0.0
52,69,202,-0.0
52,69,203,-0.0
52,69,204,-0.0
52,69,205,-0.0
52,69,206,0.0
52,69,207,-0.0
52,69,208,-0.0
52,69,209,-0.0
52,69,210,-0.0
52,69,211,-0.0
52,69,212,0.0
52,69,213,-0.0
52,69,214,-0.0
52,69,215,-0.0
52,69,216,-0.0
52,69,217,-0.0
52,69,218,-0.0
52,69,219,-0.0
52,69,220,0.0
52,69,221,0.0
52,69,222,0.0
52,69,223,-0.0
52,69,224,-0.0
52,69,225,0.0
52,69,226,-0.0
52,69,227,-0.0
52,69,228,0.0
52,69,229,-0.0
52,69,230,0.0
52,69,231,-0.0
52,69,232,-0.0
52,69,233,0.0
52,69,234,-0.0
52,69,235,-0.0
52,69,236,-0.0
52,69,237,-0.0
52,69,238,-0.0
52,69,239,-0.0
52,69,240,-0.0
52,69,241,-0.0
52,69,242,-0.0
52,69,243,-0.0
52,69,244,0.0
52,69,245,-0.0
52,69,246,-0.0
52,69,247,-0.0
52,69,248,-0.0
52,69,249,0.0
52,69,250,-0.0
52,69,251,-0.0
52,69,252,-0.0
52,69,253,-0.0
52,69,254,-0.0
52,69,255,-0.0
52,69,256,-0.0
52,69,257,-0.0
52,69,258,-0.0
52,69,259,-0.0
52,69,260,-0.0
52,69,261,-0.0
52,69,262,-0.0
52,69,263,-0.0
52,69,264,-0.0
52,69,265,-0.0
52,69,266,-0.0
52,69,267,-0.0
52,69,268,-0.0
52,69,269,-0.0
52,69,270,-0.0
52,69,271,-0.0
52,69,272,-0.0
52,69,273,-0.0
52,69,274,-0.0
52,69,275,-0.0
52,69,276,-0.0
52,69,277,-0.0
52,69,278,-0.0
52,69,279,-0.0
52,69,280,-0.0
52,69,281,-0.0
52,69,282,-0.0
52,69,283,-0.0
52,69,284,-0.0
52,69,285,-0.0
52,69,286,-0.0
52,69,287,-0.0
52,69,288,-0.0
52,69,289,-0.0
52,69,290,-0.0
52,69,291,-0.0
52,69,292,-0.0
52,69,293,-0.0
52,69,294,-0.0
52,69,295,0.0
52,69,296,0.0
52,69,297,-0.0
52,69,298,-0.0
52,69,299,-0.0
52,69,300,-0.0
52,69,301,-0.0
52,69,302,-0.0
52,69,303,-0.0
52,69,304,-0.0
52,69,305,-0.0
52,69,306,-0.0
52,69,307,-0.0
52,69,308,-0.0
52,69,309,-0.0
52,69,310,-0.0
52,69,311,-0.0
52,69,312,-0.0
52,69,313,-0.0
52,69,314,-0.0
52,69,315,-0.0
52,69,316,0.0
52,69,317,-0.0
52,69,318,-0.0
52,69,319,-0.0
52,69,320,-0.0
52,69,321,-0.0
52,69,322,-0.0
52,69,323,-0.0
52,69,324,-0.0
52,69,325,-0.0
52,69,326,-0.0
52,69,327,-0.0
52,69,328,-0.0
52,69,329,-0.0
52,69,330,-0.0
52,69,331,-0.0
52,69,332,-0.0
52,69,333,-0.0
52,69,334,-0.0
52,69,335,0.0
52,69,336,0.0
52,69,337,-0.0
52,69,338,0.0
52,69,339,-0.0
52,69,340,-0.0
52,69,341,-0.0
52,69,342,-0.0
52,69,343,-0.0
52,69,344,-0.0
52,69,345,-0.0
52,69,346,-0.0
52,69,347,-0.0
52,69,348,-0.0
52,69,349,-0.0
52,69,350,0.0
52,69,351,0.0
52,69,352,0.0
52,69,353,-0.0
52,69,354,-0.0
52,69,355,-0.0
52,69,356,0.0
52,69,357,0.0
52,69,358,0.0
52,69,359,-0.0
52,69,360,-0.0
104,107,0,0.0
104,107,1,0.0
104,107,2,0.0
104,107,3,0.0
104,107,4,0.0
104,107,5,0.0
104,107,6,0.0
104,107,7,0.0
104,107,8,0.0
104,107,9,0.0
104,107,10,0.0
104,107,11,0.0
104,107,12,0.0
104,107,13,0.0
104,107,14,0.0
104,107,15,0.0
104,107,16,0.0
104,107,17,0.0
104,107,18,0.0
104,107,19,0.0
104,107,20,0.0
104,107,21,0.0
104,107,22,0.0
104,107,23,0.0
104,107,24,0.0
104,107,25,0.0
104,107,26,0.0
104,107,27,0.0
104,107,28,0.0
104,107,29,0.0
104,107,30,0.0
104,107,31,0.0
104,107,32,0.0
104,107,33,0.0
104,107,34,0.0
104,107,35,0.0
104,107,36,0.0
104,107,37,0.0
104,107,38,0.0
104,107,39,0.0
104,107,40,-0.0
104,107,41,0.0
104,107,42,0.0
104,107,43,0.0
104,107,44,0.0
104,107,45,0.0
104,107,46,0.0
104,107,47,0.0
104,107,48,0.0
104,107,49,0.0
104,107,50,0.0
104,107,51,0.0
104,107,52,0.0
104,107,53,0.0
104,107,54,0.0
104,107,55,0.0
104,107,56,0.0
104,107,57,0.0
104,107,58,0.0
104,107,59,0.0
104,107,60,0.0
104,107,61,0.0
104,107,62,0.0
104,107,63,0.0
104,107,64,-0.0
104,107,65,0.0
104,107,66,0.0
104,107,67,0.0
104,107,68,0.0
104,107,69,0.0
104,107,70,0.0
104,107,71,0.0
104,107,72,0.0
104,107,73,0.0
104,107,74,0.0
104,107,75,0.0
104,107,76,0.0
104,107,77,0.0
104,107,78,0.0
104,107,79,0.0
104,107,80,0.0
104,107,81,0.0
104,107,82,0.0
104,107,83,0.0
104,107,84,0.0
104,107,85,0.0
104,107,86,0.0
104,107,87,0.0
104,107,88,0.0
104,107,89,0.0
104,107,90,0.0
104,107,91,0.0
104,107,92,0.0
104,107,93,0.0
104,107,94,0.0
104,107,95,0.0
104,107,96,0.0
104,107,97,0.0
104,107,98,0.0
104,107,99,0.0
104,107,100,0.0
104,107,101,0.0
104,107,102,0.0
104,107,103,0.0
104,107,104,-0.0
104,107,105,0.0
104,107,106,0.0
104,107,107,0.0
104,107,108,0.0
104,107,109,0.0
104,107,110,0.0
104,107,111,0.0
104,107,112,0.0
104,107,113,0.0
104,107,114,0.0
104,107,115,0.0
104,107,116,0.0
104,107,117,0.0
104,107,118,0.0
104,107,119,0.0
104,107,120,0.0
104,107,121,0.0
104,107,122,0.0
104,107,123,0.0
104,107,124,0.0
104,107,125,0.0
104,107,126,0.0
104,107,127,0.0
104,107,128,0.0
104,107,129,0.0
104,107,130,0.0
104,107,131,0.0
104,107,132,0.0
104,107,133,0.0
104,107,134,0.0
104,107,135,0.0
104,107,136,0.0
104,107,137,0.0
104,107,138,0.0
104,107,139,0.0
104,107,140,0.0
104,107,141,0.0
104,107,142,0.0
104,107,143,0.0
104,107,144,0.0
104,107,145,0.0
104,107,146,0.0
104,107,147,0.0
104,107,148,0.0
104,107,149,0.0
104,107,150,0.0
104,107,151,0.0
104,107,152,0.0
104,107,153,0.0
104,107,154,0.0
104,107,155,0.0
104,107,156,0.0
104,107,157,0.0
104,107,158,0.0
104,107,159,0.0
104,107,160,0.0
104,107,161,0.0
104,107,162,0.0
104,107,163,0.0
104,107,164,0.0
104,107,165,0.0
104,107,166,0.0
104,107,167,0.0
104,107,168,0.0
104,107,169,0.0
104,107,170,0.0
104,107,171,0.0
104,107,172,0.0
104,107,173,0.0
104,107,174,0.0
104,107,175,0.0
104,107,176,0.0
104,107,177,0.0
104,107,178,0.0
104,107,179,0.0
104,107,180,0.0
104,107,181,0.0
104,107,182,0.0
104,107,183,0.0
104,107,184,0.0
104,107,185,0.0
104,107,186,0.0
104,107,187,0.0
104,107,188,0.0
104,107,189,0.0
104,107,190,0.0
104,107,191,0.0
104,107,192,0.0
104,107,193,-0.0
104,107,194,0.0
104,107,195,0.0
104,107,196,0.0
104,107,197,-0.0
104,107,198,0.0
104,107,199,0.0
104,107,200,0.0
104,107,201,0.0
104,107,202,0.0
104,107,203,0.0
104,107,204,0.0
104,107,205,0.0
104,107,206,0.0
104,107,207,0.0
104,107,208,0.0
104,107,209,0.0
104,107,210,0.0
104,107,211,0.0
104,107,212,0.0
104,107,213,0.0
104,107,214,0.0
104,107,215,0.0
104,107,216,0.0
104,107,217,0.0
104,107,218,0.0
104,107,219,0.0
104,107,220,0.0
104,107,221,0.0
104,107,222,0.0
104,107,223,0.0
104,107,224,0.0
104,107,225,0.0
104,107,226,0.0
104,107,227,0.0
104,107,228,0.0
104,107,229,-0.0
104,107,230,0.0
104,107,231,0.0
104,107,232,0.0
104,107,233,0.0
104,107,234,0.0
104,107,235,0.0
104,107,236,0.0
104,107,237,0.0
104,107,238,0.0
104,107,239,0.0
104,107,240,0.0
104,107,241,0.0
104,107,242,0.0
104,107,243,0.0
104,107,244,0.0
104,107,245,0.0
104,107,246,0.0
104,107,247,0.0
104,107,248,0.0
104,107,249,0.0
104,107,250,0.0
104,107,251,0.0
104,107,252,0.0
104,107,253,0.0
104,107,254,0.0
104,107,255,0.0
104,107,256,0.0
104,107,257,0.0
104,107,258,0.0
104,107,259,0.0
104,107,260,0.0
104,107,261,0.0
104,107,262,0.0
104,107,263,0.0
104,107,264,0.0
104,107,265,0.0
104,107,266,0.0
104,107,267,0.0
104,107,268,0.0
104,107,269,0.0
104,107,270,0.0
104,107,271,0.0
104,107,272,0.0
104,107,273,0.0
104,107,274,0.0
104,107,275,0.0
104,107,276,0.0
104,107,277,0.0
104,107,278,0.0
104,107,279,0.0
104,107,280,0.0
104,107,281,0.0
104,107,282,0.0
104,107,283,0.0
104,107,284,0.0
104,107,285,0.0
104,107,286,0.0
104,107,287,0.0
104,107,288,0.0
104,107,289,0.0
104,107,290,0.0
104,107,291,0.0
104,107,292,0.0
104,107,293,0.0
104,107,294,0.0
104,107,295,0.0
104,107,296,0.0
104,107,297,0.0
104,107,298,0.0
104,107,299,0.0
104,107,300,0.0
104,107,301,0.0
104,107,302,0.0
104,107,303,0.0
104,107,304,0.0
104,107,305,0.0
104,107,306,0.0
104,107,307,0.0
104,107,308,0.0
104,107,309,0.0
104,107,310,0.0
104,107,311,0.0
104,107,312,0.0
104,107,313,0.0
104,107,314,0.0
104,107,315,0.0
104,107,316,0.0
104,107,317,0.0
104,107,318,0.0
104,107,319,0.0
104,107,320,0.0
104,107,321,0.0
104,107,322,0.0
104,107,323,0.0
104,107,324,0.0
104,107,325,0.0
104,107,326,0.0
104,107,327,0.0
104,107,328,0.0
104,107,329,0.0
104,107,330,0.0
104,107,331,0.0
104,107,332,0.0
104,107,333,0.0
104,107,334,0.0
104,107,335,0.0
104,107,336,0.0
104,107,337,0.0
104,107,338,0.0
104,107,339,0.0
104,107,340,0.0
104,107,341,0.0
104,107,342,0.0
104,107,343,0.0
104,107,344,0.0
104,107,345,0.0
104,107,346,0.0
104,107,347,0.0
104,107,348,0.0
104,107,349,0.0
104,107,350,0.0
104,107,351,0.0
104,107,352,0.0
104,107,353,0.0
104,107,354,0.0
104,107,355,0.0
104,107,356,0.0
104,107,357,-0.0
104,107,358,-0.0
104,107,359,-0.0
104,107,360,-0.0
83,84,0,0.0
83,84,1,0.0
83,84,2,0.0
83,84,3,0.0
83,84,4,0.0
83,84,5,0.0
83,84,6,0.0
83,84,7,0.0
83,84,8,0.0
83,84,9,0.0
83,84,10,0.0
83,84,11,0.0
83,84,12,0.0
83,84,13,0.0
83,84,14,0.0
83,84,15,0.0
83,84,16,0.0
83,84,17,0.0
83,84,18,0.0
83,84,19,0.0
83,84,20,0.0
83,84,21,0.0
83,84,22,0.0
83,84,23,0.0
83,84,24,0.0
83,84,25,0.0
83,84,26,0.0
83,84,27,0.0
83,84,28,0.0
83,84,29,0.0
83,84,30,0.0
83,84,31,0.0
83,84,32,0.0
83,84,33,0.0
83,84,34,0.0
83,84,35,0.0
83,84,36,0.0
83,84,37,0.0
83,84,38,0.0
83,84,39,0.0
83,84,40,0.0
83,84,41,0.0
83,84,42,0.0
83,84,43,0.0
83,84,44,0.0
83,84,45,0.0
83,84,46,0.0
83,84,47,-0.0
83,84,48,0.0
83,84,49,0.0
83,84,50,0.0
83,84,51,0.0
83,84,52,0.0
83,84,53,0.0
83,84,54,0.0
83,84,55,0.0
83,84,56,0.0
83,84,57,0.0
83,84,58,0.0
83,84,59,0.0
83,84,60,0.0
83,84,61,-0.0
83,84,62,0.0
83,84,63,0.0
83,84,64,0.0
83,84,65,0.0
83,84,66,0.0
83,84,67,0.0
83,84,68,0.0
83,84,69,0.0
83,84,70,0.0
83,84,71,0.0
83,84,72,0.0
83,84,73,0.0
83,84,74,0.0
83,84,75,0.0
83,84,76,0.0
83,84,77,0.0
83,84,78,0.0
83,84,79,0.0
83,84,80,0.0
83,84,81,0.0
83,84,82,0.0
83,84,83,0.0
83,84,84,0.0
83,84,85,0.0
83,84,86,0.0
83,84,87,0.0
83,84,88,0.0
83,84,89,0.0
83,84,90,0.0
83,84,91,0.0
83,84,92,0.0
83,84,93,0.0
83,84,94,0.0
83,84,95,0.0
83,84,96,0.0
83,84,97,0.0
83,84,98,0.0
83,84,99,0.0
83,84,100,0.0
83,84,101,0.0
83,84,102,0.0
83,84,103,0.0
83,84,104,0.0
83,84,105,0.0
83,84,106,0.0
83,84,107,0.0
83,84,108,0.0
83,84,109,0.0
83,84,110,0.0
83,84,111,0.0
83,84,112,0.0
83,84,113,0.0
83,84,114,0.0
83,84,115,0.0
83,84,116,0.0
83,84,117,0.0
83,84,118,0.0
83,84,119,0.0
83,84,120,0.0
83,84,121,0.0
83,84,122,0.0
83,84,123,0.0
83,84,124,0.0
83,84,125,0.0
83,84,126,0.0
83,84,127,0.0
83,84,128,0.0
83,84,129,0.0
83,84,130,0.0
83,84,131,0.0
83,84,132,0.0
83,84,133,0.0
83,84,134,0.0
83,84,135,0.0
83,84,136,0.0
83,84,137,0.0
83,84,138,0.0
83,84,139,0.0
83,84,140,0.0
83,84,141,0.0
83,84,142,0.0
83,84,143,0.0
83,84,144,0.0
83,84,145,0.0
83,84,146,0.0
83,84,147,0.0
83,84,148,0.0
83,84,149,0.0
83,84,150,0.0
83,84,151,0.0
83,84,152,0.0
83,84,153,0.0
83,84,154,0.0
83,84,155,0.0
83,84,156,0.0
83,84,157,0.0
83,84,158,0.0
83,84,159,0.0
83,84,160,0.0
83,84,161,0.0
83,84,162,0.0
83,84,163,0.0
83,84,164,0.0
83,84,165,0.0
83,84,166,0.0
83,84,167,0.0
83,84,168,0.0
83,84,169,0.0
83,84,170,0.0
83,84,171,0.0
83,84,172,0.0
83,84,173,0.0
83,84,174,0.0
83,84,175,0.0
83,84,176,0.0
83,84,177,0.0
83,84,178,0.0
83,84,179,0.0
83,84,180,0.0
83,84,181,0.0
83,84,182,0.0
83,84,183,0.0
83,84,184,0.0
83,84,185,0.0
83,84,186,0.0
83,84,187,0.0
83,84,188,0.0
83,84,189,0.0
83,84,190,0.0
83,84,191,0.0
83,84,192,0.0
83,84,193,0.0
83,84,194,0.0
83,84,195,0.0
83,84,196,0.0
83,84,197,0.0
83,84,198,0.0
83,84,199,0.0
83,84,200,0.0
83,84,201,0.0
83,84,202,0.0
83,84,203,0.0
83,84,204,0.0
83,84,205,0.0
83,84,206,0.0
83,84,207,0.0
83,84,208,0.0
83,84,209,0.0
83,84,210,0.0
83,84,211,0.0
83,84,212,0.0
83,84,213,0.0
83,84,214,0.0
83,84,215,0.0
83,84,216,0.0
83,84,217,0.0
83,84,218,0.0
83,84,219,-0.0
83,84,220,0.0
83,84,221,0.0
83,84,222,0.0
83,84,223,0.0
83,84,224,0.0
83,84,225,0.0
83,84,226,0.0
83,84,227,0.0
83,84,228,0.0
83,84,229,0.0
83,84,230,0.0
83,84,231,0.0
83,84,232,0.0
83,84,233,0.0
83,84,234,0.0
83,84,235,0.0
83,84,236,0.0
83,84,237,0.0
83,84,238,0.0
83,84,239,0.0
83,84,240,0.0
83,84,241,0.0
83,84,242,0.0
83,84,243,-0.0
83,84,244,0.0
83,84,245,0.0
83,84,246,0.0
83,84,247,0.0
83,84,248,0.0
83,84,249,0.0
83,84,250,0.0
83,84,251,0.0
83,84,252,0.0
83,84,253,0.0
83,84,254,-0.0
83,84,255,0.0
83,84,256,0.0
83,84,257,0.0
83,84,258,0.0
83,84,259,0.0
83,84,260,0.0
83,84,261,0.0
83,84,262,0.0
83,84,263,0.0
83,84,264,0.0
83,84,265,0.0
83,84,266,0.0
83,84,267,0.0
83,84,268,0.0
83,84,269,0.0
83,84,270,0.0
83,84,271,0.0
83,84,272,0.0
83,84,273,0.0
83,84,274,0.0
83,84,275,0.0
83,84,276,0.0
83,84,277,0.0
83,84,278,0.0
83,84,279,0.0
83,84,280,0.0
83,84,281,0.0
83,84,282,0.0
83,84,283,0.0
83,84,284,0.0
83,84,285,-0.0
83,84,286,0.0
83,84,287,0.0
83,84,288,0.0
83,84,289,0.0
83,84,290,0.0
83,84,291,0.0
83,84,292,0.0
83,84,293,0.0
83,84,294,0.0
83,84,295,0.0
83,84,296,0.0
83,84,297,0.0
83,84,298,-0.0
83,84,299,0.0
83,84,300,0.0
83,84,301,0.0
83,84,302,0.0
83,84,303,0.0
83,84,304,0.0
83,84,305,0.0
83,84,306,0.0
83,84,307,0.0
83,84,308,0.0
83,84,309,0.0
83,84,310,0.0
83,84,311,0.0
83,84,312,0.0
83,84,313,0.0
83,84,314,0.0
83,84,315,0.0
83,84,316,0.0
83,84,317,0.0
83,84,318,0.0
83,84,319,0.0
83,84,320,0.0
83,84,321,0.0
83,84,322,0.0
83,84,323,0.0
83,84,324,0.0
83,84,325,0.0
83,84,326,0.0
83,84,327,0.0
83,84,328,0.0
83,84,329,0.0
83,84,330,0.0
83,84,331,0.0
83,84,332,0.0
83,84,333,0.0
83,84,334,0.0
83,84,335,0.0
83,84,336,0.0
83,84,337,0.0
83,84,338,0.0
83,84,339,0.0
83,84,340,0.0
83,84,341,0.0
83,84,342,0.0
83,84,343,0.0
83,84,344,0.0
83,84,345,0.0
83,84,346,0.0
83,84,347,0.0
83,84,348,0.0
83,84,349,0.0
83,84,350,0.0
83,84,351,0.0
83,84,352,0.0
83,84,353,0.0
83,84,354,0.0
83,84,355,0.0
83,84,356,0.0
83,84,357,0.0
83,84,358,0.0
83,84,359,-0.0
83,84,360,-0.0
18,46,0,0.0
18,46,1,0.0
18,46,2,-0.0
18,46,3,-0.0
18,46,4,-0.0
18,46,5,0.0
18,46,6,-0.0
18,46,7,-0.0
18,46,8,-0.0
18,46,9,-0.0
18,46,10,-0.0
18,46,11,-0.0
18,46,12,-0.0
18,46,13,-0.0
18,46,14,-0.0
18,46,15,-0.0
18,46,16,-0.0
18,46,17,-0.0
18,46,18,-0.0
18,46,19,-0.0
18,46,20,-0.0
18,46,21,-0.0
18,46,22,-0.0
18,46,23,-0.0
18,46,24,-0.0
18,46,25,-0.0
18,46,26,0.0
18,46,27,-0.0
18,46,28,0.0
18,46,29,-0.0
18,46,30,-0.0
18,46,31,-0.0
18,46,32,-0.0
18,46,33,-0.0
18,46,34,0.0
18,46,35,-0.0
18,46,36,-0.0
18,46,37,0.0
18,46,38,-0.0
18,46,39,-0.0
18,46,40,-0.0
18,46,41,-0.0
18,46,42,0.0
18,46,43,0.0
18,46,44,-0.0
18,46,45,-0.0
18,46,46,-0.0
18,46,47,-0.0
18,46,48,-0.0
18,46,49,-0.0
18,46,50,-0.0
18,46,51,-0.0
18,46,52,-0.0
18,46,53,-0.0
18,46,54,-0.0
18,46,55,-0.0
18,46,56,-0.0
18,46,57,-0.0
18,46,58,0.0
18,46,59,0.0
18,46,60,0.0
18,46,61,0.0
18,46,62,-0.0
18,46,63,0.0
18,46,64,-0.0
18,46,65,-0.0
18,46,66,-0.0
18,46,67,-0.0
18,46,68,-0.0
18,46,69,-0.0
18,46,70,-0.0
18,46,71,-0.0
18,46,72,-0.0
18,46,73,-0.0
18,46,74,0.0
18,46,75,-0.0
18,46,76,-0.0
18,46,77,-0.0
18,46,78,0.0
18,46,79,-0.0
18,46,80,-0.0
18,46,81,-0.0
18,46,82,-0.0
18,46,83,-0.0
18,46,84,-0.0
18,46,85,-0.0
18,46,86,-0.0
18,46,87,-0.0
18,46,88,-0.0
18,46,89,0.0
18,46,90,-0.0
18,46,91,-0.0
18,46,92,-0.0
18,46,93,-0.0
18,46,94,0.0
18,46,95,-0.0
18,46,96,-0.0
18,46,97,0.0
18,46,98,-0.0
18,46,99,-0.0
18,46,100,-0.0
18,46,101,-0.0
18,46,102,-0.0
18,46,103,-0.0
18,46,104,-0.0
18,46,105,-0.0
18,46,106,-0.0
18,46,107,-0.0
18,46,108,-0.0
18,46,109,-0.0
18,46,110,-0.0
18,46,111,0.0
18,46,112,-0.0
18,46,113,0.0
18,46,114,-0.0
18,46,115,-0.0
18,46,116,-0.0
18,46,117,-0.0
18,46,118,-0.0
18,46,119,-0.0
18,46,120,-0.0
18,46,121,-0.0
18,46,122,-0.0
18,46,123,-0.0
18,46,124,-0.0
18,46,125,-0.0
18,46,126,-0.0
18,46,127,-0.0
18,46,128,-0.0
18,46,129,-0.0
18,46,130,-0.0
18,46,131,-0.0
18,46,132,-0.0
18,46,133,-0.0
18,46,134,-0.0
18,46,135,-0.0
18,46,136,-0.0
18,46,137,-0.0
18,46,138,-0.0
18,46,139,-0.0
18,46,140,-0.0
18,46,141,-0.0
18,46,142,-0.0
18,46,143,-0.0
18,46,144,-0.0
18,46,145,-0.0
18,46,146,-0.0
18,46,147,-0.0
18,46,148,-0.0
18,46,149,-0.0
18,46,150,-0.0
18,46,151,-0.0
18,46,152,-0.0
18,46,153,-0.0
18,46,154,-0.0
18,46,155,-0.0
18,46,156,-0.0
18,46,157,-0.0
18,46,158,-0.0
18,46,159,-0.0
18,46,160,-0.0
18,46,161,0.0
18,46,162,0.0
18,46,163,-0.0
18,46,164,-0.0
18,46,165,-0.0
18,46,166,-0.0
18,46,167,-0.0
18,46,168,-0.0
18,46,169,-0.0
18,46,170,-0.0
18,46,171,-0.0
18,46,172,-0.0
18,46,173,-0.0
18,46,174,-0.0
18,46,175,0.0
18,46,176,-0.0
18,46,177,-0.0
18,46,178,-0.0
18,46,179,-0.0
18,46,180,-0.0
18,46,181,-0.0
18,46,182,-0.0
18,46,183,-0.0
18,46,184,-0.0
18,46,185,-0.0
18,46,186,-0.0
18,46,187,-0.0
18,46,188,-0.0
18,46,189,-0.0
18,46,190,0.0
18,46,191,-0.0
18,46,192,-0.0
18,46,193,-0.0
18,46,194,-0.0
18,46,195,-0.0
18,46,196,-0.0
18,46,197,-0.0
18,46,198,-0.0
18,46,199,-0.0
18,46,200,-0.0
18,46,201,-0.0
18,46,202,-0.0
18,46,203,-0.0
18,46,204,-0.0
18,46,205,-0.0
18,46,206,-0.0
18,46,207,-0.0
18,46,208,-0.0
18,46,209,-0.0
18,46,210,-0.0
18,46,211,-0.0
18,46,212,-0.0
18,46,213,-0.0
18,46,214,-0.0
18,46,215,-0.0
18,46,216,-0.0
18,46,217,-0.0
18,46,218,-0.0
18,46,219,-0.0
18,46,220,-0.0
18,46,221,-0.0
18,46,222,-0.0
18,46,223,-0.0
18,46,224,-0.0
18,46,225,-0.0
18,46,226,-0.0
18,46,227,-0.0
18,46,228,-0.0
18,46,229,-0.0
18,46,230,-0.0
18,46,231,-0.0
18,46,232,-0.0
18,46,233,-0.0
18,46,234,-0.0
18,46,235,-0.0
18,46,236,-0.0
18,46,237,-0.0
18,46,238,-0.0
18,46,239,0.0
18,46,240,0.0
18,46,241,-0.0
18,46,242,-0.0
18,46,243,-0.0
18,46,244,-0.0
18,46,245,-0.0
18,46,246,0.0
18,46,247,-0.0
18,46,248,-0.0
18,46,249,-0.0
18,46,250,-0.0
18,46,251,-0.0
18,46,252,-0.0
18,46,253,-0.0
18,46,254,-0.0
18,46,255,-0.0
18,46,256,-0.0
18,46,257,-0.0
18,46,258,-0.0
18,46,259,-0.0
18,46,260,-0.0
18,46,261,-0.0
18,46,262,0.0
18,46,263,-0.0
18,46,264,-0.0
18,46,265,-0.0
18,46,266,-0.0
18,46,267,-0.0
18,46,268,-0.0
18,46,269,-0.0
18,46,270,-0.0
18,46,271,-0.0
18,46,272,-0.0
18,46,273,-0.0
18,46,274,-0.0
18,46,275,0.0
18,46,276,-0.0
18,46,277,0.0
18,46,278,-0.0
18,46,279,-0.0
18,46,280,-0.0
18,46,281,-0.0
18,46,282,-0.0
18,46,283,-0.0
18,46,284,-0.0
18,46,285,0.0
18,46,286,-0.0
18,46,287,-0.0
18,46,288,-0.0
18,46,289,-0.0
18,46,290,-0.0
18,46,291,-0.0
18,46,292,-0.0
18,46,293,0.0
18,46,294,0.0
18,46,295,-0.0
18,46,296,-0.0
18,46,297,-0.0
18,46,298,-0.0
18,46,299,-0.0
18,46,300,-0.0
18,46,301,-0.0
18,46,302,-0.0
18,46,303,-0.0
18,46,304,-0.0
18,46,305,-0.0
18,46,306,0.0
18,46,307,-0.0
18,46,308,-0.0
18,46,309,-0.0
18,46,310,-0.0
18,46,311,-0.0
18,46,312,-0.0
18,46,313,-0.0
18,46,314,-0.0
18,46,315,-0.0
18,46,316,-0.0
18,46,317,-0.0
18,46,318,-0.0
18,46,319,-0.0
18,46,320,-0.0
18,46,321,-0.0
18,46,322,-0.0
18,46,323,-0.0
18,46,324,-0.0
18,46,325,-0.0
18,46,326,-0.0
18,46,327,-0.0
18,46,328,-0.0
18,46,329,-0.0
18,46,330,-0.0
18,46,331,-0.0
18,46,332,-0.0
18,46,333,-0.0
18,46,334,-0.0
18,46,335,-0.0
18,46,336,-0.0
18,46,337,-0.0
18,46,338,-0.0
18,46,339,-0.0
18,46,340,-0.0
18,46,341,-0.0
18,46,342,0.0
18,46,343,-0.0
18,46,344,-0.0
18,46,345,-0.0
18,46,346,-0.0
18,46,347,-0.0
18,46,348,-0.0
18,46,349,-0.0
18,46,350,-0.0
18,46,351,-0.0
18,46,352,-0.0
18,46,353,-0.0
18,46,354,-0.0
18,46,355,0.0
18,46,356,-0.0
18,46,357,-0.0
18,46,358,-0.0
18,46,359,-0.0
18,46,360,-0.0
81,114,0,0.0
81,114,1,0.0
81,114,2,0.0
81,114,3,0.0
81,114,4,0.0
81,114,5,0.0
81,114,6,0.0
81,114,7,-0.0
81,114,8,-0.0
81,114,9,-0.0
81,114,10,0.0
81,114,11,0.0
81,114,12,0.0
81,114,13,0.0
81,114,14,-0.0
81,114,15,-0.0
81,114,16,0.0
81,114,17,-0.0
81,114,18,-0.0
81,114,19,-0.0
81,114,20,0.0
81,114,21,-0.0
81,114,22,-0.0
81,114,23,0.0
81,114,24,-0.0
81,114,25,-0.0
81,114,26,0.0
81,114,27,0.0
81,114,28,-0.0
81,114,29,-0.0
81,114,30,-0.0
81,114,31,-0.0
81,114,32,-0.0
81,114,33,0.0
81,114,34,0.0
81,114,35,-0.0
81,114,36,-0.0
81,114,37,0.0
81,114,38,0.0
81,114,39,-0.0
81,114,40,0.0
81,114,41,-0.0
81,114,42,-0.0
81,114,43,0.0
81,114,44,-0.0
81,114,45,-0.0
81,114,46,0.0
81,114,47,0.0
81,114,48,0.0
81,114,49,-0.0
81,114,50,0.0
81,114,51,0.0
81,114,52,0.0
81,114,53,0.0
81,114,54,0.0
81,114,55,-0.0
81,114,56,-0.0
81,114,57,0.0
81,114,58,0.0
81,114,59,-0.0
81,114,60,-0.0
81,114,61,0.0
81,114,62,-0.0
81,114,63,-0.0
81,114,64,-0.0
81,114,65,0.0
81,114,66,-0.0
81,114,67,-0.0
81,114,68,0.0
81,114,69,-0.0
81,114,70,0.0
81,114,71,-0.0
81,114,72,0.0
81,114,73,-0.0
81,114,74,0.0
81,114,75,-0.0
81,114,76,0.0
81,114,77,0.0
81,114,78,0.0
81,114,79,0.0
81,114,80,-0.0
81,114,81,0.0
81,114,82,0.0
81,114,83,-0.0
81,114,84,0.0
81,114,85,0.0
81,114,86,0.0
81,114,87,-0.0
81,114,88,0.0
81,114,89,-0.0
81,114,90,0.0
81,114,91,-0.0
81,114,92,-0.0
81,114,93,0.0
81,114,94,-0.0
81,114,95,0.0
81,114,96,-0.0
81,114,97,0.0
81,114,98,-0.0
81,114,99,0.0
81,114,100,-0.0
81,114,101,0.0
81,114,102,-0.0
81,114,103,-0.0
81,114,104,0.0
81,114,105,0.0
81,114,106,-0.0
81,114,107,0.0
81,114,108,0.0
81,114,109,-0.0
81,114,110,0.0
81,114,111,-0.0
81,114,112,0.0
81,114,113,0.0
81,114,114,0.0
81,114,115,-0.0
81,114,116,0.0
81,114,117,-0.0
81,114,118,-0.0
81,114,119,0.0
81,114,120,0.0
81,114,121,-0.0
81,114,122,0.0
81,114,123,-0.0
81,114,124,-0.0
81,114,125,-0.0
81,114,126,0.0
81,114,127,-0.0
81,114,128,-0.0
81,114,129,0.0
81,114,130,0.0
81,114,131,-0.0
81,114,132,-0.0
81,114,133,0.0
81,114,134,0.0
81,114,135,-0.0
81,114,136,-0.0
81,114,137,-0.0
81,114,138,-0.0
81,114,139,-0.0
81,114,140,0.0
81,114,141,-0.0
81,114,142,-0.0
81,114,143,0.0
81,114,144,-0.0
81,114,145,0.0
81,114,146,0.0
81,114,147,-0.0
81,114,148,-0.0
81,114,149,-0.0
81,114,150,-0.0
81,114,151,-0.0
81,114,152,-0.0
81,114,153,0.0
81,114,154,-0.0
81,114,155,0.0
81,114,156,-0.0
81,114,157,-0.0
81,114,158,-0.0
81,114,159,0.0
81,114,160,0.0
81,114,161,-0.0
81,114,162,0.0
81,114,163,0.0
81,114,164,0.0
81,114,165,0.0
81,114,166,0.0
81,114,167,-0.0
81,114,168,0.0
81,114,169,0.0
81,114,170,-0.0
81,114,171,0.0
81,114,172,-0.0
81,114,173,-0.0
81,114,174,0.0
81,114,175,-0.0
81,114,176,-0.0
81,114,177,-0.0
81,114,178,-0.0
81,114,179,0.0
81,114,180,0.0
81,114,181,-0.0
81,114,182,0.0
81,114,183,0.0
81,114,184,-0.0
81,114,185,0.0
81,114,186,0.0
81,114,187,0.0
81,114,188,0.0
81,114,189,-0.0
81,114,190,-0.0
81,114,191,-0.0
81,114,192,-0.0
81,114,193,-0.0
81,114,194,0.0
81,114,195,-0.0
81,114,196,-0.0
81,114,197,-0.0
81,114,198,-0.0
81,114,199,-0.0
81,114,200,0.0
81,114,201,0.0
81,114,202,0.0
81,114,203,0.0
81,114,204,0.0
81,114,205,-0.0
81,114,206,-0.0
81,114,207,0.0
81,114,208,0.0
81,114,209,0.0
81,114,210,-0.0
81,114,211,-0.0
81,114,212,-0.0
81,114,213,-0.0
81,114,214,-0.0
81,114,215,-0.0
81,114,216,-0.0
81,114,217,0.0
81,114,218,0.0
81,114,219,-0.0
81,114,220,0.0
81,114,221,-0.0
81,114,222,0.0
81,114,223,-0.0
81,114,224,0.0
81,114,225,-0.0
81,114,226,0.0
81,114,227,0.0
81,114,228,-0.0
81,114,229,0.0
81,114,230,0.0
81,114,231,-0.0
81,114,232,-0.0
81,114,233,-0.0
81,114,234,0.0
81,114,235,0.0
81,114,236,-0.0
81,114,237,-0.0
81,114,238,-0.0
81,114,239,-0.0
81,114,240,0.0
81,114,241,-0.0
81,114,242,0.0
81,114,243,-0.0
81,114,244,-0.0
81,114,245,-0.0
81,114,246,-0.0
81,114,247,-0.0
81,114,248,0.0
81,114,249,0.0
81,114,250,-0.0
81,114,251,-0.0
81,114,252,-0.0
81,114,253,0.0
81,114,254,0.0
81,114,255,0.0
81,114,256,-0.0
81,114,257,-0.0
81,114,258,-0.0
81,114,259,0.0
81,114,260,-0.0
81,114,261,0.0
81,114,262,-0.0
81,114,263,-0.0
81,114,264,-0.0
81,114,265,-0.0
81,114,266,-0.0
81,114,267,0.0
81,114,268,-0.0
81,114,269,-0.0
81,114,270,-0.0
81,114,271,0.0
81,114,272,-0.0
81,114,273,-0.0
81,114,274,-0.0
81,114,275,0.0
81,114,276,0.0
81,114,277,-0.0
81,114,278,0.0
81,114,279,0.0
81,114,280,-0.0
81,114,281,0.0
81,114,282,-0.0
81,114,283,-0.0
81,114,284,-0.0
81,114,285,-0.0
81,114,286,-0.0
81,114,287,-0.0
81,114,288,-0.0
81,114,289,-0.0
81,114,290,-0.0
81,114,291,-0.0
81,114,292,-0.0
81,114,293,0.0
81,114,294,-0.0
81,114,295,0.0
81,114,296,0.0
81,114,297,-0.0
81,114,298,-0.0
81,114,299,0.0
81,114,300,-0.0
81,114,301,-0.0
81,114,302,0.0
81,114,303,0.0
81,114,304,0.0
81,114,305,0.0
81,114,306,-0.0
81,114,307,-0.0
81,114,308,-0.0
81,114,309,0.0
81,114,310,-0.0
81,114,311,-0.0
81,114,312,-0.0
81,114,313,-0.0
81,114,314,-0.0
81,114,315,-0.0
81,114,316,-0.0
81,114,317,-0.0
81,114,318,0.0
81,114,319,0.0
81,114,320,0.0
81,114,321,-0.0
81,114,322,-0.0
81,114,323,-0.0
81,114,324,0.0
81,114,325,-0.0
81,114,326,0.0
81,114,327,-0.0
81,114,328,-0.0
81,114,329,0.0
81,114,330,-0.0
81,114,331,0.0
81,114,332,-0.0
81,114,333,0.0
81,114,334,-0.0
81,114,335,0.0
81,114,336,0.0
81,114,337,0.0
81,114,338,-0.0
81,114,339,-0.0
81,114,340,0.0
81,114,341,0.0
81,114,342,0.0
81,114,343,0.0
81,114,344,-0.0
81,114,345,0.0
81,114,346,-0.0
81,114,347,0.0
81,114,348,0.0
81,114,349,0.0
81,114,350,0.0
81,114,351,-0.0
81,114,352,-0.0
81,114,353,-0.0
81,114,354,-0.0
81,114,355,-0.0
81,114,356,-0.0
81,114,357,0.0
81,114,358,0.0
81,114,359,-0.0
81,114,360,-0.0
66,77,0,0.0
66,77,1,0.0
66,77,2,0.0
66,77,3,0.0
66,77,4,0.0
66,77,5,0.0
66,77,6,-0.0
66,77,7,-0.0
66,77,8,-0.0
66,77,9,-0.0
66,77,10,-0.0
66,77,11,-0.0
66,77,12,-0.0
66,77,13,-0.0
66,77,14,-0.0
66,77,15,-0.0
66,77,16,-0.0
66,77,17,-0.0
66,77,18,-0.0
66,77,19,-0.0
66,77,20,-0.0
66,77,21,-0.0
66,77,22,-0.0
66,77,23,-0.0
66,77,24,0.0
66,77,25,0.0
66,77,26,-0.0
66,77,27,-0.0
66,77,28,0.0
66,77,29,-0.0
66,77,30,0.0
66,77,31,-0.0
66,77,32,-0.0
66,77,33,-0.0
66,77,34,-0.0
66,77,35,0.0
66,77,36,-0.0
66,77,37,-0.0
66,77,38,-0.0
66,77,39,-0.0
66,77,40,-0.0
66,77,41,-0.0
66,77,42,-0.0
66,77,43,-0.0
66,77,44,-0.0
66,77,45,-0.0
66,77,46,-0.0
66,77,47,-0.0
66,77,48,-0.0
66,77,49,-0.0
66,77,50,0.0
66,77,51,-0.0
66,77,52,-0.0
66,77,53,0.0
66,77,54,0.0
66,77,55,-0.0
66,77,56,-0.0
66,77,57,-0.0
66,77,58,-0.0
66,77,59,-0.0
66,77,60,-0.0
66,77,61,-0.0
66,77,62,-0.0
66,77,63,-0.0
66,77,64,-0.0
66,77,65,-0.0
66,77,66,-0.0
66,77,67,0.0
66,77,68,-0.0
66,77,69,-0.0
66,77,70,-0.0
66,77,71,-0.0
66,77,72,-0.0
66,77,73,0.0
66,77,74,-0.0
66,77,75,-0.0
66,77,76,-0.0
66,77,77,-0.0
66,77,78,-0.0
66,77,79,0.0
66,77,80,-0.0
66,77,81,-0.0
66,77,82,0.0
66,77,83,-0.0
66,77,84,-0.0
66,77,85,-0.0
66,77,86,-0.0
66,77,87,-0.0
66,77,88,-0.0
66,77,89,-0.0
66,77,90,0.0
66,77,91,-0.0
66,77,92,0.0
66,77,93,0.0
66,77,94,-0.0
66,77,95,-0.0
66,77,96,-0.0
66,77,97,0.0
66,77,98,-0.0
66,77,99,-0.0
66,77,100,0.0
66,77,101,-0.0
66,77,102,-0.0
66,77,103,-0.0
66,77,104,-0.0
66,77,105,-0.0
66,77,106,-0.0
66,77,107,-0.0
66,77,108,0.0
66,77,109,-0.0
66,77,110,0.0
66,77,111,0.0
66,77,112,0.0
66,77,113,-0.0
66,77,114,-0.0
66,77,115,-0.0
66,77,116,0.0
66,77,117,0.0
66,77,118,0.0
66,77,119,-0.0
66,77,120,-0.0
66,77,121,-0.0
66,77,122,-0.0
66,77,123,-0.0
66,77,124,-0.0
66,77,125,-0.0
66,77,126,-0.0
66,77,127,-0.0
66,77,128,-0.0
66,77,129,-0.0
66,77,130,-0.0
66,77,131,-0.0
66,77,132,-0.0
66,77,133,-0.0
66,77,134,-0.0
66,77,135,-0.0
66,77,136,-0.0
66,77,137,-0.0
66,77,138,-0.0
66,77,139,-0.0
66,77,140,-0.0
66,77,141,-0.0
66,77,142,-0.0
66,77,143,-0.0
66,77,144,-0.0
66,77,145,-0.0
66,77,146,-0.0
66,77,147,-0.0
66,77,148,-0.0
66,77,149,-0.0
66,77,150,-0.0
66,77,151,-0.0
66,77,152,-0.0
66,77,153,-0.0
66,77,154,0.0
66,77,155,-0.0
66,77,156,-0.0
66,77,157,0.0
66,77,158,-0.0
66,77,159,-0.0
66,77,160,-0.0
66,77,161,-0.0
66,77,162,-0.0
66,77,163,-0.0
66,77,164,-0.0
66,77,165,-0.0
66,77,166,-0.0
66,77,167,-0.0
66,77,168,-0.0
66,77,169,-0.0
66,77,170,0.0
66,77,171,0.0
66,77,172,0.0
66,77,173,-0.0
66,77,174,-0.0
66,77,175,-0.0
66,77,176,-0.0
66,77,177,-0.0
66,77,178,-0.0
66,77,179,-0.0
66,77,180,-0.0
66,77,181,-0.0
66,77,182,-0.0
66,77,183,-0.0
66,77,184,-0.0
66,77,185,-0.0
66,77,186,-0.0
66,77,187,-0.0
66,77,188,-0.0
66,77,189,0.0
66,77,190,-0.0
66,77,191,-0.0
66,77,192,-0.0
66,77,193,-0.0
66,77,194,-0.0
66,77,195,-0.0
66,77,196,-0.0
66,77,197,-0.0
66,77,198,-0.0
66,77,199,0.0
66,77,200,-0.0
66,77,201,-0.0
66,77,202,-0.0
66,77,203,-0.0
66,77,204,-0.0
66,77,205,-0.0
66,77,206,-0.0
66,77,207,-0.0
66,77,208,-0.0
66,77,209,-0.0
66,77,210,-0.0
66,77,211,-0.0
66,77,212,-0.0
66,77,213,-0.0
66,77,214,-0.0
66,77,215,-0.0
66,77,216,-0.0
66,77,217,0.0
66,77,218,-0.0
66,77,219,0.0
66,77,220,0.0
66,77,221,0.0
66,77,222,-0.0
66,77,223,-0.0
66,77,224,0.0
66,77,225,-0.0
66,77,226,0.0
66,77,227,-0.0
66,77,228,-0.0
66,77,229,0.0
66,77,230,-0.0
66,77,231,-0.0
66,77,232,-0.0
66,77,233,-0.0
66,77,234,-0.0
66,77,235,-0.0
66,77,236,-0.0
66,77,237,0.0
66,77,238,-0.0
66,77,239,-0.0
66,77,240,0.0
66,77,241,-0.0
66,77,242,-0.0
66,77,243,-0.0
66,77,244,-0.0
66,77,245,0.0
66,77,246,-0.0
66,77,247,0.0
66,77,248,-0.0
66,77,249,-0.0
66,77,250,0.0
66,77,251,-0.0
66,77,252,-0.0
66,77,253,-0.0
66,77,254,-0.0
66,77,255,0.0
66,77,256,-0.0
66,77,257,-0.0
66,77,258,-0.0
66,77,259,-0.0
66,77,260,-0.0
66,77,261,-0.0
66,77,262,-0.0
66,77,263,-0.0
66,77,264,-0.0
66,77,265,-0.0
66,77,266,-0.0
66,77,267,-0.0
66,77,268,-0.0
66,77,269,-0.0
66,77,270,-0.0
66,77,271,-0.0
66,77,272,-0.0
66,77,273,-0.0
66,77,274,-0.0
66,77,275,-0.0
66,77,276,-0.0
66,77,277,-0.0
66,77,278,-0.0
66,77,279,-0.0
66,77,280,-0.0
66,77,281,-0.0
66,77,282,-0.0
66,77,283,-0.0
66,77,284,-0.0
66,77,285,-0.0
66,77,286,-0.0
66,77,287,-0.0
66,77,288,-0.0
66,77,289,0.0
66,77,290,-0.0
66,77,291,-0.0
66,77,292,-0.0
66,77,293,-0.0
66,77,294,-0.0
66,77,295,0.0
66,77,296,-0.0
66,77,297,-0.0
66,77,298,-0.0
66,77,299,-0.0
66,77,300,-0.0
66,77,301,-0.0
66,77,302,-0.0
66,77,303,-0.0
66,77,304,-0.0
66,77,305,-0.0
66,77,306,-0.0
66,77,307,-0.0
66,77,308,-0.0
66,77,309,0.0
66,77,310,-0.0
66,77,311,-0.0
66,77,312,-0.0
66,77,313,-0.0
66,77,314,-0.0
66,77,315,-0.0
66,77,316,-0.0
66,77,317,-0.0
66,77,318,-0.0
66,77,319,-0.0
66,77,320,-0.0
66,77,321,-0.0
66,77,322,-0.0
66,77,323,-0.0
66,77,324,-0.0
66,77,325,-0.0
66,77,326,-0.0
66,77,327,-0.0
66,77,328,-0.0
66,77,329,-0.0
66,77,330,-0.0
66,77,331,-0.0
66,77,332,-0.0
66,77,333,-0.0
66,77,334,-0.0
66,77,335,0.0
66,77,336,-0.0
66,77,337,-0.0
66,77,338,-0.0
66,77,339,-0.0
66,77,340,-0.0
66,77,341,0.0
66,77,342,-0.0
66,77,343,-0.0
66,77,344,-0.0
66,77,345,-0.0
66,77,346,0.0
66,77,347,-0.0
66,77,348,0.0
66,77,349,0.0
66,77,350,-0.0
66,77,351,-0.0
66,77,352,-0.0
66,77,353,-0.0
66,77,354,-0.0
66,77,355,-0.0
66,77,356,-0.0
66,77,357,0.0
66,77,358,-0.0
66,77,359,-0.0
66,77,360,-0.0
115,116,0,0.0
115,116,1,0.0
115,116,2,0.0
115,116,3,6.0
115,116,4,11.0
115,116,5,6.0
115,116,6,6.0
115,116,7,6.0
115,116,8,10.0
115,116,9,6.0
115,116,10,6.0
115,116,11,-0.0
115,116,12,0.0
115,116,13,6.0
115,116,14,6.0
115,116,15,6.0
115,116,16,6.0
115,116,17,6.0
115,116,18,6.0
115,116,19,0.0
115,116,20,0.0
115,116,21,0.0
115,116,22,11.0
115,116,23,6.0
115,116,24,0.0
115,116,25,5.0
115,116,26,12.0
115,116,27,5.0
115,116,28,12.0
115,116,29,5.0
115,116,30,11.0
115,116,31,6.0
115,116,32,4.0
115,116,33,12.0
115,116,34,0.0
115,116,35,6.0
115,116,36,6.0
115,116,37,6.0
115,116,38,-0.0
115,116,39,6.0
115,116,40,6.0
115,116,41,10.0
115,116,42,7.0
115,116,43,8.0
115,116,44,9.0
115,116,45,6.0
115,116,46,10.0
115,116,47,6.0
115,116,48,11.0
115,116,49,6.0
115,116,50,0.0
115,116,51,10.0
115,116,52,7.0
115,116,53,5.0
115,116,54,12.0
115,116,55,4.0
115,116,56,12.0
115,116,57,5.0
115,116,58,6.0
115,116,59,6.0
115,116,60,10.0
115,116,61,6.0
115,116,62,7.0
115,116,63,10.0
115,116,64,6.0
115,116,65,11.0
115,116,66,6.0
115,116,67,6.0
115,116,68,6.0
115,116,69,10.0
115,116,70,6.0
115,116,71,0.0
115,116,72,0.0
115,116,73,0.0
115,116,74,12.0
115,116,75,5.0
115,116,76,11.0
115,116,77,6.0
115,116,78,6.0
115,116,79,-0.0
115,116,80,6.0
115,116,81,11.0
115,116,82,6.0
115,116,83,11.0
115,116,84,6.0
115,116,85,11.0
115,116,86,6.0
115,116,87,0.0
115,116,88,11.0
115,116,89,6.0
115,116,90,0.0
115,116,91,6.0
115,116,92,11.0
115,116,93,6.0
115,116,94,11.0
115,116,95,6.0
115,116,96,6.0
115,116,97,11.0
115,116,98,0.0
115,116,99,12.0
115,116,100,5.0
115,116,101,0.0
115,116,102,9.0
115,116,103,8.0
115,116,104,6.0
115,116,105,11.0
115,116,106,6.0
115,116,107,10.0
115,116,108,6.0
115,116,109,11.0
115,116,110,6.0
115,116,111,6.0
115,116,112,6.0
115,116,113,6.0
115,116,114,6.0
115,116,115,0.0
115,116,116,6.0
115,116,117,6.0
115,116,118,6.0
115,116,119,11.0
115,116,120,6.0
115,116,121,10.0
115,116,122,7.0
115,116,123,10.0
115,116,124,6.0
115,116,125,10.0
115,116,126,6.0
115,116,127,11.0
115,116,128,6.0
115,116,129,10.0
115,116,130,7.0
115,116,131,6.0
115,116,132,6.0
115,116,133,0.0
115,116,134,12.0
115,116,135,0.0
115,116,136,6.0
115,116,137,6.0
115,116,138,11.0
115,116,139,6.0
115,116,140,11.0
115,116,141,6.0
115,116,142,10.0
115,116,143,6.0
115,116,144,11.0
115,116,145,6.0
115,116,146,11.0
115,116,147,6.0
115,116,148,11.0
115,116,149,6.0
115,116,150,10.0
115,116,151,6.0
115,116,152,11.0
115,116,153,6.0
115,116,154,11.0
115,116,155,6.0
115,116,156,11.0
115,116,157,6.0
115,116,158,6.0
115,116,159,11.0
115,116,160,6.0
115,116,161,0.0
115,116,162,11.0
115,116,163,6.0
115,116,164,6.0
115,116,165,11.0
115,116,166,6.0
115,116,167,6.0
115,116,168,7.0
115,116,169,6.0
115,116,170,6.0
115,116,171,11.0
115,116,172,6.0
115,116,173,6.0
115,116,174,10.0
115,116,175,6.0
115,116,176,11.0
115,116,177,6.0
115,116,178,6.0
115,116,179,11.0
115,116,180,6.0
115,116,181,0.0
115,116,182,11.0
115,116,183,6.0
115,116,184,11.0
115,116,185,6.0
115,116,186,6.0
115,116,187,11.0
115,116,188,6.0
115,116,189,0.0
115,116,190,6.0
115,116,191,6.0
115,116,192,6.0
115,116,193,11.0
115,116,194,6.0
115,116,195,6.0
115,116,196,10.0
115,116,197,0.0
115,116,198,10.0
115,116,199,7.0
115,116,200,6.0
115,116,201,0.0
115,116,202,6.0
115,116,203,0.0
115,116,204,6.0
115,116,205,8.0
115,116,206,9.0
115,116,207,0.0
115,116,208,6.0
115,116,209,10.0
115,116,210,6.0
115,116,211,0.0
115,116,212,12.0
115,116,213,5.0
115,116,214,12.0
115,116,215,5.0
115,116,216,6.0
115,116,217,-0.0
115,116,218,6.0
115,116,219,10.0
115,116,220,6.0
115,116,221,11.0
115,116,222,6.0
115,116,223,0.0
115,116,224,6.0
115,116,225,2.0
115,116,226,11.0
115,116,227,6.0
115,116,228,11.0
115,116,229,6.0
115,116,230,6.0
115,116,231,11.0
115,116,232,6.0
115,116,233,0.0
115,116,234,6.0
115,116,235,11.0
115,116,236,6.0
115,116,237,0.0
115,116,238,6.0
115,116,239,11.0
115,116,240,6.0
115,116,241,6.0
115,116,242,11.0
115,116,243,6.0
115,116,244,2.0
115,116,245,0.0
115,116,246,11.0
115,116,247,6.0
115,116,248,6.0
115,116,249,11.0
115,116,250,6.0
115,116,251,6.0
115,116,252,6.0
115,116,253,11.0
115,116,254,6.0
115,116,255,0.0
115,116,256,6.0
115,116,257,6.0
115,116,258,11.0
115,116,259,6.0
115,116,260,10.0
115,116,261,6.0
115,116,262,11.0
115,116,263,6.0
115,116,264,11.0
115,116,265,6.0
115,116,266,11.0
115,116,267,4.0
115,116,268,12.0
115,116,269,5.0
115,116,270,6.0
115,116,271,11.0
115,116,272,6.0
115,116,273,11.0
115,116,274,6.0
115,116,275,11.0
115,116,276,6.0
115,116,277,11.0
115,116,278,6.0
115,116,279,10.0
115,116,280,6.0
115,116,281,6.0
115,116,282,11.0
115,116,283,6.0
115,116,284,11.0
115,116,285,6.0
115,116,286,11.0
115,116,287,6.0
115,116,288,6.0
115,116,289,0.0
115,116,290,11.0
115,116,291,6.0
115,116,292,11.0
115,116,293,6.0
115,116,294,4.0
115,116,295,12.0
115,116,296,5.0
115,116,297,12.0
115,116,298,5.0
115,116,299,11.0
115,116,300,6.0
115,116,301,6.0
115,116,302,11.0
115,116,303,6.0
115,116,304,0.0
115,116,305,11.0
115,116,306,6.0
115,116,307,10.0
115,116,308,6.0
115,116,309,10.0
115,116,310,6.0
115,116,311,11.0
115,116,312,6.0
115,116,313,6.0
115,116,314,11.0
115,116,315,6.0
115,116,316,11.0
115,116,317,6.0
115,116,318,6.0
115,116,319,6.0
115,116,320,6.0
115,116,321,11.0
115,116,322,6.0
115,116,323,6.0
115,116,324,11.0
115,116,325,6.0
115,116,326,11.0
115,116,327,6.0
115,116,328,11.0
115,116,329,6.0
115,116,330,11.0
115,116,331,6.0
115,116,332,6.0
115,116,333,6.0
115,116,334,6.0
115,116,335,11.0
115,116,336,6.0
115,116,337,6.0
115,116,338,11.0
115,116,339,6.0
115,116,340,10.0
115,116,341,6.0
115,116,342,11.0
115,116,343,6.0
115,116,344,11.0
115,116,345,6.0
115,116,346,10.0
115,116,347,6.0
115,116,348,6.0
115,116,349,11.0
115,116,350,6.0
115,116,351,10.0
115,116,352,6.0
115,116,353,6.0
115,116,354,6.0
115,116,355,11.0
115,116,356,6.0
115,116,357,11.0
115,116,358,6.0
115,116,359,10.0
115,116,360,-0.0
53,52,0,0.0
53,52,1,0.0
53,52,2,0.0
53,52,3,5.0
53,52,4,0.0
53,52,5,0.0
53,52,6,0.0
53,52,7,0.0
53,52,8,5.0
53,52,9,0.0
53,52,10,0.0
53,52,11,5.0
53,52,12,-0.0
53,52,13,0.0
53,52,14,5.0
53,52,15,0.0
53,52,16,0.0
53,52,17,5.0
53,52,18,5.0
53,52,19,0.0
53,52,20,0.0
53,52,21,0.0
53,52,22,0.0
53,52,23,6.0
53,52,24,4.0
53,52,25,5.0
53,52,26,5.0
53,52,27,5.0
53,52,28,0.0
53,52,29,0.0
53,52,30,5.0
53,52,31,0.0
53,52,32,5.0
53,52,33,0.0
53,52,34,5.0
53,52,35,5.0
53,52,36,5.0
53,52,37,0.0
53,52,38,0.0
53,52,39,5.0
53,52,40,5.0
53,52,41,0.0
53,52,42,-0.0
53,52,43,0.0
53,52,44,0.0
53,52,45,5.0
53,52,46,0.0
53,52,47,0.0
53,52,48,0.0
53,52,49,0.0
53,52,50,5.0
53,52,51,5.0
53,52,52,5.0
53,52,53,5.0
53,52,54,0.0
53,52,55,0.0
53,52,56,0.0
53,52,57,0.0
53,52,58,0.0
53,52,59,0.0
53,52,60,0.0
53,52,61,5.0
53,52,62,0.0
53,52,63,0.0
53,52,64,0.0
53,52,65,0.0
53,52,66,0.0
53,52,67,-0.0
53,52,68,5.0
53,52,69,0.0
53,52,70,0.0
53,52,71,0.0
53,52,72,0.0
53,52,73,0.0
53,52,74,0.0
53,52,75,0.0
53,52,76,0.0
53,52,77,0.0
53,52,78,5.0
53,52,79,5.0
53,52,80,4.0
53,52,81,0.0
53,52,82,5.0
53,52,83,5.0
53,52,84,6.0
53,52,85,4.0
53,52,86,5.0
53,52,87,0.0
53,52,88,0.0
53,52,89,0.0
53,52,90,0.0
53,52,91,5.0
53,52,92,6.0
53,52,93,4.0
53,52,94,0.0
53,52,95,0.0
53,52,96,0.0
53,52,97,0.0
53,52,98,0.0
53,52,99,0.0
53,52,100,0.0
53,52,101,0.0
53,52,102,4.0
53,52,103,5.0
53,52,104,0.0
53,52,105,0.0
53,52,106,5.0
53,52,107,0.0
53,52,108,0.0
53,52,109,5.0
53,52,110,0.0
53,52,111,0.0
53,52,112,5.0
53,52,113,5.0
53,52,114,0.0
53,52,115,6.0
53,52,116,0.0
53,52,117,5.0
53,52,118,0.0
53,52,119,5.0
53,52,120,0.0
53,52,121,0.0
53,52,122,5.0
53,52,123,0.0
53,52,124,-0.0
53,52,125,0.0
53,52,126,0.0
53,52,127,0.0
53,52,128,0.0
53,52,129,5.0
53,52,130,0.0
53,52,131,0.0
53,52,132,0.0
53,52,133,0.0
53,52,134,0.0
53,52,135,0.0
53,52,136,0.0
53,52,137,0.0
53,52,138,0.0
53,52,139,0.0
53,52,140,0.0
53,52,141,0.0
53,52,142,0.0
53,52,143,0.0
53,52,144,0.0
53,52,145,0.0
53,52,146,0.0
53,52,147,0.0
53,52,148,5.0
53,52,149,5.0
53,52,150,0.0
53,52,151,0.0
53,52,152,5.0
53,52,153,0.0
53,52,154,0.0
53,52,155,0.0
53,52,156,0.0
53,52,157,0.0
53,52,158,0.0
53,52,159,0.0
53,52,160,0.0
53,52,161,6.0
53,52,162,0.0
53,52,163,0.0
53,52,164,0.0
53,52,165,0.0
53,52,166,0.0
53,52,167,0.0
53,52,168,0.0
53,52,169,0.0
53,52,170,0.0
53,52,171,0.0
53,52,172,-0.0
53,52,173,0.0
53,52,174,-0.0
53,52,175,0.0
53,52,176,0.0
53,52,177,0.0
53,52,178,0.0
53,52,179,0.0
53,52,180,0.0
53,52,181,0.0
53,52,182,5.0
53,52,183,0.0
53,52,184,5.0
53,52,185,0.0
53,52,186,0.0
53,52,187,5.0
53,52,188,5.0
53,52,189,0.0
53,52,190,0.0
53,52,191,0.0
53,52,192,0.0
53,52,193,-0.0
53,52,194,5.0
53,52,195,0.0
53,52,196,0.0
53,52,197,0.0
53,52,198,0.0
53,52,199,0.0
53,52,200,5.0
53,52,201,5.0
53,52,202,5.0
53,52,203,0.0
53,52,204,0.0
53,52,205,0.0
53,52,206,0.0
53,52,207,5.0
53,52,208,0.0
53,52,209,6.0
53,52,210,4.0
53,52,211,0.0
53,52,212,0.0
53,52,213,0.0
53,52,214,0.0
53,52,215,5.0
53,52,216,5.0
53,52,217,0.0
53,52,218,0.0
53,52,219,0.0
53,52,220,0.0
53,52,221,0.0
53,52,222,0.0
53,52,223,0.0
53,52,224,0.0
53,52,225,0.0
53,52,226,0.0
53,52,227,5.0
53,52,228,0.0
53,52,229,0.0
53,52,230,0.0
53,52,231,0.0
53,52,232,0.0
53,52,233,0.0
53,52,234,0.0
53,52,235,0.0
53,52,236,0.0
53,52,237,0.0
53,52,238,0.0
53,52,239,5.0
53,52,240,5.0
53,52,241,0.0
53,52,242,0.0
53,52,243,0.0
53,52,244,0.0
53,52,245,5.0
53,52,246,0.0
53,52,247,0.0
53,52,248,0.0
53,52,249,-0.0
53,52,250,0.0
53,52,251,0.0
53,52,252,0.0
53,52,253,0.0
53,52,254,0.0
53,52,255,0.0
53,52,256,0.0
53,52,257,5.0
53,52,258,0.0
53,52,259,0.0
53,52,260,5.0
53,52,261,5.0
53,52,262,0.0
53,52,263,0.0
53,52,264,5.0
53,52,265,5.0
53,52,266,5.0
53,52,267,5.0
53,52,268,0.0
53,52,269,0.0
53,52,270,5.0
53,52,271,5.0
53,52,272,0.0
53,52,273,5.0
53,52,274,0.0
53,52,275,0.0
53,52,276,0.0
53,52,277,0.0
53,52,278,5.0
53,52,279,0.0
53,52,280,0.0
53,52,281,0.0
53,52,282,0.0
53,52,283,0.0
53,52,284,0.0
53,52,285,0.0
53,52,286,5.0
53,52,287,0.0
53,52,288,0.0
53,52,289,0.0
53,52,290,0.0
53,52,291,0.0
53,52,292,0.0
53,52,293,0.0
53,52,294,0.0
53,52,295,0.0
53,52,296,0.0
53,52,297,5.0
53,52,298,5.0
53,52,299,0.0
53,52,300,5.0
53,52,301,5.0
53,52,302,0.0
53,52,303,0.0
53,52,304,5.0
53,52,305,0.0
53,52,306,0.0
53,52,307,0.0
53,52,308,5.0
53,52,309,0.0
53,52,310,5.0
53,52,311,0.0
53,52,312,0.0
53,52,313,0.0
53,52,314,5.0
53,52,315,5.0
53,52,316,5.0
53,52,317,0.0
53,52,318,6.0
53,52,319,-0.0
53,52,320,0.0
53,52,321,5.0
53,52,322,0.0
53,52,323,0.0
53,52,324,0.0
53,52,325,5.0
53,52,326,5.0
53,52,327,2.0
53,52,328,0.0
53,52,329,0.0
53,52,330,0.0
53,52,331,0.0
53,52,332,0.0
53,52,333,0.0
53,52,334,0.0
53,52,335,0.0
53,52,336,0.0
53,52,337,5.0
53,52,338,0.0
53,52,339,5.0
53,52,340,0.0
53,52,341,6.0
53,52,342,4.0
53,52,343,5.0
53,52,344,5.0
53,52,345,0.0
53,52,346,5.0
53,52,347,5.0
53,52,348,0.0
53,52,349,5.0
53,52,350,2.0
53,52,351,5.0
53,52,352,5.0
53,52,353,5.0
53,52,354,0.0
53,52,355,0.0
53,52,356,0.0
53,52,357,0.0
53,52,358,-0.0
53,52,359,0.0
53,52,360,-0.0
16,12,0,0.0
16,12,1,0.0
16,12,2,6.0
16,12,3,6.0
16,12,4,6.0
16,12,5,6.0
16,12,6,6.0
16,12,7,6.0
16,12,8,6.0
16,12,9,6.0
16,12,10,6.0
16,12,11,6.0
16,12,12,6.0
16,12,13,6.0
16,12,14,6.0
16,12,15,6.0
16,12,16,6.0
16,12,17,6.0
16,12,18,6.0
16,12,19,6.0
16,12,20,6.0
16,12,21,6.0
16,12,22,6.0
16,12,23,6.0
16,12,24,6.0
16,12,25,6.0
16,12,26,6.0
16,12,27,6.0
16,12,28,6.0
16,12,29,6.0
16,12,30,6.0
16,12,31,6.0
16,12,32,6.0
16,12,33,6.0
16,12,34,6.0
16,12,35,6.0
16,12,36,6.0
16,12,37,6.0
16,12,38,6.0
16,12,39,6.0
16,12,40,6.0
16,12,41,6.0
16,12,42,6.0
16,12,43,6.0
16,12,44,6.0
16,12,45,6.0
16,12,46,6.0
16,12,47,6.0
16,12,48,6.0
16,12,49,6.0
16,12,50,6.0
16,12,51,6.0
16,12,52,6.0
16,12,53,6.0
16,12,54,6.0
16,12,55,6.0
16,12,56,6.0
16,12,57,6.0
16,12,58,6.0
16,12,59,6.0
16,12,60,6.0
16,12,61,6.0
16,12,62,6.0
16,12,63,6.0
16,12,64,6.0
16,12,65,6.0
16,12,66,6.0
16,12,67,6.0
16,12,68,6.0
16,12,69,6.0
16,12,70,6.0
16,12,71,6.0
16,12,72,6.0
16,12,73,6.0
16,12,74,6.0
16,12,75,6.0
16,12,76,6.0
16,12,77,6.0
16,12,78,6.0
16,12,79,6.0
16,12,80,6.0
16,12,81,6.0
16,12,82,6.0
16,12,83,6.0
16,12,84,6.0
16,12,85,6.0
16,12,86,6.0
16,12,87,6.0
16,12,88,6.0
16,12,89,6.0
16,12,90,6.0
16,12,91,6.0
16,12,92,6.0
16,12,93,6.0
16,12,94,6.0
16,12,95,6.0
16,12,96,6.0
16,12,97,6.0
16,12,98,6.0
16,12,99,6.0
16,12,100,6.0
16,12,101,6.0
16,12,102,6.0
16,12,103,6.0
16,12,104,6.0
16,12,105,6.0
16,12,106,6.0
16,12,107,6.0
16,12,108,6.0
16,12,109,6.0
16,12,110,6.0
16,12,111,6.0
16,12,112,6.0
16,12,113,6.0
16,12,114,6.0
16,12,115,6.0
16,12,116,6.0
16,12,117,6.0
16,12,118,6.0
16,12,119,6.0
16,12,120,6.0
16,12,121,6.0
16,12,122,6.0
16,12,123,6.0
16,12,124,6.0
16,12,125,6.0
16,12,126,6.0
16,12,127,6.0
16,12,128,6.0
16,12,129,6.0
16,12,130,6.0
16,12,131,6.0
16,12,132,6.0
16,12,133,6.0
16,12,134,6.0
16,12,135,6.0
16,12,136,6.0
16,12,137,6.0
16,12,138,6.0
16,12,139,6.0
16,12,140,6.0
16,12,141,6.0
16,12,142,6.0
16,12,143,6.0
16,12,144,6.0
16,12,145,6.0
16,12,146,6.0
16,12,147,6.0
16,12,148,6.0
16,12,149,6.0
16,12,150,6.0
16,12,151,6.0
16,12,152,6.0
16,12,153,6.0
16,12,154,6.0
16,12,155,6.0
16,12,156,6.0
16,12,157,6.0
16,12,158,6.0
16,12,159,6.0
16,12,160,6.0
16,12,161,6.0
16,12,162,6.0
16,12,163,6.0
16,12,164,6.0
16,12,165,6.0
16,12,166,6.0
16,12,167,6.0
16,12,168,6.0
16,12,169,6.0
16,12,170,6.0
16,12,171,6.0
16,12,172,6.0
16,12,173,6.0
16,12,174,6.0
16,12,175,6.0
16,12,176,6.0
16,12,177,6.0
16,12,178,6.0
16,12,179,6.0
16,12,180,6.0
16,12,181,6.0
16,12,182,6.0
16,12,183,6.0
16,12,184,6.0
16,12,185,6.0
16,12,186,6.0
16,12,187,6.0
16,12,188,6.0
16,12,189,6.0
16,12,190,6.0
16,12,191,6.0
16,12,192,6.0
16,12,193,6.0
16,12,194,6.0
16,12,195,6.0
16,12,196,6.0
16,12,197,6.0
16,12,198,6.0
16,12,199,6.0
16,12,200,6.0
16,12,201,6.0
16,12,202,6.0
16,12,203,6.0
16,12,204,6.0
16,12,205,6.0
16,12,206,6.0
16,12,207,6.0
16,12,208,6.0
16,12,209,6.0
16,12,210,6.0
16,12,211,6.0
16,12,212,6.0
16,12,213,6.0
16,12,214,6.0
16,12,215,6.0
16,12,216,6.0
16,12,217,6.0
16,12,218,6.0
16,12,219,6.0
16,12,220,6.0
16,12,221,6.0
16,12,222,6.0
16,12,223,6.0
16,12,224,6.0
16,12,225,6.0
16,12,226,6.0
16,12,227,6.0
16,12,228,6.0
16,12,229,6.0
16,12,230,6.0
16,12,231,6.0
16,12,232,6.0
16,12,233,6.0
16,12,234,6.0
16,12,235,6.0
16,12,236,6.0
16,12,237,6.0
16,12,238,6.0
16,12,239,6.0
16,12,240,6.0
16,12,241,6.0
16,12,242,6.0
16,12,243,6.0
16,12,244,6.0
16,12,245,6.0
16,12,246,6.0
16,12,247,6.0
16,12,248,6.0
16,12,249,6.0
16,12,250,6.0
16,12,251,6.0
16,12,252,6.0
16,12,253,6.0
16,12,254,6.0
16,12,255,6.0
16,12,256,6.0
16,12,257,6.0
16,12,258,6.0
16,12,259,6.0
16,12,260,6.0
16,12,261,6.0
16,12,262,6.0
16,12,263,6.0
16,12,264,6.0
16,12,265,6.0
16,12,266,6.0
16,12,267,6.0
16,12,268,6.0
16,12,269,6.0
16,12,270,6.0
16,12,271,6.0
16,12,272,6.0
16,12,273,6.0
16,12,274,6.0
16,12,275,6.0
16,12,276,6.0
16,12,277,6.0
16,12,278,6.0
16,12,279,6.0
16,12,280,6.0
16,12,281,6.0
16,12,282,6.0
16,12,283,6.0
16,12,284,6.0
16,12,285,6.0
16,12,286,6.0
16,12,287,6.0
16,12,288,6.0
16,12,289,6.0
16,12,290,6.0
16,12,291,6.0
16,12,292,6.0
16,12,293,6.0
16,12,294,6.0
16,12,295,6.0
16,12,296,6.0
16,12,297,6.0
16,12,298,6.0
16,12,299,6.0
16,12,300,6.0
16,12,301,6.0
16,12,302,6.0
16,12,303,6.0
16,12,304,6.0
16,12,305,6.0
16,12,306,6.0
16,12,307,6.0
16,12,308,6.0
16,12,309,6.0
16,12,310,6.0
16,12,311,6.0
16,12,312,6.0
16,12,313,6.0
16,12,314,6.0
16,12,315,6.0
16,12,316,6.0
16,12,317,6.0
16,12,318,6.0
16,12,319,6.0
16,12,320,6.0
16,12,321,6.0
16,12,322,6.0
16,12,323,6.0
16,12,324,6.0
16,12,325,6.0
16,12,326,6.0
16,12,327,6.0
16,12,328,6.0
16,12,329,6.0
16,12,330,6.0
16,12,331,6.0
16,12,332,6.0
16,12,333,6.0
16,12,334,6.0
16,12,335,6.0
16,12,336,6.0
16,12,337,6.0
16,12,338,6.0
16,12,339,6.0
16,12,340,6.0
16,12,341,6.0
16,12,342,6.0
16,12,343,6.0
16,12,344,6.0
16,12,345,6.0
16,12,346,6.0
16,12,347,6.0
16,12,348,6.0
16,12,349,6.0
16,12,350,6.0
16,12,351,6.0
16,12,352,6.0
16,12,353,6.0
16,12,354,6.0
16,12,355,6.0
16,12,356,6.0
16,12,357,6.0
16,12,358,6.0
16,12,359,6.0
16,12,360,-0.0
24,25,0,0.0
24,25,1,0.0
24,25,2,0.0
24,25,3,0.0
24,25,4,0.0
24,25,5,0.0
24,25,6,0.0
24,25,7,0.0
24,25,8,0.0
24,25,9,0.0
24,25,10,0.0
24,25,11,0.0
24,25,12,0.0
24,25,13,0.0
24,25,14,0.0
24,25,15,0.0
24,25,16,-0.0
24,25,17,0.0
24,25,18,0.0
24,25,19,-0.0
24,25,20,0.0
24,25,21,0.0
24,25,22,0.0
24,25,23,0.0
24,25,24,0.0
24,25,25,0.0
24,25,26,0.0
24,25,27,0.0
24,25,28,-0.0
24,25,29,0.0
24,25,30,0.0
24,25,31,0.0
24,25,32,0.0
24,25,33,0.0
24,25,34,0.0
24,25,35,0.0
24,25,36,0.0
24,25,37,0.0
24,25,38,0.0
24,25,39,0.0
24,25,40,0.0
24,25,41,0.0
24,25,42,0.0
24,25,43,-0.0
24,25,44,0.0
24,25,45,0.0
24,25,46,0.0
24,25,47,0.0
24,25,48,0.0
24,25,49,0.0
24,25,50,0.0
24,25,51,0.0
24,25,52,0.0
24,25,53,0.0
24,25,54,0.0
24,25,55,0.0
24,25,56,0.0
24,25,57,0.0
24,25,58,0.0
24,25,59,0.0
24,25,60,0.0
24,25,61,0.0
24,25,62,0.0
24,25,63,0.0
24,25,64,0.0
24,25,65,0.0
24,25,66,0.0
24,25,67,0.0
24,25,68,0.0
24,25,69,0.0
24,25,70,0.0
24,25,71,0.0
24,25,72,0.0
24,25,73,0.0
24,25,74,0.0
24,25,75,0.0
24,25,76,0.0
24,25,77,0.0
24,25,78,0.0
24,25,79,0.0
24,25,80,0.0
24,25,81,0.0
24,25,82,0.0
24,25,83,0.0
24,25,84,0.0
24,25,85,0.0
24,25,86,0.0
24,25,87,0.0
24,25,88,-0.0
24,25,89,0.0
24,25,90,-0.0
24,25,91,-0.0
24,25,92,0.0
24,25,93,0.0
24,25,94,0.0
24,25,95,0.0
24,25,96,0.0
24,25,97,-0.0
24,25,98,0.0
24,25,99,0.0
24,25,100,-0.0
24,25,101,0.0
24,25,102,0.0
24,25,103,0.0
24,25,104,0.0
24,25,105,-0.0
24,25,106,0.0
24,25,107,0.0
24,25,108,0.0
24,25,109,0.0
24,25,110,0.0
24,25,111,0.0
24,25,112,0.0
24,25,113,0.0
24,25,114,0.0
24,25,115,0.0
24,25,116,0.0
24,25,117,0.0
24,25,118,0.0
24,25,119,0.0
24,25,120,0.0
24,25,121,-0.0
24,25,122,0.0
24,25,123,0.0
24,25,124,0.0
24,25,125,0.0
24,25,126,0.0
24,25,127,0.0
24,25,128,0.0
24,25,129,0.0
24,25,130,0.0
24,25,131,-0.0
24,25,132,-0.0
24,25,133,-0.0
24,25,134,0.0
24,25,135,-0.0
24,25,136,0.0
24,25,137,0.0
24,25,138,-0.0
24,25,139,-0.0
24,25,140,-0.0
24,25,141,0.0
24,25,142,-0.0
24,25,143,-0.0
24,25,144,-0.0
24,25,145,-0.0
24,25,146,0.0
24,25,147,-0.0
24,25,148,0.0
24,25,149,-0.0
24,25,150,0.0
24,25,151,-0.0
24,25,152,0.0
24,25,153,-0.0
24,25,154,0.0
24,25,155,0.0
24,25,156,0.0
24,25,157,0.0
24,25,158,0.0
24,25,159,0.0
24,25,160,0.0
24,25,161,0.0
24,25,162,0.0
24,25,163,0.0
24,25,164,0.0
24,25,165,0.0
24,25,166,0.0
24,25,167,0.0
24,25,168,0.0
24,25,169,0.0
24,25,170,0.0
24,25,171,0.0
24,25,172,0.0
24,25,173,0.0
24,25,174,0.0
24,25,175,0.0
24,25,176,-0.0
24,25,177,0.0
24,25,178,-0.0
24,25,179,0.0
24,25,180,0.0
24,25,181,0.0
24,25,182,0.0
24,25,183,0.0
24,25,184,0.0
24,25,185,0.0
24,25,186,0.0
24,25,187,0.0
24,25,188,0.0
24,25,189,-0.0
24,25,190,0.0
24,25,191,0.0
24,25,192,0.0
24,25,193,0.0
24,25,194,0.0
24,25,195,0.0
24,25,196,0.0
24,25,197,0.0
24,25,198,0.0
24,25,199,0.0
24,25,200,0.0
24,25,201,0.0
24,25,202,0.0
24,25,203,0.0
24,25,204,0.0
24,25,205,-0.0
24,25,206,0.0
24,25,207,0.0
24,25,208,0.0
24,25,209,0.0
24,25,210,0.0
24,25,211,0.0
24,25,212,0.0
24,25,213,0.0
24,25,214,0.0
24,25,215,0.0
24,25,216,0.0
24,25,217,0.0
24,25,218,-0.0
24,25,219,0.0
24,25,220,-0.0
24,25,221,0.0
24,25,222,0.0
24,25,223,0.0
24,25,224,0.0
24,25,225,0.0
24,25,226,0.0
24,25,227,0.0
24,25,228,0.0
24,25,229,0.0
24,25,230,0.0
24,25,231,0.0
24,25,232,0.0
24,25,233,0.0
24,25,234,-0.0
24,25,235,0.0
24,25,236,0.0
24,25,237,0.0
24,25,238,0.0
24,25,239,0.0
24,25,240,0.0
24,25,241,0.0
24,25,242,0.0
24,25,243,0.0
24,25,244,0.0
24,25,245,0.0
24,25,246,0.0
24,25,247,-0.0
24,25,248,0.0
24,25,249,0.0
24,25,250,0.0
24,25,251,0.0
24,25,252,0.0
24,25,253,0.0
24,25,254,0.0
24,25,255,0.0
24,25,256,0.0
24,25,257,0.0
24,25,258,0.0
24,25,259,0.0
24,25,260,0.0
24,25,261,0.0
24,25,262,0.0
24,25,263,0.0
24,25,264,0.0
24,25,265,0.0
24,25,266,0.0
24,25,267,0.0
24,25,268,0.0
24,25,269,0.0
24,25,270,-0.0
24,25,271,0.0
24,25,272,0.0
24,25,273,0.0
24,25,274,0.0
24,25,275,0.0
24,25,276,0.0
24,25,277,0.0
24,25,278,0.0
24,25,279,0.0
24,25,280,0.0
24,25,281,0.0
24,25,282,0.0
24,25,283,0.0
24,25,284,0.0
24,25,285,0.0
24,25,286,0.0
24,25,287,0.0
24,25,288,0.0
24,25,289,0.0
24,25,290,0.0
24,25,291,0.0
24,25,292,0.0
24,25,293,0.0
24,25,294,0.0
24,25,295,0.0
24,25,296,-0.0
24,25,297,-0.0
24,25,298,0.0
24,25,299,0.0
24,25,300,0.0
24,25,301,0.0
24,25,302,0.0
24,25,303,0.0
24,25,304,0.0
24,25,305,0.0
24,25,306,0.0
24,25,307,0.0
24,25,308,0.0
24,25,309,0.0
24,25,310,0.0
24,25,311,0.0
24,25,312,0.0
24,25,313,0.0
24,25,314,0.0
24,25,315,0.0
24,25,316,0.0
24,25,317,0.0
24,25,318,-0.0
24,25,319,0.0
24,25,320,0.0
24,25,321,0.0
24,25,322,0.0
24,25,323,0.0
24,25,324,0.0
24,25,325,0.0
24,25,326,0.0
24,25,327,0.0
24,25,328,-0.0
24,25,329,0.0
24,25,330,0.0
24,25,331,-0.0
24,25,332,0.0
24,25,333,0.0
24,25,334,0.0
24,25,335,0.0
24,25,336,0.0
24,25,337,0.0
24,25,338,0.0
24,25,339,0.0
24,25,340,0.0
24,25,341,0.0
24,25,342,0.0
24,25,343,0.0
24,25,344,0.0
24,25,345,-0.0
24,25,346,0.0
24,25,347,0.0
24,25,348,0.0
24,25,349,0.0
24,25,350,0.0
24,25,351,0.0
24,25,352,0.0
24,25,353,0.0
24,25,354,0.0
24,25,355,0.0
24,25,356,0.0
24,25,357,0.0
24,25,358,0.0
24,25,359,-0.0
24,25,360,-0.0
79,80,0,0.0
79,80,1,0.0
79,80,2,0.0
79,80,3,0.0
79,80,4,0.0
79,80,5,0.0
79,80,6,0.0
79,80,7,0.0
79,80,8,0.0
79,80,9,0.0
79,80,10,0.0
79,80,11,0.0
79,80,12,0.0
79,80,13,0.0
79,80,14,0.0
79,80,15,0.0
79,80,16,0.0
79,80,17,0.0
79,80,18,0.0
79,80,19,0.0
79,80,20,0.0
79,80,21,0.0
79,80,22,0.0
79,80,23,0.0
79,80,24,0.0
79,80,25,0.0
79,80,26,0.0
79,80,27,0.0
79,80,28,0.0
79,80,29,0.0
79,80,30,0.0
79,80,31,0.0
79,80,32,0.0
79,80,33,0.0
79,80,34,0.0
79,80,35,0.0
79,80,36,0.0
79,80,37,0.0
79,80,38,0.0
79,80,39,0.0
79,80,40,0.0
79,80,41,0.0
79,80,42,0.0
79,80,43,0.0
79,80,44,0.0
79,80,45,0.0
79,80,46,-0.0
79,80,47,0.0
79,80,48,0.0
79,80,49,0.0
79,80,50,0.0
79,80,51,0.0
79,80,52,0.0
79,80,53,0.0
79,80,54,0.0
79,80,55,0.0
79,80,56,0.0
79,80,57,0.0
79,80,58,0.0
79,80,59,0.0
79,80,60,0.0
79,80,61,0.0
79,80,62,0.0
79,80,63,0.0
79,80,64,0.0
79,80,65,0.0
79,80,66,0.0
79,80,67,0.0
79,80,68,0.0
79,80,69,0.0
79,80,70,0.0
79,80,71,0.0
79,80,72,0.0
79,80,73,0.0
79,80,74,0.0
79,80,75,0.0
79,80,76,0.0
79,80,77,0.0
79,80,78,0.0
79,80,79,0.0
79,80,80,0.0
79,80,81,-0.0
79,80,82,0.0
79,80,83,0.0
79,80,84,0.0
79,80,85,0.0
79,80,86,0.0
79,80,87,0.0
79,80,88,0.0
79,80,89,0.0
79,80,90,0.0
79,80,91,0.0
79,80,92,0.0
79,80,93,0.0
79,80,94,0.0
79,80,95,0.0
79,80,96,0.0
79,80,97,0.0
79,80,98,0.0
79,80,99,0.0
79,80,100,0.0
79,80,101,0.0
79,80,102,0.0
79,80,103,0.0
79,80,104,0.0
79,80,105,0.0
79,80,106,0.0
79,80,107,0.0
79,80,108,0.0
79,80,109,0.0
79,80,110,0.0
79,80,111,0.0
79,80,112,0.0
79,80,113,0.0
79,80,114,0.0
79,80,115,0.0
79,80,116,0.0
79,80,117,0.0
79,80,118,0.0
79,80,119,0.0
79,80,120,0.0
79,80,121,0.0
79,80,122,0.0
79,80,123,0.0
79,80,124,0.0
79,80,125,0.0
79,80,126,0.0
79,80,127,0.0
79,80,128,0.0
79,80,129,0.0
79,80,130,0.0
79,80,131,0.0
79,80,132,0.0
79,80,133,0.0
79,80,134,0.0
79,80,135,0.0
79,80,136,0.0
79,80,137,0.0
79,80,138,0.0
79,80,139,0.0
79,80,140,0.0
79,80,141,0.0
79,80,142,0.0
79,80,143,0.0
79,80,144,0.0
79,80,145,0.0
79,80,146,0.0
79,80,147,0.0
79,80,148,0.0
79,80,149,0.0
79,80,150,0.0
79,80,151,0.0
79,80,152,0.0
79,80,153,0.0
79,80,154,0.0
79,80,155,0.0
79,80,156,0.0
79,80,157,0.0
79,80,158,0.0
79,80,159,0.0
79,80,160,0.0
79,80,161,0.0
79,80,162,0.0
79,80,163,0.0
79,80,164,0.0
79,80,165,0.0
79,80,166,0.0
79,80,167,0.0
79,80,168,0.0
79,80,169,0.0
79,80,170,0.0
79,80,171,0.0
79,80,172,0.0
79,80,173,0.0
79,80,174,0.0
79,80,175,0.0
79,80,176,0.0
79,80,177,0.0
79,80,178,-0.0
79,80,179,0.0
79,80,180,0.0
79,80,181,0.0
79,80,182,0.0
79,80,183,0.0
79,80,184,0.0
79,80,185,0.0
79,80,186,0.0
79,80,187,-0.0
79,80,188,0.0
79,80,189,0.0
79,80,190,0.0
79,80,191,0.0
79,80,192,0.0
79,80,193,0.0
79,80,194,0.0
79,80,195,0.0
79,80,196,0.0
79,80,197,0.0
79,80,198,0.0
79,80,199,0.0
79,80,200,0.0
79,80,201,0.0
79,80,202,0.0
79,80,203,0.0
79,80,204,0.0
79,80,205,0.0
79,80,206,0.0
79,80,207,0.0
79,80,208,0.0
79,80,209,0.0
79,80,210,0.0
79,80,211,0.0
79,80,212,0.0
79,80,213,0.0
79,80,214,0.0
79,80,215,0.0
79,80,216,0.0
79,80,217,0.0
79,80,218,0.0
79,80,219,0.0
79,80,220,0.0
79,80,221,0.0
79,80,222,0.0
79,80,223,0.0
79,80,224,0.0
79,80,225,0.0
79,80,226,0.0
79,80,227,0.0
79,80,228,0.0
79,80,229,0.0
79,80,230,0.0
79,80,231,0.0
79,80,232,0.0
79,80,233,0.0
79,80,234,0.0
79,80,235,0.0
79,80,236,0.0
79,80,237,0.0
79,80,238,0.0
79,80,239,0.0
79,80,240,0.0
79,80,241,0.0
79,80,242,0.0
79,80,243,0.0
79,80,244,-0.0
79,80,245,0.0
79,80,246,0.0
79,80,247,0.0
79,80,248,0.0
79,80,249,0.0
79,80,250,0.0
79,80,251,0.0
79,80,252,0.0
79,80,253,0.0
79,80,254,0.0
79,80,255,0.0
79,80,256,0.0
79,80,257,0.0
79,80,258,0.0
79,80,259,0.0
79,80,260,0.0
79,80,261,0.0
79,80,262,0.0
79,80,263,0.0
79,80,264,0.0
79,80,265,0.0
79,80,266,0.0
79,80,267,0.0
79,80,268,0.0
79,80,269,0.0
79,80,270,0.0
79,80,271,0.0
79,80,272,0.0
79,80,273,0.0
79,80,274,0.0
79,80,275,0.0
79,80,276,0.0
79,80,277,0.0
79,80,278,0.0
79,80,279,0.0
79,80,280,0.0
79,80,281,0.0
79,80,282,0.0
79,80,283,0.0
79,80,284,0.0
79,80,285,0.0
79,80,286,0.0
79,80,287,0.0
79,80,288,0.0
79,80,289,0.0
79,80,290,0.0
79,80,291,0.0
79,80,292,0.0
79,80,293,0.0
79,80,294,0.0
79,80,295,0.0
79,80,296,0.0
79,80,297,0.0
79,80,298,0.0
79,80,299,0.0
79,80,300,0.0
79,80,301,0.0
79,80,302,0.0
79,80,303,0.0
79,80,304,0.0
79,80,305,0.0
79,80,306,0.0
79,80,307,0.0
79,80,308,0.0
79,80,309,0.0
79,80,310,0.0
79,80,311,0.0
79,80,312,0.0
79,80,313,0.0
79,80,314,0.0
79,80,315,0.0
79,80,316,0.0
79,80,317,0.0
79,80,318,0.0
79,80,319,0.0
79,80,320,0.0
79,80,321,0.0
79,80,322,0.0
79,80,323,0.0
79,80,324,0.0
79,80,325,0.0
79,80,326,0.0
79,80,327,0.0
79,80,328,0.0
79,80,329,0.0
79,80,330,0.0
79,80,331,0.0
79,80,332,0.0
79,80,333,0.0
79,80,334,0.0
79,80,335,0.0
79,80,336,0.0
79,80,337,0.0
79,80,338,0.0
79,80,339,0.0
79,80,340,0.0
79,80,341,0.0
79,80,342,0.0
79,80,343,0.0
79,80,344,0.0
79,80,345,0.0
79,80,346,0.0
79,80,347,0.0
79,80,348,0.0
79,80,349,-0.0
79,80,350,0.0
79,80,351,0.0
79,80,352,0.0
79,80,353,0.0
79,80,354,0.0
79,80,355,0.0
79,80,356,0.0
79,80,357,0.0
79,80,358,0.0
79,80,359,0.0
79,80,360,-0.0
36,118,0,0.0
36,118,1,0.0
36,118,2,0.0
36,118,3,0.0
36,118,4,11.0
36,118,5,0.0
36,118,6,11.0
36,118,7,9.0
36,118,8,6.0
36,118,9,0.0
36,118,10,11.0
36,118,11,6.0
36,118,12,11.0
36,118,13,11.0
36,118,14,6.0
36,118,15,11.0
36,118,16,9.0
36,118,17,6.0
36,118,18,11.0
36,118,19,11.0
36,118,20,6.0
36,118,21,6.0
36,118,22,6.0
36,118,23,1.0
36,118,24,6.0
36,118,25,0.0
36,118,26,6.0
36,118,27,0.0
36,118,28,0.0
36,118,29,3.0
36,118,30,11.0
36,118,31,6.0
36,118,32,7.0
36,118,33,6.0
36,118,34,0.0
36,118,35,6.0
36,118,36,11.0
36,118,37,6.0
36,118,38,6.0
36,118,39,0.0
36,118,40,11.0
36,118,41,11.0
36,118,42,6.0
36,118,43,6.0
36,118,44,0.0
36,118,45,9.0
36,118,46,6.0
36,118,47,11.0
36,118,48,6.0
36,118,49,6.0
36,118,50,6.0
36,118,51,0.0
36,118,52,0.0
36,118,53,0.0
36,118,54,6.0
36,118,55,6.0
36,118,56,11.0
36,118,57,0.0
36,118,58,6.0
36,118,59,11.0
36,118,60,6.0
36,118,61,0.0
36,118,62,6.0
36,118,63,0.0
36,118,64,11.0
36,118,65,6.0
36,118,66,6.0
36,118,67,0.0
36,118,68,0.0
36,118,69,9.0
36,118,70,0.0
36,118,71,6.0
36,118,72,6.0
36,118,73,6.0
36,118,74,6.0
36,118,75,0.0
36,118,76,2.0
36,118,77,0.0
36,118,78,9.0
36,118,79,8.0
36,118,80,6.0
36,118,81,6.0
36,118,82,6.0
36,118,83,6.0
36,118,84,0.0
36,118,85,6.0
36,118,86,6.0
36,118,87,0.0
36,118,88,6.0
36,118,89,6.0
36,118,90,7.0
36,118,91,0.0
36,118,92,3.0
36,118,93,9.0
36,118,94,-0.0
36,118,95,6.0
36,118,96,6.0
36,118,97,6.0
36,118,98,6.0
36,118,99,4.0
36,118,100,0.0
36,118,101,1.0
36,118,102,0.0
36,118,103,0.0
36,118,104,9.0
36,118,105,0.0
36,118,106,6.0
36,118,107,6.0
36,118,108,1.0
36,118,109,7.0
36,118,110,0.0
36,118,111,6.0
36,118,112,0.0
36,118,113,0.0
36,118,114,0.0
36,118,115,0.0
36,118,116,0.0
36,118,117,6.0
36,118,118,0.0
36,118,119,6.0
36,118,120,0.0
36,118,121,9.0
36,118,122,6.0
36,118,123,6.0
36,118,124,6.0
36,118,125,11.0
36,118,126,1.0
36,118,127,6.0
36,118,128,6.0
36,118,129,0.0
36,118,130,0.0
36,118,131,6.0
36,118,132,6.0
36,118,133,0.0
36,118,134,6.0
36,118,135,6.0
36,118,136,3.0
36,118,137,1.0
36,118,138,6.0
36,118,139,0.0
36,118,140,9.0
36,118,141,6.0
36,118,142,11.0
36,118,143,6.0
36,118,144,6.0
36,118,145,3.0
36,118,146,6.0
36,118,147,6.0
36,118,148,9.0
36,118,149,6.0
36,118,150,6.0
36,118,151,0.0
36,118,152,0.0
36,118,153,6.0
36,118,154,9.0
36,118,155,6.0
36,118,156,1.0
36,118,157,11.0
36,118,158,6.0
36,118,159,6.0
36,118,160,6.0
36,118,161,0.0
36,118,162,6.0
36,118,163,7.0
36,118,164,6.0
36,118,165,6.0
36,118,166,6.0
36,118,167,0.0
36,118,168,0.0
36,118,169,6.0
36,118,170,0.0
36,118,171,0.0
36,118,172,0.0
36,118,173,6.0
36,118,174,6.0
36,118,175,6.0
36,118,176,9.0
36,118,177,9.0
36,118,178,6.0
36,118,179,6.0
36,118,180,6.0
36,118,181,11.0
36,118,182,0.0
36,118,183,6.0
36,118,184,6.0
36,118,185,6.0
36,118,186,10.0
36,118,187,0.0
36,118,188,11.0
36,118,189,6.0
36,118,190,6.0
36,118,191,6.0
36,118,192,0.0
36,118,193,6.0
36,118,194,6.0
36,118,195,6.0
36,118,196,6.0
36,118,197,6.0
36,118,198,6.0
36,118,199,0.0
36,118,200,6.0
36,118,201,6.0
36,118,202,9.0
36,118,203,9.0
36,118,204,6.0
36,118,205,6.0
36,118,206,6.0
36,118,207,6.0
36,118,208,6.0
36,118,209,9.0
36,118,210,6.0
36,118,211,11.0
36,118,212,6.0
36,118,213,6.0
36,118,214,9.0
36,118,215,6.0
36,118,216,6.0
36,118,217,9.0
36,118,218,6.0
36,118,219,6.0
36,118,220,6.0
36,118,221,9.0
36,118,222,6.0
36,118,223,6.0
36,118,224,6.0
36,118,225,6.0
36,118,226,6.0
36,118,227,6.0
36,118,228,6.0
36,118,229,9.0
36,118,230,6.0
36,118,231,6.0
36,118,232,11.0
36,118,233,6.0
36,118,234,3.0
36,118,235,6.0
36,118,236,6.0
36,118,237,6.0
36,118,238,3.0
36,118,239,6.0
36,118,240,6.0
36,118,241,9.0
36,118,242,8.0
36,118,243,7.0
36,118,244,6.0
36,118,245,6.0
36,118,246,9.0
36,118,247,6.0
36,118,248,0.0
36,118,249,6.0
36,118,250,11.0
36,118,251,6.0
36,118,252,11.0
36,118,253,6.0
36,118,254,6.0
36,118,255,0.0
36,118,256,3.0
36,118,257,0.0
36,118,258,6.0
36,118,259,11.0
36,118,260,9.0
36,118,261,6.0
36,118,262,0.0
36,118,263,6.0
36,118,264,6.0
36,118,265,0.0
36,118,266,9.0
36,118,267,9.0
36,118,268,6.0
36,118,269,0.0
36,118,270,6.0
36,118,271,6.0
36,118,272,0.0
36,118,273,6.0
36,118,274,1.0
36,118,275,6.0
36,118,276,6.0
36,118,277,0.0
36,118,278,0.0
36,118,279,0.0
36,118,280,6.0
36,118,281,0.0
36,118,282,6.0
36,118,283,0.0
36,118,284,6.0
36,118,285,9.0
36,118,286,6.0
36,118,287,6.0
36,118,288,0.0
36,118,289,0.0
36,118,290,0.0
36,118,291,0.0
36,118,292,6.0
36,118,293,9.0
36,118,294,6.0
36,118,295,6.0
36,118,296,6.0
36,118,297,9.0
36,118,298,6.0
36,118,299,4.0
36,118,300,6.0
36,118,301,6.0
36,118,302,6.0
36,118,303,6.0
36,118,304,6.0
36,118,305,6.0
36,118,306,0.0
36,118,307,0.0
36,118,308,0.0
36,118,309,0.0
36,118,310,6.0
36,118,311,0.0
36,118,312,-0.0
36,118,313,-0.0
36,118,314,6.0
36,118,315,9.0
36,118,316,6.0
36,118,317,6.0
36,118,318,3.0
36,118,319,0.0
36,118,320,1.0
36,118,321,6.0
36,118,322,6.0
36,118,323,3.0
36,118,324,6.0
36,118,325,6.0
36,118,326,0.0
36,118,327,6.0
36,118,328,9.0
36,118,329,5.0
36,118,330,6.0
36,118,331,6.0
36,118,332,6.0
36,118,333,6.0
36,118,334,11.0
36,118,335,0.0
36,118,336,9.0
36,118,337,6.0
36,118,338,6.0
36,118,339,6.0
36,118,340,0.0
36,118,341,6.0
36,118,342,0.0
36,118,343,6.0
36,118,344,7.0
36,118,345,11.0
36,118,346,6.0
36,118,347,0.0
36,118,348,6.0
36,118,349,6.0
36,118,350,6.0
36,118,351,6.0
36,118,352,6.0
36,118,353,6.0
36,118,354,6.0
36,118,355,6.0
36,118,356,11.0
36,118,357,7.0
36,118,358,10.0
36,118,359,0.0
36,118,360,-0.0
101,98,0,0.0
101,98,1,0.0
101,98,2,0.0
101,98,3,0.0
101,98,4,0.0
101,98,5,0.0
101,98,6,0.0
101,98,7,0.0
101,98,8,0.0
101,98,9,0.0
101,98,10,0.0
101,98,11,0.0
101,98,12,-0.0
101,98,13,0.0
101,98,14,0.0
101,98,15,0.0
101,98,16,0.0
101,98,17,0.0
101,98,18,0.0
101,98,19,0.0
101,98,20,0.0
101,98,21,0.0
101,98,22,-0.0
101,98,23,0.0
101,98,24,0.0
101,98,25,0.0
101,98,26,0.0
101,98,27,0.0
101,98,28,0.0
101,98,29,0.0
101,98,30,0.0
101,98,31,-0.0
101,98,32,0.0
101,98,33,0.0
101,98,34,-0.0
101,98,35,0.0
101,98,36,0.0
101,98,37,0.0
101,98,38,0.0
101,98,39,0.0
101,98,40,0.0
101,98,41,0.0
101,98,42,0.0
101,98,43,0.0
101,98,44,0.0
101,98,45,0.0
101,98,46,0.0
101,98,47,0.0
101,98,48,-0.0
101,98,49,0.0
101,98,50,0.0
101,98,51,0.0
101,98,52,0.0
101,98,53,0.0
101,98,54,0.0
101,98,55,0.0
101,98,56,0.0
101,98,57,0.0
101,98,58,0.0
101,98,59,0.0
101,98,60,-0.0
101,98,61,0.0
101,98,62,0.0
101,98,63,0.0
101,98,64,0.0
101,98,65,0.0
101,98,66,0.0
101,98,67,0.0
101,98,68,0.0
101,98,69,0.0
101,98,70,0.0
101,98,71,0.0
101,98,72,0.0
101,98,73,0.0
101,98,74,0.0
101,98,75,0.0
101,98,76,0.0
101,98,77,0.0
101,98,78,0.0
101,98,79,0.0
101,98,80,0.0
101,98,81,0.0
101,98,82,-0.0
101,98,83,0.0
101,98,84,0.0
101,98,85,0.0
101,98,86,0.0
101,98,87,0.0
101,98,88,0.0
101,98,89,0.0
101,98,90,0.0
101,98,91,0.0
101,98,92,0.0
101,98,93,0.0
101,98,94,0.0
101,98,95,0.0
101,98,96,0.0
101,98,97,0.0
101,98,98,0.0
101,98,99,0.0
101,98,100,0.0
101,98,101,0.0
101,98,102,0.0
101,98,103,0.0
101,98,104,0.0
101,98,105,0.0
101,98,106,-0.0
101,98,107,0.0
101,98,108,0.0
101,98,109,-0.0
101,98,110,0.0
101,98,111,0.0
101,98,112,0.0
101,98,113,0.0
101,98,114,0.0
101,98,115,0.0
101,98,116,0.0
101,98,117,0.0
101,98,118,0.0
101,98,119,0.0
101,98,120,0.0
101,98,121,0.0
101,98,122,0.0
101,98,123,0.0
101,98,124,0.0
101,98,125,0.0
101,98,126,0.0
101,98,127,-0.0
101,98,128,0.0
101,98,129,0.0
101,98,130,0.0
101,98,131,0.0
101,98,132,0.0
101,98,133,0.0
101,98,134,0.0
101,98,135,0.0
101,98,136,0.0
101,98,137,0.0
101,98,138,0.0
101,98,139,0.0
101,98,140,0.0
101,98,141,0.0
101,98,142,0.0
101,98,143,-0.0
101,98,144,0.0
101,98,145,0.0
101,98,146,0.0
101,98,147,0.0
101,98,148,0.0
101,98,149,0.0
101,98,150,0.0
101,98,151,0.0
101,98,152,0.0
101,98,153,0.0
101,98,154,0.0
101,98,155,0.0
101,98,156,0.0
101,98,157,0.0
101,98,158,0.0
101,98,159,0.0
101,98,160,0.0
101,98,161,0.0
101,98,162,0.0
101,98,163,0.0
101,98,164,0.0
101,98,165,0.0
101,98,166,0.0
101,98,167,0.0
101,98,168,0.0
101,98,169,0.0
101,98,170,0.0
101,98,171,0.0
101,98,172,0.0
101,98,173,0.0
101,98,174,0.0
101,98,175,0.0
101,98,176,0.0
101,98,177,0.0
101,98,178,0.0
101,98,179,0.0
101,98,180,0.0
101,98,181,0.0
101,98,182,0.0
101,98,183,0.0
101,98,184,0.0
101,98,185,0.0
101,98,186,0.0
101,98,187,0.0
101,98,188,0.0
101,98,189,0.0
101,98,190,0.0
101,98,191,0.0
101,98,192,0.0
101,98,193,0.0
101,98,194,0.0
101,98,195,0.0
101,98,196,0.0
101,98,197,0.0
101,98,198,0.0
101,98,199,0.0
101,98,200,0.0
101,98,201,0.0
101,98,202,0.0
101,98,203,0.0
101,98,204,0.0
101,98,205,0.0
101,98,206,0.0
101,98,207,0.0
101,98,208,0.0
101,98,209,0.0
101,98,210,0.0
101,98,211,0.0
101,98,212,0.0
101,98,213,0.0
101,98,214,0.0
101,98,215,0.0
101,98,216,0.0
101,98,217,0.0
101,98,218,0.0
101,98,219,0.0
101,98,220,0.0
101,98,221,0.0
101,98,222,0.0
101,98,223,0.0
101,98,224,0.0
101,98,225,0.0
101,98,226,-0.0
101,98,227,0.0
101,98,228,0.0
101,98,229,-0.0
101,98,230,0.0
101,98,231,0.0
101,98,232,0.0
101,98,233,0.0
101,98,234,-0.0
101,98,235,0.0
101,98,236,0.0
101,98,237,0.0
101,98,238,0.0
101,98,239,0.0
101,98,240,0.0
101,98,241,0.0
101,98,242,0.0
101,98,243,0.0
101,98,244,0.0
101,98,245,0.0
101,98,246,0.0
101,98,247,0.0
101,98,248,0.0
101,98,249,0.0
101,98,250,0.0
101,98,251,0.0
101,98,252,0.0
101,98,253,0.0
101,98,254,0.0
101,98,255,0.0
101,98,256,0.0
101,98,257,0.0
101,98,258,0.0
101,98,259,0.0
101,98,260,0.0
101,98,261,0.0
101,98,262,0.0
101,98,263,0.0
101,98,264,0.0
101,98,265,0.0
101,98,266,0.0
101,98,267,0.0
101,98,268,0.0
101,98,269,-0.0
101,98,270,0.0
101,98,271,0.0
101,98,272,0.0
101,98,273,0.0
101,98,274,0.0
101,98,275,0.0
101,98,276,0.0
101,98,277,0.0
101,98,278,0.0
101,98,279,0.0
101,98,280,-0.0
101,98,281,0.0
101,98,282,0.0
101,98,283,0.0
101,98,284,0.0
101,98,285,0.0
101,98,286,0.0
101,98,287,0.0
101,98,288,-0.0
101,98,289,0.0
101,98,290,0.0
101,98,291,0.0
101,98,292,0.0
101,98,293,0.0
101,98,294,0.0
101,98,295,0.0
101,98,296,-0.0
101,98,297,0.0
101,98,298,0.0
101,98,299,0.0
101,98,300,0.0
101,98,301,0.0
101,98,302,0.0
101,98,303,0.0
101,98,304,0.0
101,98,305,0.0
101,98,306,0.0
101,98,307,0.0
101,98,308,0.0
101,98,309,0.0
101,98,310,0.0
101,98,311,0.0
101,98,312,0.0
101,98,313,0.0
101,98,314,0.0
101,98,315,0.0
101,98,316,0.0
101,98,317,0.0
101,98,318,0.0
101,98,319,0.0
101,98,320,0.0
101,98,321,0.0
101,98,322,-0.0
101,98,323,0.0
101,98,324,0.0
101,98,325,0.0
101,98,326,0.0
101,98,327,0.0
101,98,328,0.0
101,98,329,0.0
101,98,330,0.0
101,98,331,0.0
101,98,332,0.0
101,98,333,0.0
101,98,334,0.0
101,98,335,0.0
101,98,336,0.0
101,98,337,0.0
101,98,338,0.0
101,98,339,0.0
101,98,340,0.0
101,98,341,0.0
101,98,342,0.0
101,98,343,0.0
101,98,344,0.0
101,98,345,0.0
101,98,346,0.0
101,98,347,0.0
101,98,348,0.0
101,98,349,-0.0
101,98,350,0.0
101,98,351,0.0
101,98,352,0.0
101,98,353,0.0
101,98,354,0.0
101,98,355,0.0
101,98,356,0.0
101,98,357,0.0
101,98,358,0.0
101,98,359,0.0
101,98,360,-0.0
116,117,0,0.0
116,117,1,0.0
116,117,2,0.0
116,117,3,0.0
116,117,4,6.0
116,117,5,11.0
116,117,6,6.0
116,117,7,6.0
116,117,8,6.0
116,117,9,10.0
116,117,10,6.0
116,117,11,6.0
116,117,12,0.0
116,117,13,0.0
116,117,14,6.0
116,117,15,6.0
116,117,16,6.0
116,117,17,6.0
116,117,18,6.0
116,117,19,6.0
116,117,20,0.0
116,117,21,0.0
116,117,22,0.0
116,117,23,11.0
116,117,24,6.0
116,117,25,0.0
116,117,26,5.0
116,117,27,12.0
116,117,28,5.0
116,117,29,12.0
116,117,30,5.0
116,117,31,11.0
116,117,32,6.0
116,117,33,4.0
116,117,34,12.0
116,117,35,0.0
116,117,36,6.0
116,117,37,6.0
116,117,38,6.0
116,117,39,0.0
116,117,40,6.0
116,117,41,6.0
116,117,42,10.0
116,117,43,7.0
116,117,44,8.0
116,117,45,9.0
116,117,46,6.0
116,117,47,10.0
116,117,48,6.0
116,117,49,11.0
116,117,50,6.0
116,117,51,0.0
116,117,52,10.0
116,117,53,7.0
116,117,54,5.0
116,117,55,12.0
116,117,56,4.0
116,117,57,12.0
116,117,58,5.0
116,117,59,6.0
116,117,60,6.0
116,117,61,10.0
116,117,62,6.0
116,117,63,7.0
116,117,64,10.0
116,117,65,6.0
116,117,66,11.0
116,117,67,6.0
116,117,68,6.0
116,117,69,6.0
116,117,70,10.0
116,117,71,6.0
116,117,72,0.0
116,117,73,0.0
116,117,74,0.0
116,117,75,12.0
116,117,76,5.0
116,117,77,11.0
116,117,78,6.0
116,117,79,6.0
116,117,80,0.0
116,117,81,6.0
116,117,82,11.0
116,117,83,6.0
116,117,84,11.0
116,117,85,6.0
116,117,86,11.0
116,117,87,6.0
116,117,88,0.0
116,117,89,11.0
116,117,90,6.0
116,117,91,0.0
116,117,92,6.0
116,117,93,11.0
116,117,94,6.0
116,117,95,11.0
116,117,96,6.0
116,117,97,6.0
116,117,98,11.0
116,117,99,0.0
116,117,100,12.0
116,117,101,5.0
116,117,102,0.0
116,117,103,9.0
116,117,104,8.0
116,117,105,6.0
116,117,106,11.0
116,117,107,6.0
116,117,108,10.0
116,117,109,6.0
116,117,110,11.0
116,117,111,6.0
116,117,112,6.0
116,117,113,6.0
116,117,114,6.0
116,117,115,6.0
116,117,116,0.0
116,117,117,6.0
116,117,118,6.0
116,117,119,6.0
116,117,120,11.0
116,117,121,6.0
116,117,122,10.0
116,117,123,7.0
116,117,124,10.0
116,117,125,6.0
116,117,126,10.0
116,117,127,6.0
116,117,128,11.0
116,117,129,6.0
116,117,130,10.0
116,117,131,7.0
116,117,132,6.0
116,117,133,6.0
116,117,134,0.0
116,117,135,12.0
116,117,136,0.0
116,117,137,6.0
116,117,138,6.0
116,117,139,11.0
116,117,140,6.0
116,117,141,11.0
116,117,142,6.0
116,117,143,10.0
116,117,144,6.0
116,117,145,11.0
116,117,146,6.0
116,117,147,11.0
116,117,148,6.0
116,117,149,11.0
116,117,150,6.0
116,117,151,10.0
116,117,152,6.0
116,117,153,11.0
116,117,154,6.0
116,117,155,11.0
116,117,156,6.0
116,117,157,11.0
116,117,158,6.0
116,117,159,6.0
116,117,160,11.0
116,117,161,6.0
116,117,162,0.0
116,117,163,11.0
116,117,164,6.0
116,117,165,6.0
116,117,166,11.0
116,117,167,6.0
116,117,168,6.0
116,117,169,7.0
116,117,170,6.0
116,117,171,6.0
116,117,172,11.0
116,117,173,6.0
116,117,174,6.0
116,117,175,10.0
116,117,176,6.0
116,117,177,11.0
116,117,178,6.0
116,117,179,6.0
116,117,180,11.0
116,117,181,6.0
116,117,182,0.0
116,117,183,11.0
116,117,184,6.0
116,117,185,11.0
116,117,186,6.0
116,117,187,6.0
116,117,188,11.0
116,117,189,6.0
116,117,190,0.0
116,117,191,6.0
116,117,192,6.0
116,117,193,6.0
116,117,194,11.0
116,117,195,6.0
116,117,196,6.0
116,117,197,10.0
116,117,198,0.0
116,117,199,10.0
116,117,200,7.0
116,117,201,6.0
116,117,202,0.0
116,117,203,6.0
116,117,204,0.0
116,117,205,6.0
116,117,206,8.0
116,117,207,9.0
116,117,208,0.0
116,117,209,6.0
116,117,210,10.0
116,117,211,6.0
116,117,212,0.0
116,117,213,12.0
116,117,214,5.0
116,117,215,12.0
116,117,216,5.0
116,117,217,6.0
116,117,218,0.0
116,117,219,6.0
116,117,220,10.0
116,117,221,6.0
116,117,222,11.0
116,117,223,6.0
116,117,224,0.0
116,117,225,6.0
116,117,226,2.0
116,117,227,11.0
116,117,228,6.0
116,117,229,11.0
116,117,230,6.0
116,117,231,6.0
116,117,232,11.0
116,117,233,6.0
116,117,234,0.0
116,117,235,6.0
116,117,236,11.0
116,117,237,6.0
116,117,238,0.0
116,117,239,6.0
116,117,240,11.0
116,117,241,6.0
116,117,242,6.0
116,117,243,11.0
116,117,244,6.0
116,117,245,2.0
116,117,246,0.0
116,117,247,11.0
116,117,248,6.0
116,117,249,6.0
116,117,250,11.0
116,117,251,6.0
116,117,252,6.0
116,117,253,6.0
116,117,254,11.0
116,117,255,6.0
116,117,256,0.0
116,117,257,6.0
116,117,258,6.0
116,117,259,11.0
116,117,260,6.0
116,117,261,10.0
116,117,262,6.0
116,117,263,11.0
116,117,264,6.0
116,117,265,11.0
116,117,266,6.0
116,117,267,11.0
116,117,268,4.0
116,117,269,12.0
116,117,270,5.0
116,117,271,6.0
116,117,272,11.0
116,117,273,6.0
116,117,274,11.0
116,117,275,6.0
116,117,276,11.0
116,117,277,6.0
116,117,278,11.0
116,117,279,6.0
116,117,280,10.0
116,117,281,6.0
116,117,282,6.0
116,117,283,11.0
116,117,284,6.0
116,117,285,11.0
116,117,286,6.0
116,117,287,11.0
116,117,288,6.0
116,117,289,6.0
116,117,290,0.0
116,117,291,11.0
116,117,292,6.0
116,117,293,11.0
116,117,294,6.0
116,117,295,4.0
116,117,296,12.0
116,117,297,5.0
116,117,298,12.0
116,117,299,5.0
116,117,300,11.0
116,117,301,6.0
116,117,302,6.0
116,117,303,11.0
116,117,304,6.0
116,117,305,0.0
116,117,306,11.0
116,117,307,6.0
116,117,308,10.0
116,117,309,6.0
116,117,310,10.0
116,117,311,6.0
116,117,312,11.0
116,117,313,6.0
116,117,314,6.0
116,117,315,11.0
116,117,316,6.0
116,117,317,11.0
116,117,318,6.0
116,117,319,6.0
116,117,320,6.0
116,117,321,6.0
116,117,322,11.0
116,117,323,6.0
116,117,324,6.0
116,117,325,11.0
116,117,326,6.0
116,117,327,11.0
116,117,328,6.0
116,117,329,11.0
116,117,330,6.0
116,117,331,11.0
116,117,332,6.0
116,117,333,6.0
116,117,334,6.0
116,117,335,6.0
116,117,336,11.0
116,117,337,6.0
116,117,338,6.0
116,117,339,11.0
116,117,340,6.0
116,117,341,10.0
116,117,342,6.0
116,117,343,11.0
116,117,344,6.0
116,117,345,11.0
116,117,346,6.0
116,117,347,10.0
116,117,348,6.0
116,117,349,6.0
116,117,350,11.0
116,117,351,6.0
116,117,352,10.0
116,117,353,6.0
116,117,354,6.0
116,117,355,6.0
116,117,356,11.0
116,117,357,6.0
116,117,358,11.0
116,117,359,6.0
116,117,360,10.0
20,21,0,0.0
20,21,1,0.0
20,21,2,0.0
20,21,3,0.0
20,21,4,0.0
20,21,5,0.0
20,21,6,0.0
20,21,7,0.0
20,21,8,0.0
20,21,9,-0.0
20,21,10,0.0
20,21,11,0.0
20,21,12,0.0
20,21,13,0.0
20,21,14,-0.0
20,21,15,0.0
20,21,16,0.0
20,21,17,0.0
20,21,18,0.0
20,21,19,0.0
20,21,20,0.0
20,21,21,0.0
20,21,22,0.0
20,21,23,0.0
20,21,24,-0.0
20,21,25,0.0
20,21,26,0.0
20,21,27,0.0
20,21,28,0.0
20,21,29,0.0
20,21,30,-0.0
20,21,31,0.0
20,21,32,0.0
20,21,33,0.0
20,21,34,0.0
20,21,35,0.0
20,21,36,0.0
20,21,37,0.0
20,21,38,0.0
20,21,39,0.0
20,21,40,0.0
20,21,41,0.0
20,21,42,0.0
20,21,43,0.0
20,21,44,0.0
20,21,45,0.0
20,21,46,0.0
20,21,47,0.0
20,21,48,0.0
20,21,49,-0.0
20,21,50,-0.0
20,21,51,0.0
20,21,52,0.0
20,21,53,0.0
20,21,54,0.0
20,21,55,0.0
20,21,56,0.0
20,21,57,0.0
20,21,58,0.0
20,21,59,0.0
20,21,60,0.0
20,21,61,0.0
20,21,62,0.0
20,21,63,0.0
20,21,64,0.0
20,21,65,0.0
20,21,66,0.0
20,21,67,0.0
20,21,68,0.0
20,21,69,0.0
20,21,70,0.0
20,21,71,0.0
20,21,72,0.0
20,21,73,0.0
20,21,74,0.0
20,21,75,0.0
20,21,76,0.0
20,21,77,0.0
20,21,78,0.0
20,21,79,0.0
20,21,80,0.0
20,21,81,0.0
20,21,82,0.0
20,21,83,0.0
20,21,84,0.0
20,21,85,0.0
20,21,86,0.0
20,21,87,0.0
20,21,88,0.0
20,21,89,0.0
20,21,90,0.0
20,21,91,0.0
20,21,92,0.0
20,21,93,0.0
20,21,94,0.0
20,21,95,0.0
20,21,96,0.0
20,21,97,0.0
20,21,98,0.0
20,21,99,0.0
20,21,100,0.0
20,21,101,0.0
20,21,102,0.0
20,21,103,0.0
20,21,104,0.0
20,21,105,0.0
20,21,106,-0.0
20,21,107,0.0
20,21,108,0.0
20,21,109,0.0
20,21,110,0.0
20,21,111,0.0
20,21,112,0.0
20,21,113,0.0
20,21,114,0.0
20,21,115,0.0
20,21,116,0.0
20,21,117,0.0
20,21,118,0.0
20,21,119,0.0
20,21,120,0.0
20,21,121,0.0
20,21,122,0.0
20,21,123,0.0
20,21,124,0.0
20,21,125,0.0
20,21,126,0.0
20,21,127,0.0
20,21,128,0.0
20,21,129,0.0
20,21,130,0.0
20,21,131,0.0
20,21,132,-0.0
20,21,133,0.0
20,21,134,0.0
20,21,135,0.0
20,21,136,0.0
20,21,137,-0.0
20,21,138,0.0
20,21,139,0.0
20,21,140,0.0
20,21,141,-0.0
20,21,142,-0.0
20,21,143,0.0
20,21,144,0.0
20,21,145,0.0
20,21,146,0.0
20,21,147,0.0
20,21,148,0.0
20,21,149,0.0
20,21,150,0.0
20,21,151,0.0
20,21,152,0.0
20,21,153,0.0
20,21,154,0.0
20,21,155,0.0
20,21,156,0.0
20,21,157,0.0
20,21,158,0.0
20,21,159,0.0
20,21,160,0.0
20,21,161,0.0
20,21,162,0.0
20,21,163,0.0
20,21,164,0.0
20,21,165,0.0
20,21,166,0.0
20,21,167,0.0
20,21,168,-0.0
20,21,169,0.0
20,21,170,0.0
20,21,171,0.0
20,21,172,0.0
20,21,173,0.0
20,21,174,0.0
20,21,175,0.0
20,21,176,0.0
20,21,177,-0.0
20,21,178,0.0
20,21,179,0.0
20,21,180,0.0
20,21,181,0.0
20,21,182,0.0
20,21,183,0.0
20,21,184,0.0
20,21,185,0.0
20,21,186,0.0
20,21,187,0.0
20,21,188,0.0
20,21,189,0.0
20,21,190,0.0
20,21,191,0.0
20,21,192,0.0
20,21,193,-0.0
20,21,194,0.0
20,21,195,0.0
20,21,196,0.0
20,21,197,0.0
20,21,198,0.0
20,21,199,0.0
20,21,200,0.0
20,21,201,0.0
20,21,202,0.0
20,21,203,0.0
20,21,204,0.0
20,21,205,0.0
20,21,206,0.0
20,21,207,0.0
20,21,208,0.0
20,21,209,0.0
20,21,210,0.0
20,21,211,0.0
20,21,212,0.0
20,21,213,0.0
20,21,214,0.0
20,21,215,0.0
20,21,216,0.0
20,21,217,0.0
20,21,218,0.0
20,21,219,0.0
20,21,220,0.0
20,21,221,0.0
20,21,222,0.0
20,21,223,0.0
20,21,224,0.0
20,21,225,0.0
20,21,226,0.0
20,21,227,0.0
20,21,228,0.0
20,21,229,0.0
20,21,230,0.0
20,21,231,0.0
20,21,232,-0.0
20,21,233,0.0
20,21,234,0.0
20,21,235,0.0
20,21,236,0.0
20,21,237,0.0
20,21,238,0.0
20,21,239,0.0
20,21,240,0.0
20,21,241,0.0
20,21,242,0.0
20,21,243,0.0
20,21,244,0.0
20,21,245,0.0
20,21,246,0.0
20,21,247,0.0
20,21,248,0.0
20,21,249,0.0
20,21,250,0.0
20,21,251,0.0
20,21,252,0.0
20,21,253,0.0
20,21,254,0.0
20,21,255,0.0
20,21,256,0.0
20,21,257,0.0
20,21,258,0.0
20,21,259,0.0
20,21,260,0.0
20,21,261,0.0
20,21,262,0.0
20,21,263,0.0
20,21,264,0.0
20,21,265,0.0
20,21,266,0.0
20,21,267,0.0
20,21,268,0.0
20,21,269,-0.0
20,21,270,0.0
20,21,271,0.0
20,21,272,0.0
20,21,273,0.0
20,21,274,0.0
20,21,275,-0.0
20,21,276,0.0
20,21,277,0.0
20,21,278,0.0
20,21,279,0.0
20,21,280,0.0
20,21,281,0.0
20,21,282,0.0
20,21,283,0.0
20,21,284,0.0
20,21,285,0.0
20,21,286,0.0
20,21,287,0.0
20,21,288,0.0
20,21,289,0.0
20,21,290,0.0
20,21,291,0.0
20,21,292,0.0
20,21,293,0.0
20,21,294,0.0
20,21,295,0.0
20,21,296,0.0
20,21,297,0.0
20,21,298,0.0
20,21,299,0.0
20,21,300,0.0
20,21,301,0.0
20,21,302,0.0
20,21,303,0.0
20,21,304,0.0
20,21,305,0.0
20,21,306,0.0
20,21,307,0.0
20,21,308,0.0
20,21,309,0.0
20,21,310,0.0
20,21,311,0.0
20,21,312,0.0
20,21,313,0.0
20,21,314,0.0
20,21,315,0.0
20,21,316,0.0
20,21,317,0.0
20,21,318,0.0
20,21,319,0.0
20,21,320,0.0
20,21,321,0.0
20,21,322,0.0
20,21,323,-0.0
20,21,324,0.0
20,21,325,0.0
20,21,326,0.0
20,21,327,0.0
20,21,328,0.0
20,21,329,0.0
20,21,330,0.0
20,21,331,0.0
20,21,332,0.0
20,21,333,0.0
20,21,334,0.0
20,21,335,0.0
20,21,336,0.0
20,21,337,0.0
20,21,338,0.0
20,21,339,0.0
20,21,340,0.0
20,21,341,0.0
20,21,342,0.0
20,21,343,0.0
20,21,344,0.0
20,21,345,0.0
20,21,346,0.0
20,21,347,0.0
20,21,348,0.0
20,21,349,-0.0
20,21,350,0.0
20,21,351,-0.0
20,21,352,0.0
20,21,353,-0.0
20,21,354,0.0
20,21,355,0.0
20,21,356,0.0
20,21,357,0.0
20,21,358,0.0
20,21,359,-0.0
20,21,360,-0.0
119,24,0,0.0
119,24,1,0.0
119,24,2,0.0
119,24,3,0.0
119,24,4,0.0
119,24,5,-0.0
119,24,6,-0.0
119,24,7,0.0
119,24,8,-0.0
119,24,9,0.0
119,24,10,-0.0
119,24,11,0.0
119,24,12,-0.0
119,24,13,-0.0
119,24,14,0.0
119,24,15,0.0
119,24,16,-0.0
119,24,17,-0.0
119,24,18,-0.0
119,24,19,-0.0
119,24,20,-0.0
119,24,21,-0.0
119,24,22,-0.0
119,24,23,0.0
119,24,24,0.0
119,24,25,-0.0
119,24,26,-0.0
119,24,27,-0.0
119,24,28,-0.0
119,24,29,0.0
119,24,30,-0.0
119,24,31,0.0
119,24,32,-0.0
119,24,33,0.0
119,24,34,-0.0
119,24,35,0.0
119,24,36,-0.0
119,24,37,-0.0
119,24,38,-0.0
119,24,39,-0.0
119,24,40,-0.0
119,24,41,-0.0
119,24,42,-0.0
119,24,43,-0.0
119,24,44,-0.0
119,24,45,-0.0
119,24,46,-0.0
119,24,47,-0.0
119,24,48,-0.0
119,24,49,-0.0
119,24,50,-0.0
119,24,51,0.0
119,24,52,-0.0
119,24,53,-0.0
119,24,54,-0.0
119,24,55,0.0
119,24,56,-0.0
119,24,57,-0.0
119,24,58,-0.0
119,24,59,0.0
119,24,60,-0.0
119,24,61,-0.0
119,24,62,-0.0
119,24,63,0.0
119,24,64,0.0
119,24,65,0.0
119,24,66,0.0
119,24,67,0.0
119,24,68,0.0
119,24,69,0.0
119,24,70,-0.0
119,24,71,0.0
119,24,72,-0.0
119,24,73,0.0
119,24,74,-0.0
119,24,75,-0.0
119,24,76,-0.0
119,24,77,-0.0
119,24,78,0.0
119,24,79,0.0
119,24,80,-0.0
119,24,81,0.0
119,24,82,-0.0
119,24,83,-0.0
119,24,84,-0.0
119,24,85,-0.0
119,24,86,0.0
119,24,87,0.0
119,24,88,-0.0
119,24,89,-0.0
119,24,90,-0.0
119,24,91,-0.0
119,24,92,-0.0
119,24,93,-0.0
119,24,94,-0.0
119,24,95,0.0
119,24,96,0.0
119,24,97,-0.0
119,24,98,-0.0
119,24,99,0.0
119,24,100,-0.0
119,24,101,0.0
119,24,102,-0.0
119,24,103,0.0
119,24,104,0.0
119,24,105,-0.0
119,24,106,-0.0
119,24,107,-0.0
119,24,108,-0.0
119,24,109,0.0
119,24,110,0.0
119,24,111,-0.0
119,24,112,-0.0
119,24,113,0.0
119,24,114,-0.0
119,24,115,-0.0
119,24,116,-0.0
119,24,117,-0.0
119,24,118,0.0
119,24,119,0.0
119,24,120,0.0
119,24,121,-0.0
119,24,122,-0.0
119,24,123,-0.0
119,24,124,-0.0
119,24,125,-0.0
119,24,126,-0.0
119,24,127,-0.0
119,24,128,0.0
119,24,129,0.0
119,24,130,-0.0
119,24,131,-0.0
119,24,132,0.0
119,24,133,-0.0
119,24,134,-0.0
119,24,135,0.0
119,24,136,-0.0
119,24,137,0.0
119,24,138,-0.0
119,24,139,-0.0
119,24,140,-0.0
119,24,141,-0.0
119,24,142,0.0
119,24,143,-0.0
119,24,144,-0.0
119,24,145,-0.0
119,24,146,0.0
119,24,147,0.0
119,24,148,-0.0
119,24,149,-0.0
119,24,150,0.0
119,24,151,0.0
119,24,152,0.0
119,24,153,0.0
119,24,154,-0.0
119,24,155,0.0
119,24,156,0.0
119,24,157,-0.0
119,24,158,-0.0
119,24,159,0.0
119,24,160,-0.0
119,24,161,-0.0
119,24,162,-0.0
119,24,163,0.0
119,24,164,-0.0
119,24,165,0.0
119,24,166,-0.0
119,24,167,-0.0
119,24,168,-0.0
119,24,169,-0.0
119,24,170,-0.0
119,24,171,-0.0
119,24,172,0.0
119,24,173,0.0
119,24,174,-0.0
119,24,175,-0.0
119,24,176,-0.0
119,24,177,0.0
119,24,178,0.0
119,24,179,-0.0
119,24,180,0.0
119,24,181,-0.0
119,24,182,-0.0
119,24,183,-0.0
119,24,184,-0.0
119,24,185,0.0
119,24,186,-0.0
119,24,187,-0.0
119,24,188,0.0
119,24,189,0.0
119,24,190,-0.0
119,24,191,-0.0
119,24,192,0.0
119,24,193,0.0
119,24,194,-0.0
119,24,195,-0.0
119,24,196,-0.0
119,24,197,-0.0
119,24,198,-0.0
119,24,199,-0.0
119,24,200,-0.0
119,24,201,0.0
119,24,202,-0.0
119,24,203,-0.0
119,24,204,-0.0
119,24,205,0.0
119,24,206,-0.0
119,24,207,-0.0
119,24,208,0.0
119,24,209,-0.0
119,24,210,0.0
119,24,211,-0.0
119,24,212,0.0
119,24,213,-0.0
119,24,214,0.0
119,24,215,-0.0
119,24,216,-0.0
119,24,217,0.0
119,24,218,-0.0
119,24,219,-0.0
119,24,220,-0.0
119,24,221,-0.0
119,24,222,-0.0
119,24,223,-0.0
119,24,224,-0.0
119,24,225,0.0
119,24,226,-0.0
119,24,227,0.0
119,24,228,0.0
119,24,229,-0.0
119,24,230,-0.0
119,24,231,-0.0
119,24,232,-0.0
119,24,233,0.0
119,24,234,-0.0
119,24,235,-0.0
119,24,236,-0.0
119,24,237,0.0
119,24,238,-0.0
119,24,239,0.0
119,24,240,-0.0
119,24,241,-0.0
119,24,242,-0.0
119,24,243,0.0
119,24,244,-0.0
119,24,245,-0.0
119,24,246,-0.0
119,24,247,-0.0
119,24,248,0.0
119,24,249,-0.0
119,24,250,0.0
119,24,251,-0.0
119,24,252,-0.0
119,24,253,0.0
119,24,254,-0.0
119,24,255,-0.0
119,24,256,-0.0
119,24,257,-0.0
119,24,258,-0.0
119,24,259,-0.0
119,24,260,-0.0
119,24,261,0.0
119,24,262,-0.0
119,24,263,-0.0
119,24,264,0.0
119,24,265,-0.0
119,24,266,0.0
119,24,267,0.0
119,24,268,0.0
119,24,269,0.0
119,24,270,-0.0
119,24,271,0.0
119,24,272,-0.0
119,24,273,-0.0
119,24,274,-0.0
119,24,275,-0.0
119,24,276,0.0
119,24,277,-0.0
119,24,278,-0.0
119,24,279,0.0
119,24,280,-0.0
119,24,281,-0.0
119,24,282,-0.0
119,24,283,-0.0
119,24,284,-0.0
119,24,285,0.0
119,24,286,-0.0
119,24,287,0.0
119,24,288,-0.0
119,24,289,-0.0
119,24,290,-0.0
119,24,291,0.0
119,24,292,0.0
119,24,293,-0.0
119,24,294,-0.0
119,24,295,0.0
119,24,296,0.0
119,24,297,-0.0
119,24,298,-0.0
119,24,299,-0.0
119,24,300,-0.0
119,24,301,-0.0
119,24,302,-0.0
119,24,303,-0.0
119,24,304,0.0
119,24,305,0.0
119,24,306,0.0
119,24,307,0.0
119,24,308,-0.0
119,24,309,-0.0
119,24,310,-0.0
119,24,311,-0.0
119,24,312,0.0
119,24,313,0.0
119,24,314,-0.0
119,24,315,-0.0
119,24,316,0.0
119,24,317,0.0
119,24,318,-0.0
119,24,319,0.0
119,24,320,0.0
119,24,321,-0.0
119,24,322,0.0
119,24,323,-0.0
119,24,324,-0.0
119,24,325,-0.0
119,24,326,-0.0
119,24,327,0.0
119,24,328,-0.0
119,24,329,-0.0
119,24,330,0.0
119,24,331,-0.0
119,24,332,-0.0
119,24,333,-0.0
119,24,334,0.0
119,24,335,0.0
119,24,336,-0.0
119,24,337,-0.0
119,24,338,0.0
119,24,339,-0.0
119,24,340,0.0
119,24,341,0.0
119,24,342,-0.0
119,24,343,-0.0
119,24,344,-0.0
119,24,345,0.0
119,24,346,-0.0
119,24,347,0.0
119,24,348,0.0
119,24,349,-0.0
119,24,350,-0.0
119,24,351,0.0
119,24,352,0.0
119,24,353,-0.0
119,24,354,-0.0
119,24,355,-0.0
119,24,356,-0.0
119,24,357,0.0
119,24,358,0.0
119,24,359,-0.0
119,24,360,-0.0
2,49,0,0.0
2,49,1,0.0
2,49,2,1.0
2,49,3,0.0
2,49,4,3.0
2,49,5,-0.0
2,49,6,0.0
2,49,7,0.0
2,49,8,-0.0
2,49,9,0.0
2,49,10,0.0
2,49,11,0.0
2,49,12,-0.0
2,49,13,3.0
2,49,14,-0.0
2,49,15,0.0
2,49,16,5.0
2,49,17,0.0
2,49,18,-0.0
2,49,19,-0.0
2,49,20,1.0
2,49,21,0.0
2,49,22,0.0
2,49,23,0.0
2,49,24,-0.0
2,49,25,0.0
2,49,26,0.0
2,49,27,5.0
2,49,28,0.0
2,49,29,1.0
2,49,30,-0.0
2,49,31,-0.0
2,49,32,-0.0
2,49,33,-0.0
2,49,34,0.0
2,49,35,6.0
2,49,36,-0.0
2,49,37,3.0
2,49,38,3.0
2,49,39,0.0
2,49,40,-0.0
2,49,41,-0.0
2,49,42,3.0
2,49,43,0.0
2,49,44,3.0
2,49,45,0.0
2,49,46,-0.0
2,49,47,3.0
2,49,48,0.0
2,49,49,0.0
2,49,50,-0.0
2,49,51,0.0
2,49,52,-0.0
2,49,53,0.0
2,49,54,-0.0
2,49,55,-0.0
2,49,56,5.0
2,49,57,0.0
2,49,58,0.0
2,49,59,0.0
2,49,60,0.0
2,49,61,5.0
2,49,62,-0.0
2,49,63,3.0
2,49,64,0.0
2,49,65,-0.0
2,49,66,3.0
2,49,67,3.0
2,49,68,0.0
2,49,69,0.0
2,49,70,-0.0
2,49,71,0.0
2,49,72,0.0
2,49,73,3.0
2,49,74,-0.0
2,49,75,3.0
2,49,76,3.0
2,49,77,3.0
2,49,78,-0.0
2,49,79,0.0
2,49,80,0.0
2,49,81,-0.0
2,49,82,0.0
2,49,83,-0.0
2,49,84,0.0
2,49,85,0.0
2,49,86,3.0
2,49,87,1.0
2,49,88,-0.0
2,49,89,3.0
2,49,90,3.0
2,49,91,3.0
2,49,92,0.0
2,49,93,0.0
2,49,94,3.0
2,49,95,0.0
2,49,96,-0.0
2,49,97,0.0
2,49,98,0.0
2,49,99,-0.0
2,49,100,0.0
2,49,101,3.0
2,49,102,3.0
2,49,103,0.0
2,49,104,0.0
2,49,105,-0.0
2,49,106,-0.0
2,49,107,0.0
2,49,108,3.0
2,49,109,0.0
2,49,110,-0.0
2,49,111,3.0
2,49,112,3.0
2,49,113,0.0
2,49,114,0.0
2,49,115,2.0
2,49,116,0.0
2,49,117,3.0
2,49,118,3.0
2,49,119,0.0
2,49,120,0.0
2,49,121,0.0
2,49,122,0.0
2,49,123,-0.0
2,49,124,2.0
2,49,125,4.0
2,49,126,-0.0
2,49,127,0.0
2,49,128,0.0
2,49,129,0.0
2,49,130,0.0
2,49,131,0.0
2,49,132,3.0
2,49,133,3.0
2,49,134,3.0
2,49,135,3.0
2,49,136,3.0
2,49,137,3.0
2,49,138,2.0
2,49,139,0.0
2,49,140,0.0
2,49,141,3.0
2,49,142,3.0
2,49,143,3.0
2,49,144,3.0
2,49,145,3.0
2,49,146,-0.0
2,49,147,-0.0
2,49,148,-0.0
2,49,149,-0.0
2,49,150,0.0
2,49,151,3.0
2,49,152,-0.0
2,49,153,1.0
2,49,154,6.0
2,49,155,-0.0
2,49,156,-0.0
2,49,157,-0.0
2,49,158,-0.0
2,49,159,-0.0
2,49,160,0.0
2,49,161,-0.0
2,49,162,-0.0
2,49,163,3.0
2,49,164,-0.0
2,49,165,0.0
2,49,166,0.0
2,49,167,-0.0
2,49,168,0.0
2,49,169,3.0
2,49,170,0.0
2,49,171,0.0
2,49,172,-0.0
2,49,173,3.0
2,49,174,3.0
2,49,175,-0.0
2,49,176,0.0
2,49,177,2.0
2,49,178,-0.0
2,49,179,0.0
2,49,180,-0.0
2,49,181,0.0
2,49,182,0.0
2,49,183,4.0
2,49,184,-0.0
2,49,185,-0.0
2,49,186,3.0
2,49,187,3.0
2,49,188,-0.0
2,49,189,-0.0
2,49,190,3.0
2,49,191,0.0
2,49,192,3.0
2,49,193,-0.0
2,49,194,0.0
2,49,195,-0.0
2,49,196,1.0
2,49,197,3.0
2,49,198,3.0
2,49,199,3.0
2,49,200,3.0
2,49,201,0.0
2,49,202,0.0
2,49,203,0.0
2,49,204,2.0
2,49,205,2.0
2,49,206,3.0
2,49,207,-0.0
2,49,208,-0.0
2,49,209,2.0
2,49,210,3.0
2,49,211,3.0
2,49,212,3.0
2,49,213,0.0
2,49,214,3.0
2,49,215,0.0
2,49,216,-0.0
2,49,217,-0.0
2,49,218,3.0
2,49,219,0.0
2,49,220,-0.0
2,49,221,3.0
2,49,222,2.0
2,49,223,0.0
2,49,224,-0.0
2,49,225,-0.0
2,49,226,3.0
2,49,227,2.0
2,49,228,0.0
2,49,229,-0.0
2,49,230,-0.0
2,49,231,3.0
2,49,232,3.0
2,49,233,0.0
2,49,234,-0.0
2,49,235,3.0
2,49,236,-0.0
2,49,237,-0.0
2,49,238,3.0
2,49,239,3.0
2,49,240,-0.0
2,49,241,0.0
2,49,242,0.0
2,49,243,3.0
2,49,244,0.0
2,49,245,0.0
2,49,246,0.0
2,49,247,1.0
2,49,248,0.0
2,49,249,6.0
2,49,250,3.0
2,49,251,3.0
2,49,252,0.0
2,49,253,3.0
2,49,254,-0.0
2,49,255,-0.0
2,49,256,3.0
2,49,257,3.0
2,49,258,0.0
2,49,259,0.0
2,49,260,3.0
2,49,261,0.0
2,49,262,0.0
2,49,263,3.0
2,49,264,3.0
2,49,265,0.0
2,49,266,0.0
2,49,267,0.0
2,49,268,-0.0
2,49,269,0.0
2,49,270,3.0
2,49,271,0.0
2,49,272,-0.0
2,49,273,3.0
2,49,274,3.0
2,49,275,0.0
2,49,276,0.0
2,49,277,3.0
2,49,278,0.0
2,49,279,-0.0
2,49,280,0.0
2,49,281,-0.0
2,49,282,3.0
2,49,283,0.0
2,49,284,0.0
2,49,285,0.0
2,49,286,0.0
2,49,287,3.0
2,49,288,3.0
2,49,289,3.0
2,49,290,3.0
2,49,291,-0.0
2,49,292,0.0
2,49,293,3.0
2,49,294,3.0
2,49,295,-0.0
2,49,296,3.0
2,49,297,0.0
2,49,298,0.0
2,49,299,0.0
2,49,300,2.0
2,49,301,-0.0
2,49,302,0.0
2,49,303,-0.0
2,49,304,0.0
2,49,305,-0.0
2,49,306,3.0
2,49,307,-0.0
2,49,308,2.0
2,49,309,-0.0
2,49,310,3.0
2,49,311,3.0
2,49,312,3.0
2,49,313,3.0
2,49,314,0.0
2,49,315,3.0
2,49,316,-0.0
2,49,317,0.0
2,49,318,3.0
2,49,319,0.0
2,49,320,-0.0
2,49,321,3.0
2,49,322,1.0
2,49,323,0.0
2,49,324,1.0
2,49,325,3.0
2,49,326,0.0
2,49,327,0.0
2,49,328,-0.0
2,49,329,0.0
2,49,330,0.0
2,49,331,2.0
2,49,332,3.0
2,49,333,3.0
2,49,334,0.0
2,49,335,3.0
2,49,336,3.0
2,49,337,0.0
2,49,338,-0.0
2,49,339,3.0
2,49,340,-0.0
2,49,341,0.0
2,49,342,0.0
2,49,343,2.0
2,49,344,0.0
2,49,345,-0.0
2,49,346,1.0
2,49,347,0.0
2,49,348,2.0
2,49,349,2.0
2,49,350,-0.0
2,49,351,2.0
2,49,352,-0.0
2,49,353,-0.0
2,49,354,-0.0
2,49,355,4.0
2,49,356,2.0
2,49,357,0.0
2,49,358,-0.0
2,49,359,-0.0
2,49,360,-0.0
85,65,0,0.0
85,65,1,0.0
85,65,2,0.0
85,65,3,0.0
85,65,4,-0.0
85,65,5,-0.0
85,65,6,-0.0
85,65,7,-0.0
85,65,8,-0.0
85,65,9,-0.0
85,65,10,-0.0
85,65,11,-0.0
85,65,12,-0.0
85,65,13,-0.0
85,65,14,-0.0
85,65,15,-0.0
85,65,16,-0.0
85,65,17,-0.0
85,65,18,-0.0
85,65,19,-0.0
85,65,20,-0.0
85,65,21,-0.0
85,65,22,-0.0
85,65,23,-0.0
85,65,24,-0.0
85,65,25,-0.0
85,65,26,-0.0
85,65,27,-0.0
85,65,28,-0.0
85,65,29,-0.0
85,65,30,-0.0
85,65,31,0.0
85,65,32,-0.0
85,65,33,-0.0
85,65,34,0.0
85,65,35,-0.0
85,65,36,-0.0
85,65,37,-0.0
85,65,38,-0.0
85,65,39,-0.0
85,65,40,-0.0
85,65,41,-0.0
85,65,42,-0.0
85,65,43,-0.0
85,65,44,-0.0
85,65,45,-0.0
85,65,46,-0.0
85,65,47,-0.0
85,65,48,-0.0
85,65,49,-0.0
85,65,50,-0.0
85,65,51,-0.0
85,65,52,-0.0
85,65,53,0.0
85,65,54,0.0
85,65,55,-0.0
85,65,56,-0.0
85,65,57,-0.0
85,65,58,-0.0
85,65,59,-0.0
85,65,60,-0.0
85,65,61,-0.0
85,65,62,-0.0
85,65,63,-0.0
85,65,64,-0.0
85,65,65,-0.0
85,65,66,-0.0
85,65,67,0.0
85,65,68,-0.0
85,65,69,-0.0
85,65,70,-0.0
85,65,71,-0.0
85,65,72,-0.0
85,65,73,-0.0
85,65,74,-0.0
85,65,75,-0.0
85,65,76,-0.0
85,65,77,-0.0
85,65,78,-0.0
85,65,79,-0.0
85,65,80,-0.0
85,65,81,-0.0
85,65,82,-0.0
85,65,83,-0.0
85,65,84,-0.0
85,65,85,-0.0
85,65,86,-0.0
85,65,87,-0.0
85,65,88,-0.0
85,65,89,-0.0
85,65,90,-0.0
85,65,91,-0.0
85,65,92,-0.0
85,65,93,-0.0
85,65,94,-0.0
85,65,95,-0.0
85,65,96,-0.0
85,65,97,-0.0
85,65,98,-0.0
85,65,99,-0.0
85,65,100,-0.0
85,65,101,-0.0
85,65,102,-0.0
85,65,103,-0.0
85,65,104,-0.0
85,65,105,-0.0
85,65,106,-0.0
85,65,107,-0.0
85,65,108,-0.0
85,65,109,-0.0
85,65,110,-0.0
85,65,111,-0.0
85,65,112,-0.0
85,65,113,-0.0
85,65,114,-0.0
85,65,115,-0.0
85,65,116,-0.0
85,65,117,-0.0
85,65,118,-0.0
85,65,119,-0.0
85,65,120,-0.0
85,65,121,-0.0
85,65,122,-0.0
85,65,123,-0.0
85,65,124,-0.0
85,65,125,-0.0
85,65,126,-0.0
85,65,127,-0.0
85,65,128,-0.0
85,65,129,-0.0
85,65,130,-0.0
85,65,131,0.0
85,65,132,-0.0
85,65,133,-0.0
85,65,134,-0.0
85,65,135,-0.0
85,65,136,-0.0
85,65,137,-0.0
85,65,138,-0.0
85,65,139,-0.0
85,65,140,-0.0
85,65,141,-0.0
85,65,142,-0.0
85,65,143,-0.0
85,65,144,-0.0
85,65,145,-0.0
85,65,146,-0.0
85,65,147,-0.0
85,65,148,-0.0
85,65,149,-0.0
85,65,150,-0.0
85,65,151,-0.0
85,65,152,-0.0
85,65,153,-0.0
85,65,154,-0.0
85,65,155,-0.0
85,65,156,-0.0
85,65,157,-0.0
85,65,158,-0.0
85,65,159,-0.0
85,65,160,-0.0
85,65,161,0.0
85,65,162,-0.0
85,65,163,0.0
85,65,164,-0.0
85,65,165,-0.0
85,65,166,-0.0
85,65,167,-0.0
85,65,168,-0.0
85,65,169,-0.0
85,65,170,-0.0
85,65,171,-0.0
85,65,172,-0.0
85,65,173,-0.0
85,65,174,-0.0
85,65,175,-0.0
85,65,176,-0.0
85,65,177,-0.0
85,65,178,-0.0
85,65,179,-0.0
85,65,180,-0.0
85,65,181,-0.0
85,65,182,0.0
85,65,183,-0.0
85,65,184,-0.0
85,65,185,-0.0
85,65,186,-0.0
85,65,187,-0.0
85,65,188,-0.0
85,65,189,-0.0
85,65,190,-0.0
85,65,191,-0.0
85,65,192,-0.0
85,65,193,-0.0
85,65,194,0.0
85,65,195,0.0
85,65,196,-0.0
85,65,197,0.0
85,65,198,-0.0
85,65,199,-0.0
85,65,200,0.0
85,65,201,-0.0
85,65,202,-0.0
85,65,203,-0.0
85,65,204,-0.0
85,65,205,-0.0
85,65,206,-0.0
85,65,207,-0.0
85,65,208,-0.0
85,65,209,-0.0
85,65,210,-0.0
85,65,211,-0.0
85,65,212,-0.0
85,65,213,-0.0
85,65,214,-0.0
85,65,215,-0.0
85,65,216,-0.0
85,65,217,-0.0
85,65,218,0.0
85,65,219,-0.0
85,65,220,-0.0
85,65,221,-0.0
85,65,222,-0.0
85,65,223,-0.0
85,65,224,-0.0
85,65,225,-0.0
85,65,226,-0.0
85,65,227,-0.0
85,65,228,-0.0
85,65,229,-0.0
85,65,230,-0.0
85,65,231,-0.0
85,65,232,0.0
85,65,233,-0.0
85,65,234,-0.0
85,65,235,-0.0
85,65,236,-0.0
85,65,237,-0.0
85,65,238,-0.0
85,65,239,-0.0
85,65,240,-0.0
85,65,241,-0.0
85,65,242,-0.0
85,65,243,0.0
85,65,244,-0.0
85,65,245,-0.0
85,65,246,-0.0
85,65,247,-0.0
85,65,248,-0.0
85,65,249,-0.0
85,65,250,-0.0
85,65,251,-0.0
85,65,252,0.0
85,65,253,0.0
85,65,254,-0.0
85,65,255,-0.0
85,65,256,-0.0
85,65,257,-0.0
85,65,258,-0.0
85,65,259,-0.0
85,65,260,-0.0
85,65,261,-0.0
85,65,262,-0.0
85,65,263,-0.0
85,65,264,-0.0
85,65,265,-0.0
85,65,266,0.0
85,65,267,-0.0
85,65,268,-0.0
85,65,269,-0.0
85,65,270,-0.0
85,65,271,-0.0
85,65,272,-0.0
85,65,273,-0.0
85,65,274,0.0
85,65,275,-0.0
85,65,276,-0.0
85,65,277,-0.0
85,65,278,-0.0
85,65,279,-0.0
85,65,280,-0.0
85,65,281,-0.0
85,65,282,-0.0
85,65,283,-0.0
85,65,284,-0.0
85,65,285,0.0
85,65,286,-0.0
85,65,287,-0.0
85,65,288,-0.0
85,65,289,-0.0
85,65,290,-0.0
85,65,291,-0.0
85,65,292,-0.0
85,65,293,-0.0
85,65,294,-0.0
85,65,295,-0.0
85,65,296,-0.0
85,65,297,-0.0
85,65,298,-0.0
85,65,299,-0.0
85,65,300,-0.0
85,65,301,-0.0
85,65,302,-0.0
85,65,303,-0.0
85,65,304,0.0
85,65,305,0.0
85,65,306,-0.0
85,65,307,-0.0
85,65,308,-0.0
85,65,309,-0.0
85,65,310,-0.0
85,65,311,-0.0
85,65,312,-0.0
85,65,313,-0.0
85,65,314,-0.0
85,65,315,-0.0
85,65,316,-0.0
85,65,317,-0.0
85,65,318,-0.0
85,65,319,-0.0
85,65,320,-0.0
85,65,321,-0.0
85,65,322,-0.0
85,65,323,-0.0
85,65,324,-0.0
85,65,325,-0.0
85,65,326,-0.0
85,65,327,-0.0
85,65,328,-0.0
85,65,329,-0.0
85,65,330,-0.0
85,65,331,-0.0
85,65,332,-0.0
85,65,333,-0.0
85,65,334,-0.0
85,65,335,-0.0
85,65,336,-0.0
85,65,337,-0.0
85,65,338,0.0
85,65,339,-0.0
85,65,340,-0.0
85,65,341,-0.0
85,65,342,-0.0
85,65,343,-0.0
85,65,344,-0.0
85,65,345,-0.0
85,65,346,-0.0
85,65,347,-0.0
85,65,348,-0.0
85,65,349,-0.0
85,65,350,-0.0
85,65,351,-0.0
85,65,352,-0.0
85,65,353,-0.0
85,65,354,0.0
85,65,355,-0.0
85,65,356,-0.0
85,65,357,-0.0
85,65,358,-0.0
85,65,359,-0.0
85,65,360,-0.0
40,42,0,0.0
40,42,1,0.0
40,42,2,0.0
40,42,3,0.0
40,42,4,0.0
40,42,5,-0.0
40,42,6,11.0
40,42,7,0.0
40,42,8,11.0
40,42,9,0.0
40,42,10,0.0
40,42,11,0.0
40,42,12,0.0
40,42,13,0.0
40,42,14,0.0
40,42,15,0.0
40,42,16,0.0
40,42,17,11.0
40,42,18,-0.0
40,42,19,0.0
40,42,20,0.0
40,42,21,0.0
40,42,22,0.0
40,42,23,0.0
40,42,24,-0.0
40,42,25,0.0
40,42,26,-0.0
40,42,27,0.0
40,42,28,-0.0
40,42,29,0.0
40,42,30,0.0
40,42,31,0.0
40,42,32,0.0
40,42,33,0.0
40,42,34,-0.0
40,42,35,0.0
40,42,36,0.0
40,42,37,-0.0
40,42,38,-0.0
40,42,39,0.0
40,42,40,0.0
40,42,41,0.0
40,42,42,0.0
40,42,43,0.0
40,42,44,0.0
40,42,45,0.0
40,42,46,0.0
40,42,47,0.0
40,42,48,0.0
40,42,49,-0.0
40,42,50,-0.0
40,42,51,0.0
40,42,52,0.0
40,42,53,0.0
40,42,54,0.0
40,42,55,0.0
40,42,56,0.0
40,42,57,0.0
40,42,58,0.0
40,42,59,0.0
40,42,60,6.0
40,42,61,11.0
40,42,62,0.0
40,42,63,0.0
40,42,64,-0.0
40,42,65,0.0
40,42,66,0.0
40,42,67,0.0
40,42,68,0.0
40,42,69,0.0
40,42,70,0.0
40,42,71,0.0
40,42,72,0.0
40,42,73,0.0
40,42,74,0.0
40,42,75,6.0
40,42,76,6.0
40,42,77,0.0
40,42,78,2.0
40,42,79,0.0
40,42,80,9.0
40,42,81,8.0
40,42,82,0.0
40,42,83,6.0
40,42,84,6.0
40,42,85,0.0
40,42,86,0.0
40,42,87,0.0
40,42,88,6.0
40,42,89,0.0
40,42,90,0.0
40,42,91,0.0
40,42,92,0.0
40,42,93,0.0
40,42,94,3.0
40,42,95,9.0
40,42,96,0.0
40,42,97,0.0
40,42,98,0.0
40,42,99,6.0
40,42,100,-0.0
40,42,101,4.0
40,42,102,0.0
40,42,103,0.0
40,42,104,0.0
40,42,105,0.0
40,42,106,0.0
40,42,107,-0.0
40,42,108,0.0
40,42,109,0.0
40,42,110,0.0
40,42,111,0.0
40,42,112,0.0
40,42,113,0.0
40,42,114,0.0
40,42,115,0.0
40,42,116,0.0
40,42,117,0.0
40,42,118,0.0
40,42,119,0.0
40,42,120,0.0
40,42,121,0.0
40,42,122,0.0
40,42,123,0.0
40,42,124,0.0
40,42,125,0.0
40,42,126,0.0
40,42,127,0.0
40,42,128,0.0
40,42,129,0.0
40,42,130,0.0
40,42,131,0.0
40,42,132,0.0
40,42,133,0.0
40,42,134,0.0
40,42,135,0.0
40,42,136,0.0
40,42,137,0.0
40,42,138,3.0
40,42,139,1.0
40,42,140,6.0
40,42,141,0.0
40,42,142,9.0
40,42,143,-0.0
40,42,144,11.0
40,42,145,0.0
40,42,146,6.0
40,42,147,0.0
40,42,148,6.0
40,42,149,6.0
40,42,150,-0.0
40,42,151,0.0
40,42,152,-0.0
40,42,153,0.0
40,42,154,0.0
40,42,155,6.0
40,42,156,9.0
40,42,157,6.0
40,42,158,0.0
40,42,159,0.0
40,42,160,0.0
40,42,161,6.0
40,42,162,6.0
40,42,163,0.0
40,42,164,6.0
40,42,165,7.0
40,42,166,0.0
40,42,167,6.0
40,42,168,6.0
40,42,169,0.0
40,42,170,0.0
40,42,171,6.0
40,42,172,0.0
40,42,173,0.0
40,42,174,0.0
40,42,175,0.0
40,42,176,0.0
40,42,177,-0.0
40,42,178,0.0
40,42,179,9.0
40,42,180,0.0
40,42,181,0.0
40,42,182,0.0
40,42,183,0.0
40,42,184,0.0
40,42,185,0.0
40,42,186,-0.0
40,42,187,0.0
40,42,188,-0.0
40,42,189,0.0
40,42,190,0.0
40,42,191,0.0
40,42,192,0.0
40,42,193,0.0
40,42,194,0.0
40,42,195,0.0
40,42,196,0.0
40,42,197,6.0
40,42,198,0.0
40,42,199,0.0
40,42,200,-0.0
40,42,201,0.0
40,42,202,0.0
40,42,203,0.0
40,42,204,0.0
40,42,205,0.0
40,42,206,0.0
40,42,207,0.0
40,42,208,6.0
40,42,209,6.0
40,42,210,6.0
40,42,211,0.0
40,42,212,0.0
40,42,213,11.0
40,42,214,0.0
40,42,215,6.0
40,42,216,-0.0
40,42,217,0.0
40,42,218,0.0
40,42,219,0.0
40,42,220,0.0
40,42,221,-0.0
40,42,222,0.0
40,42,223,0.0
40,42,224,0.0
40,42,225,0.0
40,42,226,0.0
40,42,227,0.0
40,42,228,0.0
40,42,229,6.0
40,42,230,0.0
40,42,231,-0.0
40,42,232,0.0
40,42,233,-0.0
40,42,234,0.0
40,42,235,0.0
40,42,236,3.0
40,42,237,0.0
40,42,238,0.0
40,42,239,0.0
40,42,240,3.0
40,42,241,-0.0
40,42,242,6.0
40,42,243,-0.0
40,42,244,0.0
40,42,245,-0.0
40,42,246,6.0
40,42,247,0.0
40,42,248,9.0
40,42,249,6.0
40,42,250,0.0
40,42,251,6.0
40,42,252,11.0
40,42,253,0.0
40,42,254,0.0
40,42,255,0.0
40,42,256,0.0
40,42,257,-0.0
40,42,258,3.0
40,42,259,0.0
40,42,260,0.0
40,42,261,11.0
40,42,262,0.0
40,42,263,6.0
40,42,264,0.0
40,42,265,0.0
40,42,266,0.0
40,42,267,0.0
40,42,268,0.0
40,42,269,9.0
40,42,270,6.0
40,42,271,0.0
40,42,272,0.0
40,42,273,0.0
40,42,274,0.0
40,42,275,0.0
40,42,276,0.0
40,42,277,0.0
40,42,278,6.0
40,42,279,0.0
40,42,280,-0.0
40,42,281,0.0
40,42,282,0.0
40,42,283,0.0
40,42,284,-0.0
40,42,285,0.0
40,42,286,0.0
40,42,287,0.0
40,42,288,6.0
40,42,289,6.0
40,42,290,0.0
40,42,291,0.0
40,42,292,0.0
40,42,293,0.0
40,42,294,6.0
40,42,295,9.0
40,42,296,6.0
40,42,297,6.0
40,42,298,6.0
40,42,299,9.0
40,42,300,6.0
40,42,301,0.0
40,42,302,0.0
40,42,303,0.0
40,42,304,0.0
40,42,305,0.0
40,42,306,6.0
40,42,307,6.0
40,42,308,-0.0
40,42,309,0.0
40,42,310,0.0
40,42,311,0.0
40,42,312,6.0
40,42,313,-0.0
40,42,314,0.0
40,42,315,-0.0
40,42,316,0.0
40,42,317,-0.0
40,42,318,0.0
40,42,319,-0.0
40,42,320,-0.0
40,42,321,0.0
40,42,322,0.0
40,42,323,0.0
40,42,324,-0.0
40,42,325,3.0
40,42,326,0.0
40,42,327,0.0
40,42,328,0.0
40,42,329,6.0
40,42,330,0.0
40,42,331,0.0
40,42,332,0.0
40,42,333,0.0
40,42,334,0.0
40,42,335,0.0
40,42,336,0.0
40,42,337,0.0
40,42,338,9.0
40,42,339,6.0
40,42,340,-0.0
40,42,341,6.0
40,42,342,0.0
40,42,343,6.0
40,42,344,0.0
40,42,345,6.0
40,42,346,0.0
40,42,347,0.0
40,42,348,0.0
40,42,349,0.0
40,42,350,-0.0
40,42,351,0.0
40,42,352,0.0
40,42,353,0.0
40,42,354,0.0
40,42,355,-0.0
40,42,356,-0.0
40,42,357,0.0
40,42,358,0.0
40,42,359,0.0
40,42,360,-0.0
6,104,0,0.0
6,104,1,0.0
6,104,2,0.0
6,104,3,0.0
6,104,4,0.0
6,104,5,-0.0
6,104,6,0.0
6,104,7,0.0
6,104,8,0.0
6,104,9,0.0
6,104,10,0.0
6,104,11,0.0
6,104,12,0.0
6,104,13,0.0
6,104,14,0.0
6,104,15,0.0
6,104,16,0.0
6,104,17,-0.0
6,104,18,0.0
6,104,19,0.0
6,104,20,0.0
6,104,21,0.0
6,104,22,-0.0
6,104,23,0.0
6,104,24,0.0
6,104,25,0.0
6,104,26,0.0
6,104,27,-0.0
6,104,28,0.0
6,104,29,0.0
6,104,30,0.0
6,104,31,0.0
6,104,32,-0.0
6,104,33,0.0
6,104,34,-0.0
6,104,35,0.0
6,104,36,0.0
6,104,37,0.0
6,104,38,-0.0
6,104,39,-0.0
6,104,40,-0.0
6,104,41,0.0
6,104,42,-0.0
6,104,43,-0.0
6,104,44,-0.0
6,104,45,-0.0
6,104,46,0.0
6,104,47,-0.0
6,104,48,-0.0
6,104,49,-0.0
6,104,50,-0.0
6,104,51,-0.0
6,104,52,-0.0
6,104,53,0.0
6,104,54,-0.0
6,104,55,-0.0
6,104,56,-0.0
6,104,57,-0.0
6,104,58,-0.0
6,104,59,-0.0
6,104,60,-0.0
6,104,61,-0.0
6,104,62,0.0
6,104,63,0.0
6,104,64,0.0
6,104,65,0.0
6,104,66,0.0
6,104,67,0.0
6,104,68,0.0
6,104,69,0.0
6,104,70,-0.0
6,104,71,0.0
6,104,72,0.0
6,104,73,0.0
6,104,74,0.0
6,104,75,0.0
6,104,76,-0.0
6,104,77,0.0
6,104,78,0.0
6,104,79,0.0
6,104,80,0.0
6,104,81,0.0
6,104,82,0.0
6,104,83,0.0
6,104,84,0.0
6,104,85,0.0
6,104,86,0.0
6,104,87,0.0
6,104,88,0.0
6,104,89,0.0
6,104,90,0.0
6,104,91,0.0
6,104,92,0.0
6,104,93,0.0
6,104,94,0.0
6,104,95,0.0
6,104,96,0.0
6,104,97,0.0
6,104,98,-0.0
6,104,99,0.0
6,104,100,0.0
6,104,101,-0.0
6,104,102,-0.0
6,104,103,0.0
6,104,104,0.0
6,104,105,0.0
6,104,106,0.0
6,104,107,0.0
6,104,108,0.0
6,104,109,0.0
6,104,110,0.0
6,104,111,0.0
6,104,112,0.0
6,104,113,0.0
6,104,114,0.0
6,104,115,0.0
6,104,116,-0.0
6,104,117,-0.0
6,104,118,0.0
6,104,119,0.0
6,104,120,0.0
6,104,121,0.0
6,104,122,0.0
6,104,123,0.0
6,104,124,0.0
6,104,125,0.0
6,104,126,-0.0
6,104,127,0.0
6,104,128,0.0
6,104,129,0.0
6,104,130,0.0
6,104,131,0.0
6,104,132,0.0
6,104,133,0.0
6,104,134,0.0
6,104,135,0.0
6,104,136,0.0
6,104,137,0.0
6,104,138,0.0
6,104,139,0.0
6,104,140,0.0
6,104,141,0.0
6,104,142,-0.0
6,104,143,-0.0
6,104,144,0.0
6,104,145,0.0
6,104,146,0.0
6,104,147,0.0
6,104,148,0.0
6,104,149,0.0
6,104,150,0.0
6,104,151,0.0
6,104,152,0.0
6,104,153,0.0
6,104,154,0.0
6,104,155,0.0
6,104,156,0.0
6,104,157,0.0
6,104,158,0.0
6,104,159,0.0
6,104,160,0.0
6,104,161,0.0
6,104,162,0.0
6,104,163,0.0
6,104,164,0.0
6,104,165,0.0
6,104,166,0.0
6,104,167,0.0
6,104,168,0.0
6,104,169,0.0
6,104,170,0.0
6,104,171,0.0
6,104,172,0.0
6,104,173,0.0
6,104,174,0.0
6,104,175,0.0
6,104,176,0.0
6,104,177,0.0
6,104,178,0.0
6,104,179,0.0
6,104,180,0.0
6,104,181,0.0
6,104,182,0.0
6,104,183,0.0
6,104,184,0.0
6,104,185,0.0
6,104,186,0.0
6,104,187,0.0
6,104,188,0.0
6,104,189,0.0
6,104,190,0.0
6,104,191,0.0
6,104,192,0.0
6,104,193,0.0
6,104,194,0.0
6,104,195,0.0
6,104,196,0.0
6,104,197,0.0
6,104,198,0.0
6,104,199,0.0
6,104,200,-0.0
6,104,201,0.0
6,104,202,0.0
6,104,203,-0.0
6,104,204,0.0
6,104,205,0.0
6,104,206,-0.0
6,104,207,0.0
6,104,208,0.0
6,104,209,0.0
6,104,210,0.0
6,104,211,0.0
6,104,212,0.0
6,104,213,-0.0
6,104,214,0.0
6,104,215,0.0
6,104,216,-0.0
6,104,217,0.0
6,104,218,0.0
6,104,219,0.0
6,104,220,0.0
6,104,221,0.0
6,104,222,0.0
6,104,223,0.0
6,104,224,0.0
6,104,225,0.0
6,104,226,0.0
6,104,227,0.0
6,104,228,0.0
6,104,229,0.0
6,104,230,0.0
6,104,231,0.0
6,104,232,0.0
6,104,233,0.0
6,104,234,0.0
6,104,235,0.0
6,104,236,0.0
6,104,237,0.0
6,104,238,0.0
6,104,239,0.0
6,104,240,0.0
6,104,241,0.0
6,104,242,0.0
6,104,243,0.0
6,104,244,0.0
6,104,245,0.0
6,104,246,0.0
6,104,247,0.0
6,104,248,0.0
6,104,249,-0.0
6,104,250,0.0
6,104,251,0.0
6,104,252,0.0
6,104,253,0.0
6,104,254,0.0
6,104,255,0.0
6,104,256,0.0
6,104,257,0.0
6,104,258,0.0
6,104,259,0.0
6,104,260,0.0
6,104,261,0.0
6,104,262,0.0
6,104,263,0.0
6,104,264,0.0
6,104,265,0.0
6,104,266,0.0
6,104,267,0.0
6,104,268,0.0
6,104,269,0.0
6,104,270,0.0
6,104,271,0.0
6,104,272,0.0
6,104,273,0.0
6,104,274,0.0
6,104,275,0.0
6,104,276,0.0
6,104,277,-0.0
6,104,278,-0.0
6,104,279,0.0
6,104,280,0.0
6,104,281,0.0
6,104,282,0.0
6,104,283,0.0
6,104,284,0.0
6,104,285,0.0
6,104,286,0.0
6,104,287,0.0
6,104,288,0.0
6,104,289,0.0
6,104,290,0.0
6,104,291,0.0
6,104,292,0.0
6,104,293,0.0
6,104,294,-0.0
6,104,295,0.0
6,104,296,0.0
6,104,297,0.0
6,104,298,0.0
6,104,299,0.0
6,104,300,0.0
6,104,301,0.0
6,104,302,0.0
6,104,303,0.0
6,104,304,-0.0
6,104,305,0.0
6,104,306,0.0
6,104,307,0.0
6,104,308,0.0
6,104,309,0.0
6,104,310,0.0
6,104,311,0.0
6,104,312,0.0
6,104,313,0.0
6,104,314,0.0
6,104,315,0.0
6,104,316,0.0
6,104,317,0.0
6,104,318,0.0
6,104,319,0.0
6,104,320,0.0
6,104,321,0.0
6,104,322,0.0
6,104,323,0.0
6,104,324,0.0
6,104,325,-0.0
6,104,326,0.0
6,104,327,-0.0
6,104,328,0.0
6,104,329,0.0
6,104,330,0.0
6,104,331,0.0
6,104,332,0.0
6,104,333,0.0
6,104,334,0.0
6,104,335,-0.0
6,104,336,0.0
6,104,337,-0.0
6,104,338,0.0
6,104,339,0.0
6,104,340,0.0
6,104,341,0.0
6,104,342,0.0
6,104,343,0.0
6,104,344,0.0
6,104,345,0.0
6,104,346,0.0
6,104,347,-0.0
6,104,348,0.0
6,104,349,-0.0
6,104,350,-0.0
6,104,351,0.0
6,104,352,0.0
6,104,353,0.0
6,104,354,-0.0
6,104,355,-0.0
6,104,356,0.0
6,104,357,0.0
6,104,358,-0.0
6,104,359,-0.0
6,104,360,-0.0
89,99,0,0.0
89,99,1,0.0
89,99,2,0.0
89,99,3,-0.0
89,99,4,-0.0
89,99,5,0.0
89,99,6,-0.0
89,99,7,-0.0
89,99,8,-0.0
89,99,9,-0.0
89,99,10,-0.0
89,99,11,-0.0
89,99,12,-0.0
89,99,13,-0.0
89,99,14,-0.0
89,99,15,-0.0
89,99,16,-0.0
89,99,17,-0.0
89,99,18,-0.0
89,99,19,-0.0
89,99,20,-0.0
89,99,21,-0.0
89,99,22,-0.0
89,99,23,-0.0
89,99,24,-0.0
89,99,25,-0.0
89,99,26,0.0
89,99,27,0.0
89,99,28,-0.0
89,99,29,-0.0
89,99,30,-0.0
89,99,31,-0.0
89,99,32,-0.0
89,99,33,-0.0
89,99,34,-0.0
89,99,35,-0.0
89,99,36,-0.0
89,99,37,-0.0
89,99,38,-0.0
89,99,39,-0.0
89,99,40,-0.0
89,99,41,-0.0
89,99,42,-0.0
89,99,43,-0.0
89,99,44,-0.0
89,99,45,-0.0
89,99,46,-0.0
89,99,47,0.0
89,99,48,-0.0
89,99,49,-0.0
89,99,50,-0.0
89,99,51,-0.0
89,99,52,-0.0
89,99,53,-0.0
89,99,54,0.0
89,99,55,-0.0
89,99,56,-0.0
89,99,57,0.0
89,99,58,-0.0
89,99,59,0.0
89,99,60,-0.0
89,99,61,-0.0
89,99,62,0.0
89,99,63,-0.0
89,99,64,-0.0
89,99,65,-0.0
89,99,66,-0.0
89,99,67,-0.0
89,99,68,-0.0
89,99,69,-0.0
89,99,70,-0.0
89,99,71,-0.0
89,99,72,-0.0
89,99,73,0.0
89,99,74,-0.0
89,99,75,-0.0
89,99,76,-0.0
89,99,77,-0.0
89,99,78,-0.0
89,99,79,-0.0
89,99,80,-0.0
89,99,81,0.0
89,99,82,-0.0
89,99,83,-0.0
89,99,84,-0.0
89,99,85,-0.0
89,99,86,-0.0
89,99,87,-0.0
89,99,88,-0.0
89,99,89,-0.0
89,99,90,-0.0
89,99,91,-0.0
89,99,92,-0.0
89,99,93,-0.0
89,99,94,-0.0
89,99,95,0.0
89,99,96,-0.0
89,99,97,-0.0
89,99,98,-0.0
89,99,99,0.0
89,99,100,-0.0
89,99,101,-0.0
89,99,102,0.0
89,99,103,-0.0
89,99,104,-0.0
89,99,105,-0.0
89,99,106,-0.0
89,99,107,-0.0
89,99,108,0.0
89,99,109,-0.0
89,99,110,-0.0
89,99,111,-0.0
89,99,112,-0.0
89,99,113,-0.0
89,99,114,-0.0
89,99,115,-0.0
89,99,116,-0.0
89,99,117,-0.0
89,99,118,-0.0
89,99,119,0.0
89,99,120,-0.0
89,99,121,-0.0
89,99,122,-0.0
89,99,123,0.0
89,99,124,-0.0
89,99,125,-0.0
89,99,126,-0.0
89,99,127,-0.0
89,99,128,-0.0
89,99,129,-0.0
89,99,130,-0.0
89,99,131,-0.0
89,99,132,-0.0
89,99,133,-0.0
89,99,134,-0.0
89,99,135,-0.0
89,99,136,-0.0
89,99,137,-0.0
89,99,138,-0.0
89,99,139,-0.0
89,99,140,-0.0
89,99,141,-0.0
89,99,142,-0.0
89,99,143,-0.0
89,99,144,-0.0
89,99,145,-0.0
89,99,146,-0.0
89,99,147,-0.0
89,99,148,-0.0
89,99,149,-0.0
89,99,150,-0.0
89,99,151,-0.0
89,99,152,-0.0
89,99,153,-0.0
89,99,154,-0.0
89,99,155,-0.0
89,99,156,-0.0
89,99,157,-0.0
89,99,158,-0.0
89,99,159,-0.0
89,99,160,-0.0
89,99,161,-0.0
89,99,162,-0.0
89,99,163,-0.0
89,99,164,-0.0
89,99,165,-0.0
89,99,166,-0.0
89,99,167,-0.0
89,99,168,-0.0
89,99,169,-0.0
89,99,170,-0.0
89,99,171,-0.0
89,99,172,-0.0
89,99,173,-0.0
89,99,174,-0.0
89,99,175,-0.0
89,99,176,-0.0
89,99,177,0.0
89,99,178,-0.0
89,99,179,-0.0
89,99,180,-0.0
89,99,181,0.0
89,99,182,-0.0
89,99,183,-0.0
89,99,184,-0.0
89,99,185,-0.0
89,99,186,-0.0
89,99,187,-0.0
89,99,188,-0.0
89,99,189,-0.0
89,99,190,0.0
89,99,191,-0.0
89,99,192,-0.0
89,99,193,-0.0
89,99,194,-0.0
89,99,195,0.0
89,99,196,-0.0
89,99,197,-0.0
89,99,198,-0.0
89,99,199,-0.0
89,99,200,0.0
89,99,201,-0.0
89,99,202,0.0
89,99,203,-0.0
89,99,204,-0.0
89,99,205,-0.0
89,99,206,-0.0
89,99,207,-0.0
89,99,208,0.0
89,99,209,0.0
89,99,210,-0.0
89,99,211,-0.0
89,99,212,-0.0
89,99,213,-0.0
89,99,214,-0.0
89,99,215,-0.0
89,99,216,0.0
89,99,217,-0.0
89,99,218,0.0
89,99,219,0.0
89,99,220,0.0
89,99,221,0.0
89,99,222,-0.0
89,99,223,-0.0
89,99,224,-0.0
89,99,225,-0.0
89,99,226,-0.0
89,99,227,-0.0
89,99,228,-0.0
89,99,229,-0.0
89,99,230,-0.0
89,99,231,-0.0
89,99,232,-0.0
89,99,233,0.0
89,99,234,0.0
89,99,235,-0.0
89,99,236,-0.0
89,99,237,-0.0
89,99,238,-0.0
89,99,239,-0.0
89,99,240,-0.0
89,99,241,-0.0
89,99,242,-0.0
89,99,243,-0.0
89,99,244,0.0
89,99,245,-0.0
89,99,246,-0.0
89,99,247,-0.0
89,99,248,-0.0
89,99,249,-0.0
89,99,250,-0.0
89,99,251,-0.0
89,99,252,-0.0
89,99,253,0.0
89,99,254,-0.0
89,99,255,-0.0
89,99,256,-0.0
89,99,257,-0.0
89,99,258,-0.0
89,99,259,-0.0
89,99,260,-0.0
89,99,261,-0.0
89,99,262,0.0
89,99,263,-0.0
89,99,264,-0.0
89,99,265,-0.0
89,99,266,-0.0
89,99,267,-0.0
89,99,268,-0.0
89,99,269,0.0
89,99,270,0.0
89,99,271,-0.0
89,99,272,-0.0
89,99,273,-0.0
89,99,274,0.0
89,99,275,-0.0
89,99,276,-0.0
89,99,277,0.0
89,99,278,-0.0
89,99,279,-0.0
89,99,280,-0.0
89,99,281,-0.0
89,99,282,-0.0
89,99,283,-0.0
89,99,284,-0.0
89,99,285,-0.0
89,99,286,-0.0
89,99,287,-0.0
89,99,288,-0.0
89,99,289,0.0
89,99,290,-0.0
89,99,291,-0.0
89,99,292,-0.0
89,99,293,-0.0
89,99,294,-0.0
89,99,295,-0.0
89,99,296,-0.0
89,99,297,0.0
89,99,298,0.0
89,99,299,-0.0
89,99,300,-0.0
89,99,301,-0.0
89,99,302,-0.0
89,99,303,-0.0
89,99,304,-0.0
89,99,305,-0.0
89,99,306,-0.0
89,99,307,0.0
89,99,308,0.0
89,99,309,-0.0
89,99,310,-0.0
89,99,311,-0.0
89,99,312,-0.0
89,99,313,-0.0
89,99,314,-0.0
89,99,315,-0.0
89,99,316,-0.0
89,99,317,-0.0
89,99,318,-0.0
89,99,319,-0.0
89,99,320,0.0
89,99,321,-0.0
89,99,322,-0.0
89,99,323,-0.0
89,99,324,-0.0
89,99,325,-0.0
89,99,326,-0.0
89,99,327,-0.0
89,99,328,-0.0
89,99,329,-0.0
89,99,330,-0.0
89,99,331,-0.0
89,99,332,-0.0
89,99,333,-0.0
89,99,334,-0.0
89,99,335,-0.0
89,99,336,-0.0
89,99,337,-0.0
89,99,338,-0.0
89,99,339,-0.0
89,99,340,0.0
89,99,341,0.0
89,99,342,-0.0
89,99,343,-0.0
89,99,344,0.0
89,99,345,-0.0
89,99,346,-0.0
89,99,347,-0.0
89,99,348,-0.0
89,99,349,-0.0
89,99,350,-0.0
89,99,351,-0.0
89,99,352,-0.0
89,99,353,-0.0
89,99,354,-0.0
89,99,355,-0.0
89,99,356,-0.0
89,99,357,-0.0
89,99,358,-0.0
89,99,359,0.0
89,99,360,-0.0
54,53,0,0.0
54,53,1,0.0
54,53,2,0.0
54,53,3,5.0
54,53,4,0.0
54,53,5,0.0
54,53,6,0.0
54,53,7,0.0
54,53,8,5.0
54,53,9,0.0
54,53,10,0.0
54,53,11,5.0
54,53,12,0.0
54,53,13,0.0
54,53,14,5.0
54,53,15,0.0
54,53,16,0.0
54,53,17,5.0
54,53,18,5.0
54,53,19,0.0
54,53,20,0.0
54,53,21,0.0
54,53,22,0.0
54,53,23,6.0
54,53,24,4.0
54,53,25,5.0
54,53,26,5.0
54,53,27,5.0
54,53,28,0.0
54,53,29,0.0
54,53,30,5.0
54,53,31,0.0
54,53,32,5.0
54,53,33,0.0
54,53,34,5.0
54,53,35,5.0
54,53,36,5.0
54,53,37,0.0
54,53,38,0.0
54,53,39,5.0
54,53,40,5.0
54,53,41,0.0
54,53,42,0.0
54,53,43,0.0
54,53,44,0.0
54,53,45,5.0
54,53,46,0.0
54,53,47,0.0
54,53,48,0.0
54,53,49,0.0
54,53,50,5.0
54,53,51,5.0
54,53,52,5.0
54,53,53,5.0
54,53,54,0.0
54,53,55,0.0
54,53,56,0.0
54,53,57,0.0
54,53,58,0.0
54,53,59,0.0
54,53,60,0.0
54,53,61,5.0
54,53,62,0.0
54,53,63,0.0
54,53,64,0.0
54,53,65,0.0
54,53,66,0.0
54,53,67,0.0
54,53,68,5.0
54,53,69,0.0
54,53,70,0.0
54,53,71,-0.0
54,53,72,0.0
54,53,73,0.0
54,53,74,0.0
54,53,75,0.0
54,53,76,0.0
54,53,77,0.0
54,53,78,5.0
54,53,79,5.0
54,53,80,4.0
54,53,81,0.0
54,53,82,5.0
54,53,83,5.0
54,53,84,6.0
54,53,85,4.0
54,53,86,5.0
54,53,87,0.0
54,53,88,0.0
54,53,89,0.0
54,53,90,0.0
54,53,91,5.0
54,53,92,6.0
54,53,93,4.0
54,53,94,0.0
54,53,95,0.0
54,53,96,0.0
54,53,97,0.0
54,53,98,0.0
54,53,99,0.0
54,53,100,0.0
54,53,101,0.0
54,53,102,4.0
54,53,103,5.0
54,53,104,0.0
54,53,105,0.0
54,53,106,5.0
54,53,107,0.0
54,53,108,-0.0
54,53,109,5.0
54,53,110,0.0
54,53,111,-0.0
54,53,112,5.0
54,53,113,5.0
54,53,114,0.0
54,53,115,6.0
54,53,116,0.0
54,53,117,5.0
54,53,118,-0.0
54,53,119,5.0
54,53,120,0.0
54,53,121,0.0
54,53,122,5.0
54,53,123,0.0
54,53,124,0.0
54,53,125,0.0
54,53,126,0.0
54,53,127,0.0
54,53,128,0.0
54,53,129,5.0
54,53,130,0.0
54,53,131,0.0
54,53,132,0.0
54,53,133,0.0
54,53,134,0.0
54,53,135,0.0
54,53,136,0.0
54,53,137,0.0
54,53,138,0.0
54,53,139,0.0
54,53,140,0.0
54,53,141,0.0
54,53,142,0.0
54,53,143,0.0
54,53,144,0.0
54,53,145,0.0
54,53,146,0.0
54,53,147,0.0
54,53,148,5.0
54,53,149,5.0
54,53,150,0.0
54,53,151,0.0
54,53,152,5.0
54,53,153,0.0
54,53,154,0.0
54,53,155,0.0
54,53,156,0.0
54,53,157,0.0
54,53,158,0.0
54,53,159,0.0
54,53,160,0.0
54,53,161,6.0
54,53,162,0.0
54,53,163,0.0
54,53,164,0.0
54,53,165,0.0
54,53,166,0.0
54,53,167,0.0
54,53,168,0.0
54,53,169,0.0
54,53,170,-0.0
54,53,171,0.0
54,53,172,0.0
54,53,173,0.0
54,53,174,0.0
54,53,175,0.0
54,53,176,0.0
54,53,177,0.0
54,53,178,0.0
54,53,179,0.0
54,53,180,0.0
54,53,181,0.0
54,53,182,5.0
54,53,183,-0.0
54,53,184,5.0
54,53,185,0.0
54,53,186,0.0
54,53,187,5.0
54,53,188,5.0
54,53,189,0.0
54,53,190,-0.0
54,53,191,0.0
54,53,192,0.0
54,53,193,0.0
54,53,194,5.0
54,53,195,0.0
54,53,196,0.0
54,53,197,0.0
54,53,198,0.0
54,53,199,0.0
54,53,200,5.0
54,53,201,5.0
54,53,202,5.0
54,53,203,0.0
54,53,204,0.0
54,53,205,0.0
54,53,206,0.0
54,53,207,5.0
54,53,208,0.0
54,53,209,6.0
54,53,210,4.0
54,53,211,0.0
54,53,212,0.0
54,53,213,0.0
54,53,214,0.0
54,53,215,5.0
54,53,216,5.0
54,53,217,0.0
54,53,218,0.0
54,53,219,0.0
54,53,220,0.0
54,53,221,-0.0
54,53,222,0.0
54,53,223,0.0
54,53,224,0.0
54,53,225,0.0
54,53,226,0.0
54,53,227,5.0
54,53,228,0.0
54,53,229,0.0
54,53,230,0.0
54,53,231,0.0
54,53,232,0.0
54,53,233,0.0
54,53,234,0.0
54,53,235,0.0
54,53,236,0.0
54,53,237,0.0
54,53,238,0.0
54,53,239,5.0
54,53,240,5.0
54,53,241,0.0
54,53,242,0.0
54,53,243,0.0
54,53,244,0.0
54,53,245,5.0
54,53,246,0.0
54,53,247,0.0
54,53,248,0.0
54,53,249,0.0
54,53,250,0.0
54,53,251,0.0
54,53,252,0.0
54,53,253,0.0
54,53,254,0.0
54,53,255,0.0
54,53,256,0.0
54,53,257,5.0
54,53,258,0.0
54,53,259,0.0
54,53,260,5.0
54,53,261,5.0
54,53,262,0.0
54,53,263,0.0
54,53,264,5.0
54,53,265,5.0
54,53,266,5.0
54,53,267,5.0
54,53,268,0.0
54,53,269,0.0
54,53,270,5.0
54,53,271,5.0
54,53,272,0.0
54,53,273,5.0
54,53,274,0.0
54,53,275,0.0
54,53,276,0.0
54,53,277,0.0
54,53,278,5.0
54,53,279,0.0
54,53,280,0.0
54,53,281,0.0
54,53,282,0.0
54,53,283,0.0
54,53,284,0.0
54,53,285,0.0
54,53,286,5.0
54,53,287,0.0
54,53,288,0.0
54,53,289,0.0
54,53,290,0.0
54,53,291,0.0
54,53,292,0.0
54,53,293,0.0
54,53,294,0.0
54,53,295,0.0
54,53,296,-0.0
54,53,297,5.0
54,53,298,5.0
54,53,299,0.0
54,53,300,5.0
54,53,301,5.0
54,53,302,0.0
54,53,303,0.0
54,53,304,5.0
54,53,305,0.0
54,53,306,-0.0
54,53,307,0.0
54,53,308,5.0
54,53,309,0.0
54,53,310,5.0
54,53,311,0.0
54,53,312,0.0
54,53,313,0.0
54,53,314,5.0
54,53,315,5.0
54,53,316,5.0
54,53,317,0.0
54,53,318,6.0
54,53,319,0.0
54,53,320,0.0
54,53,321,5.0
54,53,322,0.0
54,53,323,0.0
54,53,324,0.0
54,53,325,5.0
54,53,326,5.0
54,53,327,2.0
54,53,328,0.0
54,53,329,0.0
54,53,330,0.0
54,53,331,0.0
54,53,332,0.0
54,53,333,0.0
54,53,334,0.0
54,53,335,0.0
54,53,336,0.0
54,53,337,5.0
54,53,338,0.0
54,53,339,5.0
54,53,340,0.0
54,53,341,6.0
54,53,342,4.0
54,53,343,5.0
54,53,344,5.0
54,53,345,0.0
54,53,346,5.0
54,53,347,5.0
54,53,348,0.0
54,53,349,5.0
54,53,350,2.0
54,53,351,5.0
54,53,352,5.0
54,53,353,5.0
54,53,354,0.0
54,53,355,0.0
54,53,356,0.0
54,53,357,0.0
54,53,358,0.0
54,53,359,-0.0
54,53,360,-0.0
64,63,0,0.0
64,63,1,0.0
64,63,2,0.0
64,63,3,0.0
64,63,4,0.0
64,63,5,0.0
64,63,6,0.0
64,63,7,0.0
64,63,8,0.0
64,63,9,0.0
64,63,10,0.0
64,63,11,0.0
64,63,12,0.0
64,63,13,0.0
64,63,14,0.0
64,63,15,0.0
64,63,16,0.0
64,63,17,0.0
64,63,18,0.0
64,63,19,0.0
64,63,20,0.0
64,63,21,0.0
64,63,22,0.0
64,63,23,0.0
64,63,24,0.0
64,63,25,-0.0
64,63,26,0.0
64,63,27,0.0
64,63,28,0.0
64,63,29,0.0
64,63,30,0.0
64,63,31,0.0
64,63,32,0.0
64,63,33,0.0
64,63,34,0.0
64,63,35,0.0
64,63,36,0.0
64,63,37,0.0
64,63,38,0.0
64,63,39,0.0
64,63,40,0.0
64,63,41,0.0
64,63,42,0.0
64,63,43,0.0
64,63,44,0.0
64,63,45,0.0
64,63,46,0.0
64,63,47,0.0
64,63,48,0.0
64,63,49,0.0
64,63,50,0.0
64,63,51,0.0
64,63,52,0.0
64,63,53,0.0
64,63,54,0.0
64,63,55,0.0
64,63,56,0.0
64,63,57,0.0
64,63,58,0.0
64,63,59,0.0
64,63,60,0.0
64,63,61,0.0
64,63,62,0.0
64,63,63,0.0
64,63,64,0.0
64,63,65,0.0
64,63,66,0.0
64,63,67,0.0
64,63,68,0.0
64,63,69,0.0
64,63,70,0.0
64,63,71,0.0
64,63,72,0.0
64,63,73,0.0
64,63,74,0.0
64,63,75,0.0
64,63,76,0.0
64,63,77,0.0
64,63,78,0.0
64,63,79,0.0
64,63,80,0.0
64,63,81,0.0
64,63,82,0.0
64,63,83,0.0
64,63,84,0.0
64,63,85,0.0
64,63,86,0.0
64,63,87,0.0
64,63,88,0.0
64,63,89,0.0
64,63,90,0.0
64,63,91,0.0
64,63,92,0.0
64,63,93,0.0
64,63,94,0.0
64,63,95,0.0
64,63,96,0.0
64,63,97,0.0
64,63,98,0.0
64,63,99,0.0
64,63,100,0.0
64,63,101,0.0
64,63,102,0.0
64,63,103,0.0
64,63,104,0.0
64,63,105,0.0
64,63,106,0.0
64,63,107,0.0
64,63,108,0.0
64,63,109,0.0
64,63,110,0.0
64,63,111,0.0
64,63,112,0.0
64,63,113,0.0
64,63,114,0.0
64,63,115,0.0
64,63,116,0.0
64,63,117,0.0
64,63,118,0.0
64,63,119,0.0
64,63,120,0.0
64,63,121,0.0
64,63,122,0.0
64,63,123,-0.0
64,63,124,0.0
64,63,125,0.0
64,63,126,0.0
64,63,127,0.0
64,63,128,0.0
64,63,129,0.0
64,63,130,0.0
64,63,131,0.0
64,63,132,0.0
64,63,133,0.0
64,63,134,0.0
64,63,135,0.0
64,63,136,0.0
64,63,137,0.0
64,63,138,0.0
64,63,139,0.0
64,63,140,0.0
64,63,141,0.0
64,63,142,-0.0
64,63,143,0.0
64,63,144,0.0
64,63,145,0.0
64,63,146,0.0
64,63,147,0.0
64,63,148,0.0
64,63,149,0.0
64,63,150,0.0
64,63,151,0.0
64,63,152,0.0
64,63,153,0.0
64,63,154,0.0
64,63,155,0.0
64,63,156,0.0
64,63,157,0.0
64,63,158,0.0
64,63,159,0.0
64,63,160,0.0
64,63,161,0.0
64,63,162,0.0
64,63,163,0.0
64,63,164,0.0
64,63,165,0.0
64,63,166,0.0
64,63,167,0.0
64,63,168,-0.0
64,63,169,0.0
64,63,170,0.0
64,63,171,0.0
64,63,172,0.0
64,63,173,0.0
64,63,174,0.0
64,63,175,0.0
64,63,176,-0.0
64,63,177,-0.0
64,63,178,-0.0
64,63,179,0.0
64,63,180,0.0
64,63,181,0.0
64,63,182,0.0
64,63,183,0.0
64,63,184,0.0
64,63,185,0.0
64,63,186,0.0
64,63,187,0.0
64,63,188,0.0
64,63,189,0.0
64,63,190,0.0
64,63,191,0.0
64,63,192,0.0
64,63,193,0.0
64,63,194,0.0
64,63,195,0.0
64,63,196,0.0
64,63,197,0.0
64,63,198,0.0
64,63,199,0.0
64,63,200,0.0
64,63,201,0.0
64,63,202,0.0
64,63,203,0.0
64,63,204,0.0
64,63,205,0.0
64,63,206,0.0
64,63,207,0.0
64,63,208,0.0
64,63,209,0.0
64,63,210,0.0
64,63,211,0.0
64,63,212,0.0
64,63,213,0.0
64,63,214,0.0
64,63,215,0.0
64,63,216,0.0
64,63,217,0.0
64,63,218,0.0
64,63,219,0.0
64,63,220,0.0
64,63,221,0.0
64,63,222,0.0
64,63,223,0.0
64,63,224,0.0
64,63,225,0.0
64,63,226,0.0
64,63,227,0.0
64,63,228,0.0
64,63,229,0.0
64,63,230,0.0
64,63,231,0.0
64,63,232,0.0
64,63,233,0.0
64,63,234,0.0
64,63,235,-0.0
64,63,236,0.0
64,63,237,0.0
64,63,238,0.0
64,63,239,0.0
64,63,240,0.0
64,63,241,0.0
64,63,242,0.0
64,63,243,0.0
64,63,244,0.0
64,63,245,0.0
64,63,246,0.0
64,63,247,0.0
64,63,248,0.0
64,63,249,0.0
64,63,250,0.0
64,63,251,0.0
64,63,252,0.0
64,63,253,0.0
64,63,254,0.0
64,63,255,0.0
64,63,256,0.0
64,63,257,0.0
64,63,258,0.0
64,63,259,0.0
64,63,260,0.0
64,63,261,0.0
64,63,262,0.0
64,63,263,0.0
64,63,264,0.0
64,63,265,0.0
64,63,266,0.0
64,63,267,0.0
64,63,268,-0.0
64,63,269,0.0
64,63,270,0.0
64,63,271,0.0
64,63,272,0.0
64,63,273,0.0
64,63,274,0.0
64,63,275,-0.0
64,63,276,0.0
64,63,277,0.0
64,63,278,0.0
64,63,279,0.0
64,63,280,0.0
64,63,281,0.0
64,63,282,0.0
64,63,283,0.0
64,63,284,0.0
64,63,285,0.0
64,63,286,0.0
64,63,287,0.0
64,63,288,0.0
64,63,289,0.0
64,63,290,0.0
64,63,291,0.0
64,63,292,0.0
64,63,293,0.0
64,63,294,0.0
64,63,295,0.0
64,63,296,0.0
64,63,297,0.0
64,63,298,0.0
64,63,299,0.0
64,63,300,0.0
64,63,301,0.0
64,63,302,0.0
64,63,303,0.0
64,63,304,0.0
64,63,305,0.0
64,63,306,0.0
64,63,307,0.0
64,63,308,0.0
64,63,309,0.0
64,63,310,0.0
64,63,311,0.0
64,63,312,0.0
64,63,313,0.0
64,63,314,0.0
64,63,315,0.0
64,63,316,0.0
64,63,317,0.0
64,63,318,-0.0
64,63,319,0.0
64,63,320,0.0
64,63,321,0.0
64,63,322,0.0
64,63,323,0.0
64,63,324,0.0
64,63,325,0.0
64,63,326,0.0
64,63,327,0.0
64,63,328,0.0
64,63,329,0.0
64,63,330,0.0
64,63,331,0.0
64,63,332,0.0
64,63,333,0.0
64,63,334,0.0
64,63,335,0.0
64,63,336,0.0
64,63,337,0.0
64,63,338,0.0
64,63,339,0.0
64,63,340,0.0
64,63,341,0.0
64,63,342,0.0
64,63,343,0.0
64,63,344,0.0
64,63,345,0.0
64,63,346,0.0
64,63,347,0.0
64,63,348,0.0
64,63,349,0.0
64,63,350,0.0
64,63,351,0.0
64,63,352,-0.0
64,63,353,0.0
64,63,354,0.0
64,63,355,0.0
64,63,356,0.0
64,63,357,0.0
64,63,358,0.0
64,63,359,-0.0
64,63,360,-0.0
25,26,0,0.0
25,26,1,0.0
25,26,2,0.0
25,26,3,0.0
25,26,4,0.0
25,26,5,0.0
25,26,6,0.0
25,26,7,0.0
25,26,8,0.0
25,26,9,0.0
25,26,10,0.0
25,26,11,0.0
25,26,12,0.0
25,26,13,0.0
25,26,14,0.0
25,26,15,0.0
25,26,16,0.0
25,26,17,0.0
25,26,18,0.0
25,26,19,0.0
25,26,20,0.0
25,26,21,0.0
25,26,22,0.0
25,26,23,0.0
25,26,24,0.0
25,26,25,0.0
25,26,26,0.0
25,26,27,0.0
25,26,28,0.0
25,26,29,0.0
25,26,30,0.0
25,26,31,0.0
25,26,32,0.0
25,26,33,0.0
25,26,34,0.0
25,26,35,0.0
25,26,36,0.0
25,26,37,0.0
25,26,38,0.0
25,26,39,0.0
25,26,40,0.0
25,26,41,0.0
25,26,42,0.0
25,26,43,0.0
25,26,44,0.0
25,26,45,0.0
25,26,46,0.0
25,26,47,0.0
25,26,48,0.0
25,26,49,0.0
25,26,50,0.0
25,26,51,0.0
25,26,52,0.0
25,26,53,0.0
25,26,54,0.0
25,26,55,0.0
25,26,56,0.0
25,26,57,0.0
25,26,58,0.0
25,26,59,0.0
25,26,60,0.0
25,26,61,0.0
25,26,62,0.0
25,26,63,0.0
25,26,64,0.0
25,26,65,0.0
25,26,66,0.0
25,26,67,0.0
25,26,68,0.0
25,26,69,0.0
25,26,70,0.0
25,26,71,0.0
25,26,72,0.0
25,26,73,0.0
25,26,74,0.0
25,26,75,0.0
25,26,76,0.0
25,26,77,0.0
25,26,78,0.0
25,26,79,0.0
25,26,80,0.0
25,26,81,0.0
25,26,82,0.0
25,26,83,0.0
25,26,84,0.0
25,26,85,0.0
25,26,86,0.0
25,26,87,-0.0
25,26,88,0.0
25,26,89,0.0
25,26,90,0.0
25,26,91,0.0
25,26,92,-0.0
25,26,93,0.0
25,26,94,0.0
25,26,95,0.0
25,26,96,0.0
25,26,97,-0.0
25,26,98,0.0
25,26,99,0.0
25,26,100,0.0
25,26,101,0.0
25,26,102,0.0
25,26,103,0.0
25,26,104,0.0
25,26,105,0.0
25,26,106,0.0
25,26,107,0.0
25,26,108,0.0
25,26,109,0.0
25,26,110,0.0
25,26,111,0.0
25,26,112,0.0
25,26,113,0.0
25,26,114,0.0
25,26,115,0.0
25,26,116,0.0
25,26,117,0.0
25,26,118,0.0
25,26,119,0.0
25,26,120,0.0
25,26,121,0.0
25,26,122,0.0
25,26,123,0.0
25,26,124,0.0
25,26,125,0.0
25,26,126,0.0
25,26,127,0.0
25,26,128,0.0
25,26,129,0.0
25,26,130,0.0
25,26,131,0.0
25,26,132,0.0
25,26,133,0.0
25,26,134,0.0
25,26,135,0.0
25,26,136,0.0
25,26,137,0.0
25,26,138,0.0
25,26,139,0.0
25,26,140,0.0
25,26,141,0.0
25,26,142,0.0
25,26,143,0.0
25,26,144,0.0
25,26,145,0.0
25,26,146,0.0
25,26,147,0.0
25,26,148,0.0
25,26,149,0.0
25,26,150,0.0
25,26,151,0.0
25,26,152,0.0
25,26,153,0.0
25,26,154,0.0
25,26,155,0.0
25,26,156,0.0
25,26,157,0.0
25,26,158,0.0
25,26,159,0.0
25,26,160,0.0
25,26,161,0.0
25,26,162,0.0
25,26,163,0.0
25,26,164,0.0
25,26,165,0.0
25,26,166,-0.0
25,26,167,0.0
25,26,168,0.0
25,26,169,0.0
25,26,170,0.0
25,26,171,0.0
25,26,172,0.0
25,26,173,0.0
25,26,174,0.0
25,26,175,0.0
25,26,176,0.0
25,26,177,0.0
25,26,178,0.0
25,26,179,0.0
25,26,180,0.0
25,26,181,0.0
25,26,182,0.0
25,26,183,0.0
25,26,184,0.0
25,26,185,0.0
25,26,186,0.0
25,26,187,0.0
25,26,188,0.0
25,26,189,0.0
25,26,190,-0.0
25,26,191,0.0
25,26,192,0.0
25,26,193,0.0
25,26,194,0.0
25,26,195,0.0
25,26,196,0.0
25,26,197,0.0
25,26,198,0.0
25,26,199,0.0
25,26,200,0.0
25,26,201,0.0
25,26,202,0.0
25,26,203,0.0
25,26,204,0.0
25,26,205,0.0
25,26,206,0.0
25,26,207,-0.0
25,26,208,0.0
25,26,209,0.0
25,26,210,0.0
25,26,211,0.0
25,26,212,0.0
25,26,213,0.0
25,26,214,0.0
25,26,215,0.0
25,26,216,0.0
25,26,217,0.0
25,26,218,0.0
25,26,219,0.0
25,26,220,0.0
25,26,221,0.0
25,26,222,0.0
25,26,223,0.0
25,26,224,0.0
25,26,225,0.0
25,26,226,0.0
25,26,227,0.0
25,26,228,0.0
25,26,229,0.0
25,26,230,0.0
25,26,231,0.0
25,26,232,0.0
25,26,233,0.0
25,26,234,0.0
25,26,235,0.0
25,26,236,0.0
25,26,237,0.0
25,26,238,0.0
25,26,239,0.0
25,26,240,0.0
25,26,241,0.0
25,26,242,0.0
25,26,243,0.0
25,26,244,0.0
25,26,245,0.0
25,26,246,0.0
25,26,247,0.0
25,26,248,0.0
25,26,249,0.0
25,26,250,0.0
25,26,251,0.0
25,26,252,0.0
25,26,253,0.0
25,26,254,0.0
25,26,255,0.0
25,26,256,0.0
25,26,257,0.0
25,26,258,0.0
25,26,259,0.0
25,26,260,0.0
25,26,261,0.0
25,26,262,0.0
25,26,263,0.0
25,26,264,0.0
25,26,265,0.0
25,26,266,0.0
25,26,267,0.0
25,26,268,0.0
25,26,269,0.0
25,26,270,0.0
25,26,271,0.0
25,26,272,0.0
25,26,273,0.0
25,26,274,0.0
25,26,275,0.0
25,26,276,0.0
25,26,277,0.0
25,26,278,0.0
25,26,279,-0.0
25,26,280,0.0
25,26,281,0.0
25,26,282,0.0
25,26,283,0.0
25,26,284,0.0
25,26,285,0.0
25,26,286,0.0
25,26,287,0.0
25,26,288,0.0
25,26,289,0.0
25,26,290,0.0
25,26,291,0.0
25,26,292,0.0
25,26,293,0.0
25,26,294,0.0
25,26,295,0.0
25,26,296,0.0
25,26,297,0.0
25,26,298,0.0
25,26,299,0.0
25,26,300,0.0
25,26,301,0.0
25,26,302,0.0
25,26,303,0.0
25,26,304,0.0
25,26,305,0.0
25,26,306,0.0
25,26,307,0.0
25,26,308,0.0
25,26,309,0.0
25,26,310,0.0
25,26,311,0.0
25,26,312,0.0
25,26,313,0.0
25,26,314,0.0
25,26,315,0.0
25,26,316,0.0
25,26,317,0.0
25,26,318,0.0
25,26,319,0.0
25,26,320,0.0
25,26,321,0.0
25,26,322,0.0
25,26,323,0.0
25,26,324,0.0
25,26,325,0.0
25,26,326,0.0
25,26,327,0.0
25,26,328,0.0
25,26,329,0.0
25,26,330,0.0
25,26,331,0.0
25,26,332,0.0
25,26,333,0.0
25,26,334,0.0
25,26,335,0.0
25,26,336,0.0
25,26,337,0.0
25,26,338,0.0
25,26,339,0.0
25,26,340,0.0
25,26,341,0.0
25,26,342,0.0
25,26,343,0.0
25,26,344,0.0
25,26,345,0.0
25,26,346,0.0
25,26,347,0.0
25,26,348,0.0
25,26,349,0.0
25,26,350,0.0
25,26,351,0.0
25,26,352,0.0
25,26,353,0.0
25,26,354,0.0
25,26,355,0.0
25,26,356,-0.0
25,26,357,0.0
25,26,358,0.0
25,26,359,-0.0
25,26,360,-0.0
47,56,0,0.0
47,56,1,0.0
47,56,2,-0.0
47,56,3,-0.0
47,56,4,-0.0
47,56,5,-0.0
47,56,6,-0.0
47,56,7,-0.0
47,56,8,-0.0
47,56,9,-0.0
47,56,10,0.0
47,56,11,0.0
47,56,12,-0.0
47,56,13,-0.0
47,56,14,0.0
47,56,15,-0.0
47,56,16,0.0
47,56,17,-0.0
47,56,18,-0.0
47,56,19,-0.0
47,56,20,-0.0
47,56,21,-0.0
47,56,22,-0.0
47,56,23,-0.0
47,56,24,-0.0
47,56,25,-0.0
47,56,26,-0.0
47,56,27,-0.0
47,56,28,-0.0
47,56,29,-0.0
47,56,30,-0.0
47,56,31,-0.0
47,56,32,-0.0
47,56,33,-0.0
47,56,34,-0.0
47,56,35,-0.0
47,56,36,-0.0
47,56,37,-0.0
47,56,38,-0.0
47,56,39,-0.0
47,56,40,0.0
47,56,41,-0.0
47,56,42,-0.0
47,56,43,-0.0
47,56,44,0.0
47,56,45,-0.0
47,56,46,0.0
47,56,47,-0.0
47,56,48,-0.0
47,56,49,-0.0
47,56,50,-0.0
47,56,51,-0.0
47,56,52,-0.0
47,56,53,-0.0
47,56,54,-0.0
47,56,55,-0.0
47,56,56,-0.0
47,56,57,-0.0
47,56,58,-0.0
47,56,59,0.0
47,56,60,-0.0
47,56,61,-0.0
47,56,62,-0.0
47,56,63,-0.0
47,56,64,-0.0
47,56,65,-0.0
47,56,66,0.0
47,56,67,-0.0
47,56,68,0.0
47,56,69,-0.0
47,56,70,0.0
47,56,71,-0.0
47,56,72,-0.0
47,56,73,-0.0
47,56,74,-0.0
47,56,75,-0.0
47,56,76,0.0
47,56,77,0.0
47,56,78,-0.0
47,56,79,0.0
47,56,80,0.0
47,56,81,-0.0
47,56,82,0.0
47,56,83,0.0
47,56,84,-0.0
47,56,85,0.0
47,56,86,-0.0
47,56,87,-0.0
47,56,88,-0.0
47,56,89,-0.0
47,56,90,-0.0
47,56,91,-0.0
47,56,92,-0.0
47,56,93,-0.0
47,56,94,-0.0
47,56,95,-0.0
47,56,96,-0.0
47,56,97,0.0
47,56,98,-0.0
47,56,99,-0.0
47,56,100,-0.0
47,56,101,-0.0
47,56,102,-0.0
47,56,103,-0.0
47,56,104,-0.0
47,56,105,-0.0
47,56,106,-0.0
47,56,107,0.0
47,56,108,-0.0
47,56,109,-0.0
47,56,110,-0.0
47,56,111,-0.0
47,56,112,-0.0
47,56,113,-0.0
47,56,114,-0.0
47,56,115,0.0
47,56,116,-0.0
47,56,117,-0.0
47,56,118,-0.0
47,56,119,-0.0
47,56,120,-0.0
47,56,121,0.0
47,56,122,-0.0
47,56,123,0.0
47,56,124,-0.0
47,56,125,-0.0
47,56,126,-0.0
47,56,127,-0.0
47,56,128,-0.0
47,56,129,-0.0
47,56,130,-0.0
47,56,131,-0.0
47,56,132,-0.0
47,56,133,-0.0
47,56,134,-0.0
47,56,135,0.0
47,56,136,0.0
47,56,137,-0.0
47,56,138,-0.0
47,56,139,0.0
47,56,140,0.0
47,56,141,-0.0
47,56,142,-0.0
47,56,143,-0.0
47,56,144,0.0
47,56,145,0.0
47,56,146,-0.0
47,56,147,-0.0
47,56,148,0.0
47,56,149,-0.0
47,56,150,-0.0
47,56,151,-0.0
47,56,152,-0.0
47,56,153,-0.0
47,56,154,-0.0
47,56,155,-0.0
47,56,156,-0.0
47,56,157,-0.0
47,56,158,-0.0
47,56,159,-0.0
47,56,160,-0.0
47,56,161,-0.0
47,56,162,-0.0
47,56,163,-0.0
47,56,164,0.0
47,56,165,-0.0
47,56,166,-0.0
47,56,167,-0.0
47,56,168,-0.0
47,56,169,-0.0
47,56,170,-0.0
47,56,171,-0.0
47,56,172,-0.0
47,56,173,-0.0
47,56,174,-0.0
47,56,175,-0.0
47,56,176,-0.0
47,56,177,-0.0
47,56,178,-0.0
47,56,179,-0.0
47,56,180,-0.0
47,56,181,-0.0
47,56,182,-0.0
47,56,183,-0.0
47,56,184,-0.0
47,56,185,0.0
47,56,186,-0.0
47,56,187,-0.0
47,56,188,-0.0
47,56,189,-0.0
47,56,190,-0.0
47,56,191,-0.0
47,56,192,-0.0
47,56,193,-0.0
47,56,194,-0.0
47,56,195,-0.0
47,56,196,-0.0
47,56,197,-0.0
47,56,198,-0.0
47,56,199,-0.0
47,56,200,-0.0
47,56,201,-0.0
47,56,202,-0.0
47,56,203,-0.0
47,56,204,-0.0
47,56,205,-0.0
47,56,206,-0.0
47,56,207,-0.0
47,56,208,-0.0
47,56,209,-0.0
47,56,210,-0.0
47,56,211,-0.0
47,56,212,-0.0
47,56,213,-0.0
47,56,214,-0.0
47,56,215,-0.0
47,56,216,-0.0
47,56,217,-0.0
47,56,218,0.0
47,56,219,-0.0
47,56,220,-0.0
47,56,221,-0.0
47,56,222,-0.0
47,56,223,-0.0
47,56,224,-0.0
47,56,225,-0.0
47,56,226,-0.0
47,56,227,-0.0
47,56,228,-0.0
47,56,229,-0.0
47,56,230,-0.0
47,56,231,-0.0
47,56,232,-0.0
47,56,233,-0.0
47,56,234,-0.0
47,56,235,-0.0
47,56,236,-0.0
47,56,237,-0.0
47,56,238,-0.0
47,56,239,-0.0
47,56,240,-0.0
47,56,241,-0.0
47,56,242,-0.0
47,56,243,-0.0
47,56,244,-0.0
47,56,245,-0.0
47,56,246,-0.0
47,56,247,-0.0
47,56,248,-0.0
47,56,249,-0.0
47,56,250,-0.0
47,56,251,-0.0
47,56,252,-0.0
47,56,253,-0.0
47,56,254,-0.0
47,56,255,-0.0
47,56,256,-0.0
47,56,257,-0.0
47,56,258,-0.0
47,56,259,-0.0
47,56,260,-0.0
47,56,261,-0.0
47,56,262,-0.0
47,56,263,-0.0
47,56,264,-0.0
47,56,265,-0.0
47,56,266,-0.0
47,56,267,-0.0
47,56,268,-0.0
47,56,269,-0.0
47,56,270,-0.0
47,56,271,-0.0
47,56,272,-0.0
47,56,273,-0.0
47,56,274,-0.0
47,56,275,-0.0
47,56,276,-0.0
47,56,277,-0.0
47,56,278,-0.0
47,56,279,-0.0
47,56,280,-0.0
47,56,281,0.0
47,56,282,-0.0
47,56,283,-0.0
47,56,284,-0.0
47,56,285,-0.0
47,56,286,-0.0
47,56,287,-0.0
47,56,288,-0.0
47,56,289,-0.0
47,56,290,-0.0
47,56,291,-0.0
47,56,292,-0.0
47,56,293,-0.0
47,56,294,-0.0
47,56,295,-0.0
47,56,296,-0.0
47,56,297,-0.0
47,56,298,-0.0
47,56,299,-0.0
47,56,300,-0.0
47,56,301,-0.0
47,56,302,-0.0
47,56,303,0.0
47,56,304,-0.0
47,56,305,-0.0
47,56,306,-0.0
47,56,307,-0.0
47,56,308,-0.0
47,56,309,-0.0
47,56,310,0.0
47,56,311,0.0
47,56,312,0.0
47,56,313,0.0
47,56,314,-0.0
47,56,315,-0.0
47,56,316,-0.0
47,56,317,-0.0
47,56,318,-0.0
47,56,319,-0.0
47,56,320,-0.0
47,56,321,-0.0
47,56,322,-0.0
47,56,323,-0.0
47,56,324,-0.0
47,56,325,-0.0
47,56,326,0.0
47,56,327,0.0
47,56,328,-0.0
47,56,329,0.0
47,56,330,-0.0
47,56,331,-0.0
47,56,332,0.0
47,56,333,-0.0
47,56,334,-0.0
47,56,335,-0.0
47,56,336,-0.0
47,56,337,-0.0
47,56,338,-0.0
47,56,339,-0.0
47,56,340,-0.0
47,56,341,-0.0
47,56,342,-0.0
47,56,343,-0.0
47,56,344,-0.0
47,56,345,-0.0
47,56,346,-0.0
47,56,347,-0.0
47,56,348,0.0
47,56,349,-0.0
47,56,350,-0.0
47,56,351,-0.0
47,56,352,-0.0
47,56,353,-0.0
47,56,354,-0.0
47,56,355,-0.0
47,56,356,-0.0
47,56,357,-0.0
47,56,358,0.0
47,56,359,-0.0
47,56,360,-0.0
90,91,0,0.0
90,91,1,0.0
90,91,2,6.0
90,91,3,0.0
90,91,4,0.0
90,91,5,4.0
90,91,6,6.0
90,91,7,0.0
90,91,8,0.0
90,91,9,0.0
90,91,10,6.0
90,91,11,6.0
90,91,12,6.0
90,91,13,6.0
90,91,14,6.0
90,91,15,6.0
90,91,16,5.0
90,91,17,6.0
90,91,18,0.0
90,91,19,6.0
90,91,20,0.0
90,91,21,0.0
90,91,22,6.0
90,91,23,0.0
90,91,24,0.0
90,91,25,6.0
90,91,26,0.0
90,91,27,5.0
90,91,28,0.0
90,91,29,4.0
90,91,30,6.0
90,91,31,0.0
90,91,32,0.0
90,91,33,6.0
90,91,34,0.0
90,91,35,6.0
90,91,36,0.0
90,91,37,5.0
90,91,38,4.0
90,91,39,0.0
90,91,40,2.0
90,91,41,6.0
90,91,42,0.0
90,91,43,4.0
90,91,44,0.0
90,91,45,6.0
90,91,46,0.0
90,91,47,0.0
90,91,48,4.0
90,91,49,6.0
90,91,50,0.0
90,91,51,0.0
90,91,52,0.0
90,91,53,6.0
90,91,54,0.0
90,91,55,0.0
90,91,56,6.0
90,91,57,4.0
90,91,58,6.0
90,91,59,1.0
90,91,60,4.0
90,91,61,0.0
90,91,62,5.0
90,91,63,0.0
90,91,64,0.0
90,91,65,0.0
90,91,66,4.0
90,91,67,0.0
90,91,68,0.0
90,91,69,0.0
90,91,70,6.0
90,91,71,6.0
90,91,72,6.0
90,91,73,1.0
90,91,74,0.0
90,91,75,0.0
90,91,76,0.0
90,91,77,0.0
90,91,78,6.0
90,91,79,0.0
90,91,80,6.0
90,91,81,6.0
90,91,82,0.0
90,91,83,6.0
90,91,84,6.0
90,91,85,0.0
90,91,86,0.0
90,91,87,0.0
90,91,88,0.0
90,91,89,0.0
90,91,90,6.0
90,91,91,6.0
90,91,92,0.0
90,91,93,0.0
90,91,94,6.0
90,91,95,0.0
90,91,96,6.0
90,91,97,4.0
90,91,98,0.0
90,91,99,1.0
90,91,100,2.0
90,91,101,0.0
90,91,102,5.0
90,91,103,0.0
90,91,104,4.0
90,91,105,6.0
90,91,106,0.0
90,91,107,0.0
90,91,108,0.0
90,91,109,0.0
90,91,110,0.0
90,91,111,0.0
90,91,112,0.0
90,91,113,0.0
90,91,114,0.0
90,91,115,6.0
90,91,116,0.0
90,91,117,6.0
90,91,118,0.0
90,91,119,6.0
90,91,120,4.0
90,91,121,6.0
90,91,122,4.0
90,91,123,0.0
90,91,124,6.0
90,91,125,6.0
90,91,126,4.0
90,91,127,0.0
90,91,128,0.0
90,91,129,0.0
90,91,130,6.0
90,91,131,0.0
90,91,132,0.0
90,91,133,0.0
90,91,134,0.0
90,91,135,0.0
90,91,136,0.0
90,91,137,0.0
90,91,138,0.0
90,91,139,4.0
90,91,140,6.0
90,91,141,5.0
90,91,142,6.0
90,91,143,6.0
90,91,144,6.0
90,91,145,5.0
90,91,146,6.0
90,91,147,4.0
90,91,148,6.0
90,91,149,5.0
90,91,150,6.0
90,91,151,6.0
90,91,152,0.0
90,91,153,5.0
90,91,154,6.0
90,91,155,0.0
90,91,156,0.0
90,91,157,0.0
90,91,158,0.0
90,91,159,0.0
90,91,160,2.0
90,91,161,0.0
90,91,162,6.0
90,91,163,6.0
90,91,164,0.0
90,91,165,1.0
90,91,166,0.0
90,91,167,0.0
90,91,168,6.0
90,91,169,0.0
90,91,170,6.0
90,91,171,4.0
90,91,172,6.0
90,91,173,6.0
90,91,174,0.0
90,91,175,0.0
90,91,176,6.0
90,91,177,6.0
90,91,178,3.0
90,91,179,6.0
90,91,180,6.0
90,91,181,5.0
90,91,182,6.0
90,91,183,6.0
90,91,184,6.0
90,91,185,0.0
90,91,186,0.0
90,91,187,0.0
90,91,188,0.0
90,91,189,0.0
90,91,190,0.0
90,91,191,6.0
90,91,192,6.0
90,91,193,4.0
90,91,194,0.0
90,91,195,4.0
90,91,196,6.0
90,91,197,0.0
90,91,198,0.0
90,91,199,0.0
90,91,200,6.0
90,91,201,0.0
90,91,202,2.0
90,91,203,6.0
90,91,204,0.0
90,91,205,0.0
90,91,206,4.0
90,91,207,0.0
90,91,208,0.0
90,91,209,6.0
90,91,210,0.0
90,91,211,6.0
90,91,212,6.0
90,91,213,0.0
90,91,214,0.0
90,91,215,0.0
90,91,216,4.0
90,91,217,0.0
90,91,218,6.0
90,91,219,0.0
90,91,220,0.0
90,91,221,0.0
90,91,222,2.0
90,91,223,6.0
90,91,224,0.0
90,91,225,5.0
90,91,226,0.0
90,91,227,0.0
90,91,228,6.0
90,91,229,0.0
90,91,230,0.0
90,91,231,0.0
90,91,232,0.0
90,91,233,0.0
90,91,234,0.0
90,91,235,0.0
90,91,236,0.0
90,91,237,0.0
90,91,238,0.0
90,91,239,5.0
90,91,240,0.0
90,91,241,2.0
90,91,242,0.0
90,91,243,6.0
90,91,244,6.0
90,91,245,6.0
90,91,246,0.0
90,91,247,6.0
90,91,248,6.0
90,91,249,6.0
90,91,250,6.0
90,91,251,0.0
90,91,252,0.0
90,91,253,0.0
90,91,254,0.0
90,91,255,6.0
90,91,256,6.0
90,91,257,4.0
90,91,258,6.0
90,91,259,6.0
90,91,260,0.0
90,91,261,6.0
90,91,262,0.0
90,91,263,0.0
90,91,264,4.0
90,91,265,6.0
90,91,266,5.0
90,91,267,0.0
90,91,268,6.0
90,91,269,0.0
90,91,270,0.0
90,91,271,0.0
90,91,272,0.0
90,91,273,6.0
90,91,274,5.0
90,91,275,0.0
90,91,276,4.0
90,91,277,0.0
90,91,278,6.0
90,91,279,6.0
90,91,280,6.0
90,91,281,0.0
90,91,282,6.0
90,91,283,6.0
90,91,284,6.0
90,91,285,-0.0
90,91,286,-0.0
90,91,287,4.0
90,91,288,0.0
90,91,289,0.0
90,91,290,6.0
90,91,291,4.0
90,91,292,6.0
90,91,293,6.0
90,91,294,6.0
90,91,295,6.0
90,91,296,5.0
90,91,297,0.0
90,91,298,6.0
90,91,299,6.0
90,91,300,6.0
90,91,301,0.0
90,91,302,6.0
90,91,303,0.0
90,91,304,4.0
90,91,305,0.0
90,91,306,4.0
90,91,307,0.0
90,91,308,6.0
90,91,309,0.0
90,91,310,0.0
90,91,311,0.0
90,91,312,0.0
90,91,313,6.0
90,91,314,0.0
90,91,315,6.0
90,91,316,0.0
90,91,317,0.0
90,91,318,6.0
90,91,319,6.0
90,91,320,0.0
90,91,321,3.0
90,91,322,6.0
90,91,323,6.0
90,91,324,0.0
90,91,325,6.0
90,91,326,6.0
90,91,327,4.0
90,91,328,6.0
90,91,329,6.0
90,91,330,0.0
90,91,331,6.0
90,91,332,6.0
90,91,333,0.0
90,91,334,6.0
90,91,335,5.0
90,91,336,6.0
90,91,337,4.0
90,91,338,0.0
90,91,339,6.0
90,91,340,0.0
90,91,341,6.0
90,91,342,0.0
90,91,343,4.0
90,91,344,0.0
90,91,345,0.0
90,91,346,6.0
90,91,347,6.0
90,91,348,4.0
90,91,349,6.0
90,91,350,0.0
90,91,351,6.0
90,91,352,6.0
90,91,353,0.0
90,91,354,6.0
90,91,355,6.0
90,91,356,4.0
90,91,357,0.0
90,91,358,0.0
90,91,359,0.0
90,91,360,-0.0
49,20,0,0.0
49,20,1,0.0
49,20,2,-0.0
49,20,3,0.0
49,20,4,0.0
49,20,5,-0.0
49,20,6,-0.0
49,20,7,0.0
49,20,8,-0.0
49,20,9,-0.0
49,20,10,-0.0
49,20,11,-0.0
49,20,12,-0.0
49,20,13,-0.0
49,20,14,0.0
49,20,15,-0.0
49,20,16,-0.0
49,20,17,-0.0
49,20,18,-0.0
49,20,19,-0.0
49,20,20,-0.0
49,20,21,-0.0
49,20,22,-0.0
49,20,23,-0.0
49,20,24,0.0
49,20,25,0.0
49,20,26,-0.0
49,20,27,0.0
49,20,28,-0.0
49,20,29,-0.0
49,20,30,-0.0
49,20,31,-0.0
49,20,32,0.0
49,20,33,-0.0
49,20,34,-0.0
49,20,35,-0.0
49,20,36,-0.0
49,20,37,-0.0
49,20,38,-0.0
49,20,39,-0.0
49,20,40,0.0
49,20,41,0.0
49,20,42,-0.0
49,20,43,-0.0
49,20,44,-0.0
49,20,45,-0.0
49,20,46,-0.0
49,20,47,-0.0
49,20,48,-0.0
49,20,49,-0.0
49,20,50,-0.0
49,20,51,-0.0
49,20,52,-0.0
49,20,53,-0.0
49,20,54,-0.0
49,20,55,-0.0
49,20,56,-0.0
49,20,57,-0.0
49,20,58,-0.0
49,20,59,-0.0
49,20,60,0.0
49,20,61,-0.0
49,20,62,-0.0
49,20,63,-0.0
49,20,64,-0.0
49,20,65,-0.0
49,20,66,-0.0
49,20,67,-0.0
49,20,68,-0.0
49,20,69,-0.0
49,20,70,-0.0
49,20,71,-0.0
49,20,72,-0.0
49,20,73,-0.0
49,20,74,-0.0
49,20,75,0.0
49,20,76,-0.0
49,20,77,-0.0
49,20,78,-0.0
49,20,79,-0.0
49,20,80,-0.0
49,20,81,-0.0
49,20,82,-0.0
49,20,83,0.0
49,20,84,-0.0
49,20,85,-0.0
49,20,86,-0.0
49,20,87,-0.0
49,20,88,0.0
49,20,89,-0.0
49,20,90,-0.0
49,20,91,-0.0
49,20,92,-0.0
49,20,93,-0.0
49,20,94,-0.0
49,20,95,-0.0
49,20,96,-0.0
49,20,97,-0.0
49,20,98,0.0
49,20,99,-0.0
49,20,100,-0.0
49,20,101,-0.0
49,20,102,-0.0
49,20,103,-0.0
49,20,104,-0.0
49,20,105,-0.0
49,20,106,-0.0
49,20,107,-0.0
49,20,108,-0.0
49,20,109,-0.0
49,20,110,-0.0
49,20,111,-0.0
49,20,112,-0.0
49,20,113,-0.0
49,20,114,-0.0
49,20,115,-0.0
49,20,116,-0.0
49,20,117,-0.0
49,20,118,-0.0
49,20,119,-0.0
49,20,120,-0.0
49,20,121,-0.0
49,20,122,-0.0
49,20,123,-0.0
49,20,124,-0.0
49,20,125,-0.0
49,20,126,-0.0
49,20,127,-0.0
49,20,128,-0.0
49,20,129,-0.0
49,20,130,-0.0
49,20,131,-0.0
49,20,132,-0.0
49,20,133,-0.0
49,20,134,-0.0
49,20,135,-0.0
49,20,136,-0.0
49,20,137,-0.0
49,20,138,-0.0
49,20,139,-0.0
49,20,140,-0.0
49,20,141,-0.0
49,20,142,-0.0
49,20,143,-0.0
49,20,144,-0.0
49,20,145,-0.0
49,20,146,-0.0
49,20,147,-0.0
49,20,148,-0.0
49,20,149,-0.0
49,20,150,-0.0
49,20,151,-0.0
49,20,152,-0.0
49,20,153,-0.0
49,20,154,-0.0
49,20,155,0.0
49,20,156,-0.0
49,20,157,-0.0
49,20,158,-0.0
49,20,159,-0.0
49,20,160,-0.0
49,20,161,-0.0
49,20,162,-0.0
49,20,163,-0.0
49,20,164,-0.0
49,20,165,-0.0
49,20,166,-0.0
49,20,167,-0.0
49,20,168,-0.0
49,20,169,-0.0
49,20,170,-0.0
49,20,171,-0.0
49,20,172,-0.0
49,20,173,-0.0
49,20,174,-0.0
49,20,175,-0.0
49,20,176,-0.0
49,20,177,-0.0
49,20,178,-0.0
49,20,179,-0.0
49,20,180,-0.0
49,20,181,-0.0
49,20,182,-0.0
49,20,183,-0.0
49,20,184,-0.0
49,20,185,-0.0
49,20,186,-0.0
49,20,187,-0.0
49,20,188,-0.0
49,20,189,-0.0
49,20,190,-0.0
49,20,191,-0.0
49,20,192,-0.0
49,20,193,-0.0
49,20,194,-0.0
49,20,195,-0.0
49,20,196,-0.0
49,20,197,-0.0
49,20,198,-0.0
49,20,199,-0.0
49,20,200,-0.0
49,20,201,-0.0
49,20,202,-0.0
49,20,203,-0.0
49,20,204,-0.0
49,20,205,-0.0
49,20,206,-0.0
49,20,207,-0.0
49,20,208,-0.0
49,20,209,-0.0
49,20,210,-0.0
49,20,211,-0.0
49,20,212,-0.0
49,20,213,-0.0
49,20,214,-0.0
49,20,215,-0.0
49,20,216,-0.0
49,20,217,-0.0
49,20,218,-0.0
49,20,219,-0.0
49,20,220,-0.0
49,20,221,-0.0
49,20,222,-0.0
49,20,223,-0.0
49,20,224,-0.0
49,20,225,-0.0
49,20,226,-0.0
49,20,227,-0.0
49,20,228,-0.0
49,20,229,-0.0
49,20,230,-0.0
49,20,231,-0.0
49,20,232,-0.0
49,20,233,-0.0
49,20,234,-0.0
49,20,235,-0.0
49,20,236,-0.0
49,20,237,-0.0
49,20,238,-0.0
49,20,239,-0.0
49,20,240,-0.0
49,20,241,-0.0
49,20,242,-0.0
49,20,243,-0.0
49,20,244,-0.0
49,20,245,-0.0
49,20,246,-0.0
49,20,247,-0.0
49,20,248,-0.0
49,20,249,-0.0
49,20,250,-0.0
49,20,251,-0.0
49,20,252,-0.0
49,20,253,-0.0
49,20,254,-0.0
49,20,255,0.0
49,20,256,-0.0
49,20,257,-0.0
49,20,258,-0.0
49,20,259,-0.0
49,20,260,-0.0
49,20,261,-0.0
49,20,262,-0.0
49,20,263,-0.0
49,20,264,-0.0
49,20,265,-0.0
49,20,266,-0.0
49,20,267,-0.0
49,20,268,-0.0
49,20,269,-0.0
49,20,270,-0.0
49,20,271,-0.0
49,20,272,-0.0
49,20,273,-0.0
49,20,274,-0.0
49,20,275,-0.0
49,20,276,-0.0
49,20,277,-0.0
49,20,278,-0.0
49,20,279,-0.0
49,20,280,-0.0
49,20,281,-0.0
49,20,282,-0.0
49,20,283,-0.0
49,20,284,-0.0
49,20,285,-0.0
49,20,286,-0.0
49,20,287,-0.0
49,20,288,-0.0
49,20,289,-0.0
49,20,290,-0.0
49,20,291,-0.0
49,20,292,-0.0
49,20,293,-0.0
49,20,294,-0.0
49,20,295,-0.0
49,20,296,-0.0
49,20,297,-0.0
49,20,298,-0.0
49,20,299,-0.0
49,20,300,-0.0
49,20,301,-0.0
49,20,302,-0.0
49,20,303,-0.0
49,20,304,-0.0
49,20,305,-0.0
49,20,306,-0.0
49,20,307,-0.0
49,20,308,-0.0
49,20,309,-0.0
49,20,310,-0.0
49,20,311,-0.0
49,20,312,-0.0
49,20,313,-0.0
49,20,314,-0.0
49,20,315,-0.0
49,20,316,-0.0
49,20,317,-0.0
49,20,318,-0.0
49,20,319,-0.0
49,20,320,-0.0
49,20,321,-0.0
49,20,322,-0.0
49,20,323,-0.0
49,20,324,-0.0
49,20,325,-0.0
49,20,326,-0.0
49,20,327,-0.0
49,20,328,-0.0
49,20,329,-0.0
49,20,330,-0.0
49,20,331,-0.0
49,20,332,-0.0
49,20,333,-0.0
49,20,334,-0.0
49,20,335,-0.0
49,20,336,-0.0
49,20,337,0.0
49,20,338,-0.0
49,20,339,-0.0
49,20,340,-0.0
49,20,341,-0.0
49,20,342,-0.0
49,20,343,-0.0
49,20,344,-0.0
49,20,345,-0.0
49,20,346,-0.0
49,20,347,-0.0
49,20,348,-0.0
49,20,349,-0.0
49,20,350,-0.0
49,20,351,-0.0
49,20,352,-0.0
49,20,353,-0.0
49,20,354,-0.0
49,20,355,-0.0
49,20,356,-0.0
49,20,357,-0.0
49,20,358,-0.0
49,20,359,-0.0
49,20,360,-0.0
108,106,0,0.0
108,106,1,0.0
108,106,2,0.0
108,106,3,0.0
108,106,4,-0.0
108,106,5,0.0
108,106,6,0.0
108,106,7,-0.0
108,106,8,-0.0
108,106,9,-0.0
108,106,10,-0.0
108,106,11,-0.0
108,106,12,-0.0
108,106,13,-0.0
108,106,14,-0.0
108,106,15,-0.0
108,106,16,-0.0
108,106,17,0.0
108,106,18,-0.0
108,106,19,0.0
108,106,20,-0.0
108,106,21,-0.0
108,106,22,0.0
108,106,23,-0.0
108,106,24,0.0
108,106,25,0.0
108,106,26,-0.0
108,106,27,0.0
108,106,28,-0.0
108,106,29,0.0
108,106,30,0.0
108,106,31,-0.0
108,106,32,-0.0
108,106,33,0.0
108,106,34,0.0
108,106,35,-0.0
108,106,36,0.0
108,106,37,-0.0
108,106,38,-0.0
108,106,39,-0.0
108,106,40,-0.0
108,106,41,-0.0
108,106,42,-0.0
108,106,43,-0.0
108,106,44,-0.0
108,106,45,-0.0
108,106,46,0.0
108,106,47,-0.0
108,106,48,-0.0
108,106,49,-0.0
108,106,50,-0.0
108,106,51,0.0
108,106,52,-0.0
108,106,53,-0.0
108,106,54,-0.0
108,106,55,-0.0
108,106,56,-0.0
108,106,57,-0.0
108,106,58,-0.0
108,106,59,-0.0
108,106,60,-0.0
108,106,61,-0.0
108,106,62,0.0
108,106,63,0.0
108,106,64,-0.0
108,106,65,-0.0
108,106,66,-0.0
108,106,67,-0.0
108,106,68,-0.0
108,106,69,0.0
108,106,70,-0.0
108,106,71,0.0
108,106,72,-0.0
108,106,73,-0.0
108,106,74,-0.0
108,106,75,-0.0
108,106,76,-0.0
108,106,77,-0.0
108,106,78,-0.0
108,106,79,-0.0
108,106,80,-0.0
108,106,81,-0.0
108,106,82,-0.0
108,106,83,-0.0
108,106,84,-0.0
108,106,85,-0.0
108,106,86,-0.0
108,106,87,0.0
108,106,88,-0.0
108,106,89,-0.0
108,106,90,-0.0
108,106,91,-0.0
108,106,92,-0.0
108,106,93,-0.0
108,106,94,-0.0
108,106,95,-0.0
108,106,96,-0.0
108,106,97,-0.0
108,106,98,-0.0
108,106,99,-0.0
108,106,100,-0.0
108,106,101,-0.0
108,106,102,-0.0
108,106,103,-0.0
108,106,104,-0.0
108,106,105,-0.0
108,106,106,-0.0
108,106,107,-0.0
108,106,108,-0.0
108,106,109,-0.0
108,106,110,-0.0
108,106,111,0.0
108,106,112,-0.0
108,106,113,-0.0
108,106,114,-0.0
108,106,115,0.0
108,106,116,-0.0
108,106,117,-0.0
108,106,118,-0.0
108,106,119,-0.0
108,106,120,-0.0
108,106,121,-0.0
108,106,122,-0.0
108,106,123,-0.0
108,106,124,0.0
108,106,125,-0.0
108,106,126,-0.0
108,106,127,-0.0
108,106,128,-0.0
108,106,129,-0.0
108,106,130,-0.0
108,106,131,-0.0
108,106,132,0.0
108,106,133,-0.0
108,106,134,-0.0
108,106,135,-0.0
108,106,136,-0.0
108,106,137,-0.0
108,106,138,0.0
108,106,139,-0.0
108,106,140,-0.0
108,106,141,-0.0
108,106,142,-0.0
108,106,143,0.0
108,106,144,0.0
108,106,145,-0.0
108,106,146,-0.0
108,106,147,-0.0
108,106,148,-0.0
108,106,149,0.0
108,106,150,-0.0
108,106,151,-0.0
108,106,152,-0.0
108,106,153,-0.0
108,106,154,-0.0
108,106,155,-0.0
108,106,156,-0.0
108,106,157,-0.0
108,106,158,-0.0
108,106,159,-0.0
108,106,160,-0.0
108,106,161,-0.0
108,106,162,-0.0
108,106,163,0.0
108,106,164,-0.0
108,106,165,-0.0
108,106,166,-0.0
108,106,167,-0.0
108,106,168,0.0
108,106,169,0.0
108,106,170,-0.0
108,106,171,-0.0
108,106,172,-0.0
108,106,173,-0.0
108,106,174,-0.0
108,106,175,-0.0
108,106,176,-0.0
108,106,177,-0.0
108,106,178,0.0
108,106,179,-0.0
108,106,180,-0.0
108,106,181,0.0
108,106,182,0.0
108,106,183,0.0
108,106,184,-0.0
108,106,185,-0.0
108,106,186,0.0
108,106,187,-0.0
108,106,188,-0.0
108,106,189,-0.0
108,106,190,-0.0
108,106,191,-0.0
108,106,192,-0.0
108,106,193,-0.0
108,106,194,-0.0
108,106,195,-0.0
108,106,196,0.0
108,106,197,0.0
108,106,198,0.0
108,106,199,0.0
108,106,200,0.0
108,106,201,0.0
108,106,202,-0.0
108,106,203,-0.0
108,106,204,0.0
108,106,205,0.0
108,106,206,-0.0
108,106,207,0.0
108,106,208,-0.0
108,106,209,0.0
108,106,210,0.0
108,106,211,0.0
108,106,212,0.0
108,106,213,0.0
108,106,214,-0.0
108,106,215,-0.0
108,106,216,-0.0
108,106,217,0.0
108,106,218,0.0
108,106,219,0.0
108,106,220,0.0
108,106,221,0.0
108,106,222,0.0
108,106,223,0.0
108,106,224,0.0
108,106,225,-0.0
108,106,226,0.0
108,106,227,0.0
108,106,228,-0.0
108,106,229,0.0
108,106,230,-0.0
108,106,231,0.0
108,106,232,-0.0
108,106,233,-0.0
108,106,234,-0.0
108,106,235,-0.0
108,106,236,-0.0
108,106,237,-0.0
108,106,238,-0.0
108,106,239,0.0
108,106,240,-0.0
108,106,241,-0.0
108,106,242,0.0
108,106,243,-0.0
108,106,244,-0.0
108,106,245,0.0
108,106,246,0.0
108,106,247,0.0
108,106,248,0.0
108,106,249,0.0
108,106,250,-0.0
108,106,251,-0.0
108,106,252,-0.0
108,106,253,-0.0
108,106,254,-0.0
108,106,255,0.0
108,106,256,0.0
108,106,257,-0.0
108,106,258,-0.0
108,106,259,0.0
108,106,260,0.0
108,106,261,0.0
108,106,262,-0.0
108,106,263,-0.0
108,106,264,-0.0
108,106,265,-0.0
108,106,266,-0.0
108,106,267,-0.0
108,106,268,-0.0
108,106,269,-0.0
108,106,270,0.0
108,106,271,-0.0
108,106,272,0.0
108,106,273,0.0
108,106,274,0.0
108,106,275,0.0
108,106,276,-0.0
108,106,277,-0.0
108,106,278,-0.0
108,106,279,-0.0
108,106,280,0.0
108,106,281,-0.0
108,106,282,0.0
108,106,283,0.0
108,106,284,0.0
108,106,285,0.0
108,106,286,-0.0
108,106,287,0.0
108,106,288,0.0
108,106,289,0.0
108,106,290,0.0
108,106,291,0.0
108,106,292,0.0
108,106,293,0.0
108,106,294,-0.0
108,106,295,0.0
108,106,296,-0.0
108,106,297,0.0
108,106,298,-0.0
108,106,299,0.0
108,106,300,0.0
108,106,301,0.0
108,106,302,0.0
108,106,303,-0.0
108,106,304,0.0
108,106,305,0.0
108,106,306,0.0
108,106,307,0.0
108,106,308,0.0
108,106,309,0.0
108,106,310,0.0
108,106,311,-0.0
108,106,312,-0.0
108,106,313,-0.0
108,106,314,-0.0
108,106,315,-0.0
108,106,316,0.0
108,106,317,0.0
108,106,318,0.0
108,106,319,0.0
108,106,320,0.0
108,106,321,0.0
108,106,322,0.0
108,106,323,0.0
108,106,324,0.0
108,106,325,0.0
108,106,326,-0.0
108,106,327,0.0
108,106,328,0.0
108,106,329,-0.0
108,106,330,-0.0
108,106,331,-0.0
108,106,332,-0.0
108,106,333,0.0
108,106,334,0.0
108,106,335,-0.0
108,106,336,-0.0
108,106,337,-0.0
108,106,338,-0.0
108,106,339,-0.0
108,106,340,0.0
108,106,341,0.0
108,106,342,0.0
108,106,343,0.0
108,106,344,0.0
108,106,345,0.0
108,106,346,0.0
108,106,347,-0.0
108,106,348,0.0
108,106,349,-0.0
108,106,350,0.0
108,106,351,0.0
108,106,352,0.0
108,106,353,0.0
108,106,354,-0.0
108,106,355,0.0
108,106,356,-0.0
108,106,357,0.0
108,106,358,0.0
108,106,359,-0.0
108,106,360,-0.0
112,88,0,0.0
112,88,1,0.0
112,88,2,-0.0
112,88,3,0.0
112,88,4,0.0
112,88,5,-0.0
112,88,6,-0.0
112,88,7,0.0
112,88,8,-0.0
112,88,9,0.0
112,88,10,0.0
112,88,11,0.0
112,88,12,0.0
112,88,13,0.0
112,88,14,0.0
112,88,15,0.0
112,88,16,-0.0
112,88,17,-0.0
112,88,18,0.0
112,88,19,0.0
112,88,20,-0.0
112,88,21,-0.0
112,88,22,0.0
112,88,23,0.0
112,88,24,-0.0
112,88,25,0.0
112,88,26,-0.0
112,88,27,-0.0
112,88,28,-0.0
112,88,29,0.0
112,88,30,0.0
112,88,31,-0.0
112,88,32,-0.0
112,88,33,-0.0
112,88,34,-0.0
112,88,35,-0.0
112,88,36,-0.0
112,88,37,-0.0
112,88,38,-0.0
112,88,39,0.0
112,88,40,0.0
112,88,41,-0.0
112,88,42,0.0
112,88,43,0.0
112,88,44,0.0
112,88,45,-0.0
112,88,46,-0.0
112,88,47,-0.0
112,88,48,-0.0
112,88,49,0.0
112,88,50,-0.0
112,88,51,-0.0
112,88,52,-0.0
112,88,53,-0.0
112,88,54,-0.0
112,88,55,-0.0
112,88,56,-0.0
112,88,57,-0.0
112,88,58,-0.0
112,88,59,-0.0
112,88,60,-0.0
112,88,61,-0.0
112,88,62,-0.0
112,88,63,-0.0
112,88,64,0.0
112,88,65,-0.0
112,88,66,0.0
112,88,67,0.0
112,88,68,-0.0
112,88,69,0.0
112,88,70,0.0
112,88,71,0.0
112,88,72,-0.0
112,88,73,-0.0
112,88,74,-0.0
112,88,75,0.0
112,88,76,-0.0
112,88,77,0.0
112,88,78,-0.0
112,88,79,0.0
112,88,80,0.0
112,88,81,-0.0
112,88,82,-0.0
112,88,83,-0.0
112,88,84,-0.0
112,88,85,-0.0
112,88,86,-0.0
112,88,87,-0.0
112,88,88,-0.0
112,88,89,0.0
112,88,90,-0.0
112,88,91,0.0
112,88,92,-0.0
112,88,93,-0.0
112,88,94,0.0
112,88,95,-0.0
112,88,96,0.0
112,88,97,0.0
112,88,98,-0.0
112,88,99,-0.0
112,88,100,0.0
112,88,101,0.0
112,88,102,-0.0
112,88,103,-0.0
112,88,104,0.0
112,88,105,-0.0
112,88,106,0.0
112,88,107,0.0
112,88,108,-0.0
112,88,109,-0.0
112,88,110,0.0
112,88,111,-0.0
112,88,112,0.0
112,88,113,-0.0
112,88,114,0.0
112,88,115,0.0
112,88,116,0.0
112,88,117,-0.0
112,88,118,0.0
112,88,119,-0.0
112,88,120,-0.0
112,88,121,0.0
112,88,122,-0.0
112,88,123,-0.0
112,88,124,-0.0
112,88,125,0.0
112,88,126,-0.0
112,88,127,-0.0
112,88,128,-0.0
112,88,129,-0.0
112,88,130,-0.0
112,88,131,0.0
112,88,132,-0.0
112,88,133,0.0
112,88,134,-0.0
112,88,135,0.0
112,88,136,0.0
112,88,137,-0.0
112,88,138,-0.0
112,88,139,-0.0
112,88,140,-0.0
112,88,141,-0.0
112,88,142,0.0
112,88,143,-0.0
112,88,144,0.0
112,88,145,-0.0
112,88,146,-0.0
112,88,147,0.0
112,88,148,-0.0
112,88,149,0.0
112,88,150,-0.0
112,88,151,0.0
112,88,152,0.0
112,88,153,-0.0
112,88,154,0.0
112,88,155,-0.0
112,88,156,0.0
112,88,157,0.0
112,88,158,0.0
112,88,159,0.0
112,88,160,0.0
112,88,161,0.0
112,88,162,-0.0
112,88,163,-0.0
112,88,164,0.0
112,88,165,-0.0
112,88,166,0.0
112,88,167,-0.0
112,88,168,0.0
112,88,169,-0.0
112,88,170,-0.0
112,88,171,-0.0
112,88,172,0.0
112,88,173,-0.0
112,88,174,-0.0
112,88,175,-0.0
112,88,176,0.0
112,88,177,-0.0
112,88,178,-0.0
112,88,179,-0.0
112,88,180,-0.0
112,88,181,-0.0
112,88,182,0.0
112,88,183,-0.0
112,88,184,-0.0
112,88,185,-0.0
112,88,186,-0.0
112,88,187,0.0
112,88,188,-0.0
112,88,189,-0.0
112,88,190,-0.0
112,88,191,-0.0
112,88,192,-0.0
112,88,193,-0.0
112,88,194,-0.0
112,88,195,-0.0
112,88,196,0.0
112,88,197,-0.0
112,88,198,-0.0
112,88,199,-0.0
112,88,200,-0.0
112,88,201,-0.0
112,88,202,-0.0
112,88,203,-0.0
112,88,204,-0.0
112,88,205,0.0
112,88,206,0.0
112,88,207,0.0
112,88,208,-0.0
112,88,209,-0.0
112,88,210,-0.0
112,88,211,0.0
112,88,212,-0.0
112,88,213,-0.0
112,88,214,-0.0
112,88,215,0.0
112,88,216,-0.0
112,88,217,-0.0
112,88,218,-0.0
112,88,219,-0.0
112,88,220,-0.0
112,88,221,-0.0
112,88,222,-0.0
112,88,223,-0.0
112,88,224,-0.0
112,88,225,-0.0
112,88,226,-0.0
112,88,227,-0.0
112,88,228,-0.0
112,88,229,-0.0
112,88,230,-0.0
112,88,231,-0.0
112,88,232,-0.0
112,88,233,-0.0
112,88,234,-0.0
112,88,235,-0.0
112,88,236,-0.0
112,88,237,-0.0
112,88,238,-0.0
112,88,239,0.0
112,88,240,-0.0
112,88,241,-0.0
112,88,242,-0.0
112,88,243,0.0
112,88,244,-0.0
112,88,245,-0.0
112,88,246,-0.0
112,88,247,0.0
112,88,248,-0.0
112,88,249,-0.0
112,88,250,0.0
112,88,251,-0.0
112,88,252,-0.0
112,88,253,-0.0
112,88,254,-0.0
112,88,255,-0.0
112,88,256,-0.0
112,88,257,0.0
112,88,258,0.0
112,88,259,-0.0
112,88,260,0.0
112,88,261,-0.0
112,88,262,-0.0
112,88,263,-0.0
112,88,264,-0.0
112,88,265,-0.0
112,88,266,-0.0
112,88,267,-0.0
112,88,268,0.0
112,88,269,-0.0
112,88,270,-0.0
112,88,271,-0.0
112,88,272,-0.0
112,88,273,0.0
112,88,274,-0.0
112,88,275,-0.0
112,88,276,0.0
112,88,277,-0.0
112,88,278,0.0
112,88,279,0.0
112,88,280,0.0
112,88,281,-0.0
112,88,282,0.0
112,88,283,-0.0
112,88,284,-0.0
112,88,285,-0.0
112,88,286,-0.0
112,88,287,0.0
112,88,288,-0.0
112,88,289,-0.0
112,88,290,-0.0
112,88,291,-0.0
112,88,292,-0.0
112,88,293,-0.0
112,88,294,0.0
112,88,295,-0.0
112,88,296,-0.0
112,88,297,-0.0
112,88,298,-0.0
112,88,299,-0.0
112,88,300,-0.0
112,88,301,0.0
112,88,302,-0.0
112,88,303,-0.0
112,88,304,-0.0
112,88,305,-0.0
112,88,306,0.0
112,88,307,-0.0
112,88,308,-0.0
112,88,309,-0.0
112,88,310,-0.0
112,88,311,0.0
112,88,312,-0.0
112,88,313,-0.0
112,88,314,-0.0
112,88,315,-0.0
112,88,316,-0.0
112,88,317,0.0
112,88,318,0.0
112,88,319,-0.0
112,88,320,-0.0
112,88,321,0.0
112,88,322,0.0
112,88,323,0.0
112,88,324,-0.0
112,88,325,-0.0
112,88,326,-0.0
112,88,327,-0.0
112,88,328,-0.0
112,88,329,-0.0
112,88,330,-0.0
112,88,331,0.0
112,88,332,0.0
112,88,333,-0.0
112,88,334,-0.0
112,88,335,-0.0
112,88,336,-0.0
112,88,337,-0.0
112,88,338,-0.0
112,88,339,0.0
112,88,340,-0.0
112,88,341,-0.0
112,88,342,-0.0
112,88,343,0.0
112,88,344,-0.0
112,88,345,-0.0
112,88,346,0.0
112,88,347,0.0
112,88,348,-0.0
112,88,349,0.0
112,88,350,-0.0
112,88,351,-0.0
112,88,352,0.0
112,88,353,-0.0
112,88,354,-0.0
112,88,355,-0.0
112,88,356,-0.0
112,88,357,-0.0
112,88,358,-0.0
112,88,359,-0.0
112,88,360,-0.0
26,27,0,0.0
26,27,1,0.0
26,27,2,0.0
26,27,3,0.0
26,27,4,0.0
26,27,5,0.0
26,27,6,0.0
26,27,7,0.0
26,27,8,0.0
26,27,9,0.0
26,27,10,0.0
26,27,11,0.0
26,27,12,0.0
26,27,13,0.0
26,27,14,0.0
26,27,15,0.0
26,27,16,0.0
26,27,17,0.0
26,27,18,0.0
26,27,19,0.0
26,27,20,0.0
26,27,21,0.0
26,27,22,0.0
26,27,23,0.0
26,27,24,0.0
26,27,25,0.0
26,27,26,0.0
26,27,27,0.0
26,27,28,0.0
26,27,29,0.0
26,27,30,0.0
26,27,31,0.0
26,27,32,0.0
26,27,33,0.0
26,27,34,0.0
26,27,35,0.0
26,27,36,-0.0
26,27,37,0.0
26,27,38,0.0
26,27,39,0.0
26,27,40,0.0
26,27,41,0.0
26,27,42,0.0
26,27,43,0.0
26,27,44,0.0
26,27,45,0.0
26,27,46,-0.0
26,27,47,0.0
26,27,48,0.0
26,27,49,0.0
26,27,50,0.0
26,27,51,0.0
26,27,52,0.0
26,27,53,0.0
26,27,54,0.0
26,27,55,0.0
26,27,56,0.0
26,27,57,0.0
26,27,58,0.0
26,27,59,0.0
26,27,60,0.0
26,27,61,0.0
26,27,62,0.0
26,27,63,0.0
26,27,64,0.0
26,27,65,0.0
26,27,66,0.0
26,27,67,0.0
26,27,68,0.0
26,27,69,0.0
26,27,70,0.0
26,27,71,0.0
26,27,72,0.0
26,27,73,0.0
26,27,74,0.0
26,27,75,0.0
26,27,76,0.0
26,27,77,0.0
26,27,78,0.0
26,27,79,0.0
26,27,80,0.0
26,27,81,0.0
26,27,82,0.0
26,27,83,0.0
26,27,84,0.0
26,27,85,0.0
26,27,86,0.0
26,27,87,0.0
26,27,88,0.0
26,27,89,0.0
26,27,90,0.0
26,27,91,0.0
26,27,92,0.0
26,27,93,0.0
26,27,94,0.0
26,27,95,0.0
26,27,96,0.0
26,27,97,0.0
26,27,98,0.0
26,27,99,0.0
26,27,100,0.0
26,27,101,0.0
26,27,102,0.0
26,27,103,0.0
26,27,104,0.0
26,27,105,0.0
26,27,106,0.0
26,27,107,0.0
26,27,108,0.0
26,27,109,0.0
26,27,110,0.0
26,27,111,0.0
26,27,112,0.0
26,27,113,0.0
26,27,114,0.0
26,27,115,0.0
26,27,116,0.0
26,27,117,0.0
26,27,118,0.0
26,27,119,0.0
26,27,120,0.0
26,27,121,0.0
26,27,122,0.0
26,27,123,0.0
26,27,124,0.0
26,27,125,0.0
26,27,126,0.0
26,27,127,0.0
26,27,128,0.0
26,27,129,0.0
26,27,130,0.0
26,27,131,0.0
26,27,132,0.0
26,27,133,0.0
26,27,134,0.0
26,27,135,0.0
26,27,136,-0.0
26,27,137,0.0
26,27,138,0.0
26,27,139,0.0
26,27,140,0.0
26,27,141,0.0
26,27,142,0.0
26,27,143,0.0
26,27,144,0.0
26,27,145,0.0
26,27,146,0.0
26,27,147,0.0
26,27,148,0.0
26,27,149,0.0
26,27,150,0.0
26,27,151,0.0
26,27,152,0.0
26,27,153,0.0
26,27,154,0.0
26,27,155,0.0
26,27,156,0.0
26,27,157,0.0
26,27,158,0.0
26,27,159,0.0
26,27,160,0.0
26,27,161,0.0
26,27,162,0.0
26,27,163,0.0
26,27,164,0.0
26,27,165,0.0
26,27,166,0.0
26,27,167,0.0
26,27,168,0.0
26,27,169,0.0
26,27,170,0.0
26,27,171,0.0
26,27,172,0.0
26,27,173,0.0
26,27,174,0.0
26,27,175,0.0
26,27,176,0.0
26,27,177,0.0
26,27,178,0.0
26,27,179,0.0
26,27,180,0.0
26,27,181,0.0
26,27,182,0.0
26,27,183,0.0
26,27,184,0.0
26,27,185,0.0
26,27,186,0.0
26,27,187,0.0
26,27,188,0.0
26,27,189,0.0
26,27,190,0.0
26,27,191,0.0
26,27,192,0.0
26,27,193,0.0
26,27,194,0.0
26,27,195,0.0
26,27,196,0.0
26,27,197,-0.0
26,27,198,0.0
26,27,199,0.0
26,27,200,0.0
26,27,201,0.0
26,27,202,-0.0
26,27,203,0.0
26,27,204,0.0
26,27,205,0.0
26,27,206,0.0
26,27,207,0.0
26,27,208,0.0
26,27,209,0.0
26,27,210,0.0
26,27,211,0.0
26,27,212,0.0
26,27,213,0.0
26,27,214,-0.0
26,27,215,0.0
26,27,216,0.0
26,27,217,0.0
26,27,218,0.0
26,27,219,0.0
26,27,220,0.0
26,27,221,0.0
26,27,222,0.0
26,27,223,0.0
26,27,224,0.0
26,27,225,0.0
26,27,226,0.0
26,27,227,0.0
26,27,228,0.0
26,27,229,0.0
26,27,230,0.0
26,27,231,0.0
26,27,232,0.0
26,27,233,0.0
26,27,234,0.0
26,27,235,0.0
26,27,236,0.0
26,27,237,0.0
26,27,238,0.0
26,27,239,0.0
26,27,240,0.0
26,27,241,0.0
26,27,242,0.0
26,27,243,0.0
26,27,244,0.0
26,27,245,0.0
26,27,246,0.0
26,27,247,0.0
26,27,248,0.0
26,27,249,0.0
26,27,250,-0.0
26,27,251,0.0
26,27,252,0.0
26,27,253,0.0
26,27,254,0.0
26,27,255,0.0
26,27,256,0.0
26,27,257,0.0
26,27,258,0.0
26,27,259,0.0
26,27,260,0.0
26,27,261,0.0
26,27,262,0.0
26,27,263,0.0
26,27,264,0.0
26,27,265,0.0
26,27,266,0.0
26,27,267,0.0
26,27,268,0.0
26,27,269,0.0
26,27,270,0.0
26,27,271,0.0
26,27,272,0.0
26,27,273,0.0
26,27,274,0.0
26,27,275,0.0
26,27,276,0.0
26,27,277,0.0
26,27,278,-0.0
26,27,279,0.0
26,27,280,0.0
26,27,281,0.0
26,27,282,0.0
26,27,283,0.0
26,27,284,0.0
26,27,285,0.0
26,27,286,-0.0
26,27,287,0.0
26,27,288,0.0
26,27,289,0.0
26,27,290,0.0
26,27,291,0.0
26,27,292,0.0
26,27,293,0.0
26,27,294,0.0
26,27,295,0.0
26,27,296,-0.0
26,27,297,0.0
26,27,298,0.0
26,27,299,0.0
26,27,300,0.0
26,27,301,0.0
26,27,302,0.0
26,27,303,0.0
26,27,304,0.0
26,27,305,0.0
26,27,306,0.0
26,27,307,0.0
26,27,308,0.0
26,27,309,0.0
26,27,310,0.0
26,27,311,0.0
26,27,312,0.0
26,27,313,0.0
26,27,314,0.0
26,27,315,0.0
26,27,316,0.0
26,27,317,0.0
26,27,318,0.0
26,27,319,0.0
26,27,320,0.0
26,27,321,0.0
26,27,322,0.0
26,27,323,0.0
26,27,324,0.0
26,27,325,0.0
26,27,326,0.0
26,27,327,0.0
26,27,328,0.0
26,27,329,0.0
26,27,330,0.0
26,27,331,0.0
26,27,332,0.0
26,27,333,0.0
26,27,334,0.0
26,27,335,0.0
26,27,336,0.0
26,27,337,0.0
26,27,338,0.0
26,27,339,0.0
26,27,340,0.0
26,27,341,0.0
26,27,342,0.0
26,27,343,0.0
26,27,344,0.0
26,27,345,0.0
26,27,346,0.0
26,27,347,0.0
26,27,348,0.0
26,27,349,0.0
26,27,350,0.0
26,27,351,0.0
26,27,352,0.0
26,27,353,0.0
26,27,354,0.0
26,27,355,0.0
26,27,356,0.0
26,27,357,0.0
26,27,358,0.0
26,27,359,-0.0
26,27,360,-0.0
60,59,0,0.0
60,59,1,0.0
60,59,2,0.0
60,59,3,0.0
60,59,4,0.0
60,59,5,0.0
60,59,6,-0.0
60,59,7,-0.0
60,59,8,-0.0
60,59,9,-0.0
60,59,10,-0.0
60,59,11,-0.0
60,59,12,-0.0
60,59,13,-0.0
60,59,14,-0.0
60,59,15,0.0
60,59,16,0.0
60,59,17,-0.0
60,59,18,-0.0
60,59,19,-0.0
60,59,20,-0.0
60,59,21,-0.0
60,59,22,-0.0
60,59,23,0.0
60,59,24,-0.0
60,59,25,-0.0
60,59,26,-0.0
60,59,27,-0.0
60,59,28,-0.0
60,59,29,-0.0
60,59,30,-0.0
60,59,31,0.0
60,59,32,-0.0
60,59,33,-0.0
60,59,34,-0.0
60,59,35,-0.0
60,59,36,-0.0
60,59,37,0.0
60,59,38,-0.0
60,59,39,-0.0
60,59,40,0.0
60,59,41,0.0
60,59,42,-0.0
60,59,43,-0.0
60,59,44,-0.0
60,59,45,-0.0
60,59,46,-0.0
60,59,47,0.0
60,59,48,0.0
60,59,49,0.0
60,59,50,-0.0
60,59,51,-0.0
60,59,52,-0.0
60,59,53,-0.0
60,59,54,-0.0
60,59,55,-0.0
60,59,56,-0.0
60,59,57,-0.0
60,59,58,0.0
60,59,59,-0.0
60,59,60,-0.0
60,59,61,-0.0
60,59,62,-0.0
60,59,63,-0.0
60,59,64,0.0
60,59,65,0.0
60,59,66,0.0
60,59,67,-0.0
60,59,68,-0.0
60,59,69,0.0
60,59,70,-0.0
60,59,71,0.0
60,59,72,-0.0
60,59,73,0.0
60,59,74,-0.0
60,59,75,-0.0
60,59,76,-0.0
60,59,77,-0.0
60,59,78,-0.0
60,59,79,-0.0
60,59,80,-0.0
60,59,81,-0.0
60,59,82,-0.0
60,59,83,-0.0
60,59,84,-0.0
60,59,85,-0.0
60,59,86,-0.0
60,59,87,0.0
60,59,88,0.0
60,59,89,0.0
60,59,90,-0.0
60,59,91,-0.0
60,59,92,0.0
60,59,93,0.0
60,59,94,0.0
60,59,95,-0.0
60,59,96,0.0
60,59,97,-0.0
60,59,98,-0.0
60,59,99,-0.0
60,59,100,-0.0
60,59,101,-0.0
60,59,102,-0.0
60,59,103,-0.0
60,59,104,-0.0
60,59,105,-0.0
60,59,106,-0.0
60,59,107,-0.0
60,59,108,-0.0
60,59,109,-0.0
60,59,110,-0.0
60,59,111,0.0
60,59,112,0.0
60,59,113,0.0
60,59,114,0.0
60,59,115,0.0
60,59,116,-0.0
60,59,117,0.0
60,59,118,-0.0
60,59,119,-0.0
60,59,120,0.0
60,59,121,-0.0
60,59,122,-0.0
60,59,123,0.0
60,59,124,0.0
60,59,125,0.0
60,59,126,0.0
60,59,127,-0.0
60,59,128,0.0
60,59,129,0.0
60,59,130,0.0
60,59,131,0.0
60,59,132,0.0
60,59,133,-0.0
60,59,134,0.0
60,59,135,0.0
60,59,136,0.0
60,59,137,0.0
60,59,138,0.0
60,59,139,0.0
60,59,140,-0.0
60,59,141,0.0
60,59,142,-0.0
60,59,143,-0.0
60,59,144,-0.0
60,59,145,-0.0
60,59,146,-0.0
60,59,147,0.0
60,59,148,-0.0
60,59,149,-0.0
60,59,150,-0.0
60,59,151,0.0
60,59,152,-0.0
60,59,153,-0.0
60,59,154,-0.0
60,59,155,-0.0
60,59,156,0.0
60,59,157,0.0
60,59,158,0.0
60,59,159,0.0
60,59,160,0.0
60,59,161,0.0
60,59,162,-0.0
60,59,163,0.0
60,59,164,0.0
60,59,165,0.0
60,59,166,0.0
60,59,167,0.0
60,59,168,0.0
60,59,169,0.0
60,59,170,0.0
60,59,171,-0.0
60,59,172,0.0
60,59,173,-0.0
60,59,174,0.0
60,59,175,-0.0
60,59,176,0.0
60,59,177,-0.0
60,59,178,-0.0
60,59,179,-0.0
60,59,180,-0.0
60,59,181,0.0
60,59,182,0.0
60,59,183,-0.0
60,59,184,-0.0
60,59,185,-0.0
60,59,186,-0.0
60,59,187,-0.0
60,59,188,0.0
60,59,189,-0.0
60,59,190,0.0
60,59,191,0.0
60,59,192,-0.0
60,59,193,-0.0
60,59,194,-0.0
60,59,195,-0.0
60,59,196,-0.0
60,59,197,-0.0
60,59,198,-0.0
60,59,199,-0.0
60,59,200,-0.0
60,59,201,0.0
60,59,202,-0.0
60,59,203,-0.0
60,59,204,-0.0
60,59,205,-0.0
60,59,206,0.0
60,59,207,-0.0
60,59,208,-0.0
60,59,209,-0.0
60,59,210,-0.0
60,59,211,-0.0
60,59,212,-0.0
60,59,213,-0.0
60,59,214,-0.0
60,59,215,0.0
60,59,216,0.0
60,59,217,-0.0
60,59,218,-0.0
60,59,219,-0.0
60,59,220,-0.0
60,59,221,0.0
60,59,222,0.0
60,59,223,0.0
60,59,224,0.0
60,59,225,-0.0
60,59,226,0.0
60,59,227,-0.0
60,59,228,-0.0
60,59,229,-0.0
60,59,230,-0.0
60,59,231,-0.0
60,59,232,0.0
60,59,233,-0.0
60,59,234,0.0
60,59,235,0.0
60,59,236,0.0
60,59,237,0.0
60,59,238,-0.0
60,59,239,0.0
60,59,240,-0.0
60,59,241,-0.0
60,59,242,0.0
60,59,243,0.0
60,59,244,-0.0
60,59,245,-0.0
60,59,246,-0.0
60,59,247,-0.0
60,59,248,-0.0
60,59,249,-0.0
60,59,250,0.0
60,59,251,-0.0
60,59,252,0.0
60,59,253,0.0
60,59,254,0.0
60,59,255,-0.0
60,59,256,-0.0
60,59,257,-0.0
60,59,258,-0.0
60,59,259,0.0
60,59,260,0.0
60,59,261,-0.0
60,59,262,-0.0
60,59,263,0.0
60,59,264,-0.0
60,59,265,0.0
60,59,266,0.0
60,59,267,0.0
60,59,268,-0.0
60,59,269,0.0
60,59,270,0.0
60,59,271,0.0
60,59,272,0.0
60,59,273,0.0
60,59,274,0.0
60,59,275,-0.0
60,59,276,-0.0
60,59,277,-0.0
60,59,278,-0.0
60,59,279,0.0
60,59,280,-0.0
60,59,281,-0.0
60,59,282,-0.0
60,59,283,-0.0
60,59,284,0.0
60,59,285,0.0
60,59,286,0.0
60,59,287,0.0
60,59,288,0.0
60,59,289,0.0
60,59,290,0.0
60,59,291,-0.0
60,59,292,-0.0
60,59,293,0.0
60,59,294,0.0
60,59,295,0.0
60,59,296,-0.0
60,59,297,0.0
60,59,298,0.0
60,59,299,-0.0
60,59,300,-0.0
60,59,301,0.0
60,59,302,0.0
60,59,303,-0.0
60,59,304,-0.0
60,59,305,0.0
60,59,306,-0.0
60,59,307,0.0
60,59,308,0.0
60,59,309,-0.0
60,59,310,-0.0
60,59,311,-0.0
60,59,312,-0.0
60,59,313,0.0
60,59,314,0.0
60,59,315,-0.0
60,59,316,-0.0
60,59,317,-0.0
60,59,318,0.0
60,59,319,-0.0
60,59,320,0.0
60,59,321,-0.0
60,59,322,0.0
60,59,323,-0.0
60,59,324,0.0
60,59,325,0.0
60,59,326,0.0
60,59,327,-0.0
60,59,328,-0.0
60,59,329,-0.0
60,59,330,0.0
60,59,331,-0.0
60,59,332,0.0
60,59,333,0.0
60,59,334,-0.0
60,59,335,-0.0
60,59,336,-0.0
60,59,337,-0.0
60,59,338,-0.0
60,59,339,-0.0
60,59,340,-0.0
60,59,341,-0.0
60,59,342,-0.0
60,59,343,-0.0
60,59,344,0.0
60,59,345,-0.0
60,59,346,-0.0
60,59,347,-0.0
60,59,348,0.0
60,59,349,0.0
60,59,350,-0.0
60,59,351,-0.0
60,59,352,-0.0
60,59,353,0.0
60,59,354,0.0
60,59,355,0.0
60,59,356,0.0
60,59,357,0.0
60,59,358,-0.0
60,59,359,-0.0
60,59,360,-0.0
21,22,0,0.0
21,22,1,0.0
21,22,2,0.0
21,22,3,-0.0
21,22,4,0.0
21,22,5,0.0
21,22,6,0.0
21,22,7,0.0
21,22,8,-0.0
21,22,9,0.0
21,22,10,-0.0
21,22,11,0.0
21,22,12,0.0
21,22,13,0.0
21,22,14,-0.0
21,22,15,0.0
21,22,16,0.0
21,22,17,0.0
21,22,18,0.0
21,22,19,-0.0
21,22,20,-0.0
21,22,21,0.0
21,22,22,0.0
21,22,23,0.0
21,22,24,0.0
21,22,25,0.0
21,22,26,0.0
21,22,27,0.0
21,22,28,0.0
21,22,29,0.0
21,22,30,0.0
21,22,31,0.0
21,22,32,0.0
21,22,33,-0.0
21,22,34,0.0
21,22,35,0.0
21,22,36,-0.0
21,22,37,0.0
21,22,38,0.0
21,22,39,0.0
21,22,40,0.0
21,22,41,0.0
21,22,42,0.0
21,22,43,0.0
21,22,44,0.0
21,22,45,0.0
21,22,46,0.0
21,22,47,0.0
21,22,48,0.0
21,22,49,0.0
21,22,50,-0.0
21,22,51,0.0
21,22,52,0.0
21,22,53,0.0
21,22,54,0.0
21,22,55,0.0
21,22,56,0.0
21,22,57,0.0
21,22,58,0.0
21,22,59,0.0
21,22,60,0.0
21,22,61,0.0
21,22,62,0.0
21,22,63,0.0
21,22,64,0.0
21,22,65,0.0
21,22,66,0.0
21,22,67,0.0
21,22,68,0.0
21,22,69,0.0
21,22,70,0.0
21,22,71,-0.0
21,22,72,0.0
21,22,73,0.0
21,22,74,0.0
21,22,75,0.0
21,22,76,0.0
21,22,77,0.0
21,22,78,0.0
21,22,79,0.0
21,22,80,0.0
21,22,81,0.0
21,22,82,0.0
21,22,83,0.0
21,22,84,0.0
21,22,85,0.0
21,22,86,0.0
21,22,87,0.0
21,22,88,0.0
21,22,89,0.0
21,22,90,0.0
21,22,91,0.0
21,22,92,0.0
21,22,93,0.0
21,22,94,0.0
21,22,95,0.0
21,22,96,0.0
21,22,97,0.0
21,22,98,0.0
21,22,99,0.0
21,22,100,0.0
21,22,101,0.0
21,22,102,0.0
21,22,103,0.0
21,22,104,0.0
21,22,105,0.0
21,22,106,0.0
21,22,107,0.0
21,22,108,0.0
21,22,109,0.0
21,22,110,0.0
21,22,111,0.0
21,22,112,0.0
21,22,113,0.0
21,22,114,0.0
21,22,115,0.0
21,22,116,0.0
21,22,117,0.0
21,22,118,0.0
21,22,119,0.0
21,22,120,0.0
21,22,121,0.0
21,22,122,0.0
21,22,123,0.0
21,22,124,0.0
21,22,125,0.0
21,22,126,0.0
21,22,127,-0.0
21,22,128,0.0
21,22,129,0.0
21,22,130,0.0
21,22,131,0.0
21,22,132,0.0
21,22,133,0.0
21,22,134,0.0
21,22,135,0.0
21,22,136,0.0
21,22,137,0.0
21,22,138,0.0
21,22,139,0.0
21,22,140,0.0
21,22,141,0.0
21,22,142,0.0
21,22,143,0.0
21,22,144,0.0
21,22,145,-0.0
21,22,146,0.0
21,22,147,0.0
21,22,148,-0.0
21,22,149,0.0
21,22,150,0.0
21,22,151,0.0
21,22,152,0.0
21,22,153,0.0
21,22,154,0.0
21,22,155,0.0
21,22,156,0.0
21,22,157,0.0
21,22,158,0.0
21,22,159,0.0
21,22,160,0.0
21,22,161,0.0
21,22,162,0.0
21,22,163,0.0
21,22,164,0.0
21,22,165,0.0
21,22,166,0.0
21,22,167,0.0
21,22,168,0.0
21,22,169,-0.0
21,22,170,0.0
21,22,171,0.0
21,22,172,0.0
21,22,173,0.0
21,22,174,0.0
21,22,175,0.0
21,22,176,0.0
21,22,177,-0.0
21,22,178,0.0
21,22,179,0.0
21,22,180,0.0
21,22,181,0.0
21,22,182,0.0
21,22,183,0.0
21,22,184,-0.0
21,22,185,0.0
21,22,186,0.0
21,22,187,0.0
21,22,188,0.0
21,22,189,0.0
21,22,190,0.0
21,22,191,0.0
21,22,192,-0.0
21,22,193,0.0
21,22,194,0.0
21,22,195,-0.0
21,22,196,0.0
21,22,197,0.0
21,22,198,0.0
21,22,199,0.0
21,22,200,0.0
21,22,201,0.0
21,22,202,0.0
21,22,203,0.0
21,22,204,0.0
21,22,205,0.0
21,22,206,0.0
21,22,207,-0.0
21,22,208,0.0
21,22,209,0.0
21,22,210,0.0
21,22,211,0.0
21,22,212,0.0
21,22,213,0.0
21,22,214,0.0
21,22,215,0.0
21,22,216,0.0
21,22,217,0.0
21,22,218,0.0
21,22,219,0.0
21,22,220,0.0
21,22,221,0.0
21,22,222,0.0
21,22,223,0.0
21,22,224,0.0
21,22,225,0.0
21,22,226,0.0
21,22,227,0.0
21,22,228,0.0
21,22,229,0.0
21,22,230,0.0
21,22,231,0.0
21,22,232,0.0
21,22,233,0.0
21,22,234,0.0
21,22,235,0.0
21,22,236,0.0
21,22,237,0.0
21,22,238,0.0
21,22,239,0.0
21,22,240,0.0
21,22,241,0.0
21,22,242,-0.0
21,22,243,0.0
21,22,244,0.0
21,22,245,0.0
21,22,246,0.0
21,22,247,0.0
21,22,248,0.0
21,22,249,0.0
21,22,250,0.0
21,22,251,0.0
21,22,252,0.0
21,22,253,0.0
21,22,254,0.0
21,22,255,0.0
21,22,256,0.0
21,22,257,0.0
21,22,258,0.0
21,22,259,0.0
21,22,260,0.0
21,22,261,0.0
21,22,262,0.0
21,22,263,0.0
21,22,264,0.0
21,22,265,0.0
21,22,266,0.0
21,22,267,0.0
21,22,268,-0.0
21,22,269,0.0
21,22,270,0.0
21,22,271,0.0
21,22,272,0.0
21,22,273,0.0
21,22,274,0.0
21,22,275,0.0
21,22,276,-0.0
21,22,277,0.0
21,22,278,0.0
21,22,279,0.0
21,22,280,0.0
21,22,281,0.0
21,22,282,0.0
21,22,283,0.0
21,22,284,0.0
21,22,285,0.0
21,22,286,0.0
21,22,287,0.0
21,22,288,-0.0
21,22,289,0.0
21,22,290,0.0
21,22,291,0.0
21,22,292,0.0
21,22,293,-0.0
21,22,294,0.0
21,22,295,0.0
21,22,296,0.0
21,22,297,0.0
21,22,298,0.0
21,22,299,-0.0
21,22,300,0.0
21,22,301,0.0
21,22,302,0.0
21,22,303,0.0
21,22,304,0.0
21,22,305,0.0
21,22,306,0.0
21,22,307,0.0
21,22,308,-0.0
21,22,309,0.0
21,22,310,0.0
21,22,311,0.0
21,22,312,0.0
21,22,313,0.0
21,22,314,0.0
21,22,315,0.0
21,22,316,0.0
21,22,317,0.0
21,22,318,0.0
21,22,319,0.0
21,22,320,-0.0
21,22,321,0.0
21,22,322,0.0
21,22,323,0.0
21,22,324,0.0
21,22,325,0.0
21,22,326,0.0
21,22,327,0.0
21,22,328,0.0
21,22,329,0.0
21,22,330,0.0
21,22,331,0.0
21,22,332,-0.0
21,22,333,0.0
21,22,334,0.0
21,22,335,0.0
21,22,336,0.0
21,22,337,0.0
21,22,338,0.0
21,22,339,0.0
21,22,340,0.0
21,22,341,0.0
21,22,342,0.0
21,22,343,0.0
21,22,344,0.0
21,22,345,0.0
21,22,346,0.0
21,22,347,-0.0
21,22,348,0.0
21,22,349,0.0
21,22,350,0.0
21,22,351,0.0
21,22,352,0.0
21,22,353,0.0
21,22,354,0.0
21,22,355,0.0
21,22,356,0.0
21,22,357,0.0
21,22,358,0.0
21,22,359,-0.0
21,22,360,-0.0
87,86,0,0.0
87,86,1,0.0
87,86,2,6.0
87,86,3,0.0
87,86,4,0.0
87,86,5,0.0
87,86,6,4.0
87,86,7,0.0
87,86,8,6.0
87,86,9,0.0
87,86,10,0.0
87,86,11,6.0
87,86,12,6.0
87,86,13,6.0
87,86,14,6.0
87,86,15,6.0
87,86,16,6.0
87,86,17,0.0
87,86,18,0.0
87,86,19,0.0
87,86,20,6.0
87,86,21,0.0
87,86,22,0.0
87,86,23,0.0
87,86,24,6.0
87,86,25,5.0
87,86,26,6.0
87,86,27,0.0
87,86,28,5.0
87,86,29,0.0
87,86,30,4.0
87,86,31,6.0
87,86,32,0.0
87,86,33,0.0
87,86,34,0.0
87,86,35,0.0
87,86,36,0.0
87,86,37,0.0
87,86,38,6.0
87,86,39,4.0
87,86,40,1.0
87,86,41,2.0
87,86,42,6.0
87,86,43,0.0
87,86,44,4.0
87,86,45,0.0
87,86,46,6.0
87,86,47,0.0
87,86,48,0.0
87,86,49,4.0
87,86,50,6.0
87,86,51,0.0
87,86,52,6.0
87,86,53,0.0
87,86,54,6.0
87,86,55,0.0
87,86,56,0.0
87,86,57,0.0
87,86,58,4.0
87,86,59,0.0
87,86,60,1.0
87,86,61,4.0
87,86,62,0.0
87,86,63,5.0
87,86,64,0.0
87,86,65,0.0
87,86,66,0.0
87,86,67,4.0
87,86,68,0.0
87,86,69,0.0
87,86,70,0.0
87,86,71,0.0
87,86,72,6.0
87,86,73,6.0
87,86,74,4.0
87,86,75,0.0
87,86,76,0.0
87,86,77,0.0
87,86,78,0.0
87,86,79,6.0
87,86,80,0.0
87,86,81,6.0
87,86,82,6.0
87,86,83,6.0
87,86,84,6.0
87,86,85,0.0
87,86,86,6.0
87,86,87,0.0
87,86,88,0.0
87,86,89,0.0
87,86,90,5.0
87,86,91,6.0
87,86,92,6.0
87,86,93,0.0
87,86,94,0.0
87,86,95,5.0
87,86,96,0.0
87,86,97,6.0
87,86,98,0.0
87,86,99,0.0
87,86,100,6.0
87,86,101,2.0
87,86,102,6.0
87,86,103,5.0
87,86,104,0.0
87,86,105,4.0
87,86,106,0.0
87,86,107,5.0
87,86,108,0.0
87,86,109,6.0
87,86,110,0.0
87,86,111,6.0
87,86,112,6.0
87,86,113,0.0
87,86,114,6.0
87,86,115,0.0
87,86,116,0.0
87,86,117,5.0
87,86,118,0.0
87,86,119,4.0
87,86,120,1.0
87,86,121,4.0
87,86,122,6.0
87,86,123,4.0
87,86,124,0.0
87,86,125,5.0
87,86,126,0.0
87,86,127,4.0
87,86,128,1.0
87,86,129,0.0
87,86,130,0.0
87,86,131,0.0
87,86,132,6.0
87,86,133,0.0
87,86,134,0.0
87,86,135,0.0
87,86,136,5.0
87,86,137,0.0
87,86,138,6.0
87,86,139,0.0
87,86,140,4.0
87,86,141,6.0
87,86,142,5.0
87,86,143,0.0
87,86,144,6.0
87,86,145,0.0
87,86,146,5.0
87,86,147,6.0
87,86,148,4.0
87,86,149,0.0
87,86,150,5.0
87,86,151,6.0
87,86,152,6.0
87,86,153,0.0
87,86,154,5.0
87,86,155,6.0
87,86,156,0.0
87,86,157,5.0
87,86,158,0.0
87,86,159,0.0
87,86,160,5.0
87,86,161,0.0
87,86,162,0.0
87,86,163,6.0
87,86,164,6.0
87,86,165,0.0
87,86,166,1.0
87,86,167,0.0
87,86,168,0.0
87,86,169,6.0
87,86,170,0.0
87,86,171,6.0
87,86,172,4.0
87,86,173,6.0
87,86,174,5.0
87,86,175,0.0
87,86,176,0.0
87,86,177,5.0
87,86,178,6.0
87,86,179,0.0
87,86,180,6.0
87,86,181,6.0
87,86,182,5.0
87,86,183,6.0
87,86,184,0.0
87,86,185,6.0
87,86,186,6.0
87,86,187,0.0
87,86,188,0.0
87,86,189,0.0
87,86,190,0.0
87,86,191,6.0
87,86,192,6.0
87,86,193,6.0
87,86,194,4.0
87,86,195,0.0
87,86,196,4.0
87,86,197,6.0
87,86,198,0.0
87,86,199,0.0
87,86,200,0.0
87,86,201,0.0
87,86,202,0.0
87,86,203,2.0
87,86,204,6.0
87,86,205,0.0
87,86,206,0.0
87,86,207,4.0
87,86,208,0.0
87,86,209,0.0
87,86,210,6.0
87,86,211,0.0
87,86,212,6.0
87,86,213,0.0
87,86,214,0.0
87,86,215,0.0
87,86,216,0.0
87,86,217,4.0
87,86,218,0.0
87,86,219,6.0
87,86,220,0.0
87,86,221,0.0
87,86,222,0.0
87,86,223,2.0
87,86,224,5.0
87,86,225,0.0
87,86,226,5.0
87,86,227,0.0
87,86,228,0.0
87,86,229,6.0
87,86,230,0.0
87,86,231,0.0
87,86,232,0.0
87,86,233,5.0
87,86,234,0.0
87,86,235,0.0
87,86,236,0.0
87,86,237,5.0
87,86,238,0.0
87,86,239,0.0
87,86,240,5.0
87,86,241,0.0
87,86,242,2.0
87,86,243,0.0
87,86,244,5.0
87,86,245,6.0
87,86,246,6.0
87,86,247,6.0
87,86,248,0.0
87,86,249,6.0
87,86,250,6.0
87,86,251,6.0
87,86,252,0.0
87,86,253,0.0
87,86,254,0.0
87,86,255,6.0
87,86,256,6.0
87,86,257,0.0
87,86,258,4.0
87,86,259,0.0
87,86,260,6.0
87,86,261,0.0
87,86,262,5.0
87,86,263,0.0
87,86,264,6.0
87,86,265,4.0
87,86,266,6.0
87,86,267,5.0
87,86,268,0.0
87,86,269,6.0
87,86,270,0.0
87,86,271,5.0
87,86,272,0.0
87,86,273,5.0
87,86,274,0.0
87,86,275,5.0
87,86,276,6.0
87,86,277,4.0
87,86,278,0.0
87,86,279,6.0
87,86,280,6.0
87,86,281,0.0
87,86,282,6.0
87,86,283,6.0
87,86,284,5.0
87,86,285,0.0
87,86,286,0.0
87,86,287,0.0
87,86,288,5.0
87,86,289,0.0
87,86,290,6.0
87,86,291,6.0
87,86,292,4.0
87,86,293,6.0
87,86,294,5.0
87,86,295,6.0
87,86,296,0.0
87,86,297,5.0
87,86,298,0.0
87,86,299,6.0
87,86,300,6.0
87,86,301,6.0
87,86,302,0.0
87,86,303,5.0
87,86,304,0.0
87,86,305,4.0
87,86,306,0.0
87,86,307,4.0
87,86,308,0.0
87,86,309,6.0
87,86,310,6.0
87,86,311,6.0
87,86,312,6.0
87,86,313,0.0
87,86,314,6.0
87,86,315,0.0
87,86,316,0.0
87,86,317,0.0
87,86,318,0.0
87,86,319,5.0
87,86,320,6.0
87,86,321,0.0
87,86,322,6.0
87,86,323,0.0
87,86,324,6.0
87,86,325,0.0
87,86,326,5.0
87,86,327,0.0
87,86,328,5.0
87,86,329,0.0
87,86,330,6.0
87,86,331,0.0
87,86,332,0.0
87,86,333,6.0
87,86,334,6.0
87,86,335,6.0
87,86,336,5.0
87,86,337,0.0
87,86,338,4.0
87,86,339,0.0
87,86,340,5.0
87,86,341,6.0
87,86,342,6.0
87,86,343,0.0
87,86,344,4.0
87,86,345,0.0
87,86,346,6.0
87,86,347,5.0
87,86,348,0.0
87,86,349,4.0
87,86,350,6.0
87,86,351,0.0
87,86,352,0.0
87,86,353,6.0
87,86,354,0.0
87,86,355,6.0
87,86,356,6.0
87,86,357,4.0
87,86,358,0.0
87,86,359,0.0
87,86,360,-0.0
89,92,0,0.0
89,92,1,0.0
89,92,2,0.0
89,92,3,-0.0
89,92,4,-0.0
89,92,5,-0.0
89,92,6,0.0
89,92,7,-0.0
89,92,8,-0.0
89,92,9,-0.0
89,92,10,-0.0
89,92,11,-0.0
89,92,12,-0.0
89,92,13,-0.0
89,92,14,-0.0
89,92,15,-0.0
89,92,16,0.0
89,92,17,-0.0
89,92,18,-0.0
89,92,19,-0.0
89,92,20,-0.0
89,92,21,-0.0
89,92,22,-0.0
89,92,23,-0.0
89,92,24,-0.0
89,92,25,-0.0
89,92,26,-0.0
89,92,27,-0.0
89,92,28,-0.0
89,92,29,-0.0
89,92,30,-0.0
89,92,31,-0.0
89,92,32,-0.0
89,92,33,-0.0
89,92,34,-0.0
89,92,35,-0.0
89,92,36,-0.0
89,92,37,-0.0
89,92,38,-0.0
89,92,39,-0.0
89,92,40,-0.0
89,92,41,-0.0
89,92,42,-0.0
89,92,43,-0.0
89,92,44,-0.0
89,92,45,-0.0
89,92,46,-0.0
89,92,47,-0.0
89,92,48,-0.0
89,92,49,-0.0
89,92,50,-0.0
89,92,51,-0.0
89,92,52,-0.0
89,92,53,-0.0
89,92,54,-0.0
89,92,55,-0.0
89,92,56,-0.0
89,92,57,-0.0
89,92,58,0.0
89,92,59,-0.0
89,92,60,-0.0
89,92,61,-0.0
89,92,62,-0.0
89,92,63,-0.0
89,92,64,-0.0
89,92,65,-0.0
89,92,66,-0.0
89,92,67,-0.0
89,92,68,-0.0
89,92,69,-0.0
89,92,70,-0.0
89,92,71,-0.0
89,92,72,0.0
89,92,73,0.0
89,92,74,-0.0
89,92,75,-0.0
89,92,76,-0.0
89,92,77,-0.0
89,92,78,-0.0
89,92,79,-0.0
89,92,80,-0.0
89,92,81,-0.0
89,92,82,0.0
89,92,83,-0.0
89,92,84,-0.0
89,92,85,-0.0
89,92,86,-0.0
89,92,87,-0.0
89,92,88,-0.0
89,92,89,-0.0
89,92,90,-0.0
89,92,91,-0.0
89,92,92,-0.0
89,92,93,-0.0
89,92,94,-0.0
89,92,95,-0.0
89,92,96,-0.0
89,92,97,-0.0
89,92,98,-0.0
89,92,99,-0.0
89,92,100,-0.0
89,92,101,-0.0
89,92,102,-0.0
89,92,103,-0.0
89,92,104,-0.0
89,92,105,-0.0
89,92,106,-0.0
89,92,107,-0.0
89,92,108,-0.0
89,92,109,-0.0
89,92,110,-0.0
89,92,111,-0.0
89,92,112,-0.0
89,92,113,-0.0
89,92,114,-0.0
89,92,115,-0.0
89,92,116,-0.0
89,92,117,-0.0
89,92,118,-0.0
89,92,119,-0.0
89,92,120,-0.0
89,92,121,-0.0
89,92,122,-0.0
89,92,123,-0.0
89,92,124,-0.0
89,92,125,-0.0
89,92,126,-0.0
89,92,127,-0.0
89,92,128,-0.0
89,92,129,-0.0
89,92,130,-0.0
89,92,131,-0.0
89,92,132,-0.0
89,92,133,-0.0
89,92,134,-0.0
89,92,135,-0.0
89,92,136,-0.0
89,92,137,-0.0
89,92,138,-0.0
89,92,139,-0.0
89,92,140,-0.0
89,92,141,-0.0
89,92,142,-0.0
89,92,143,0.0
89,92,144,-0.0
89,92,145,0.0
89,92,146,-0.0
89,92,147,-0.0
89,92,148,-0.0
89,92,149,-0.0
89,92,150,-0.0
89,92,151,-0.0
89,92,152,-0.0
89,92,153,0.0
89,92,154,-0.0
89,92,155,-0.0
89,92,156,-0.0
89,92,157,-0.0
89,92,158,-0.0
89,92,159,-0.0
89,92,160,-0.0
89,92,161,-0.0
89,92,162,0.0
89,92,163,-0.0
89,92,164,-0.0
89,92,165,-0.0
89,92,166,-0.0
89,92,167,-0.0
89,92,168,-0.0
89,92,169,0.0
89,92,170,-0.0
89,92,171,-0.0
89,92,172,-0.0
89,92,173,-0.0
89,92,174,-0.0
89,92,175,-0.0
89,92,176,-0.0
89,92,177,0.0
89,92,178,-0.0
89,92,179,-0.0
89,92,180,-0.0
89,92,181,-0.0
89,92,182,-0.0
89,92,183,0.0
89,92,184,-0.0
89,92,185,-0.0
89,92,186,-0.0
89,92,187,-0.0
89,92,188,-0.0
89,92,189,-0.0
89,92,190,-0.0
89,92,191,0.0
89,92,192,-0.0
89,92,193,-0.0
89,92,194,0.0
89,92,195,0.0
89,92,196,-0.0
89,92,197,-0.0
89,92,198,-0.0
89,92,199,-0.0
89,92,200,0.0
89,92,201,-0.0
89,92,202,-0.0
89,92,203,0.0
89,92,204,-0.0
89,92,205,-0.0
89,92,206,-0.0
89,92,207,-0.0
89,92,208,-0.0
89,92,209,0.0
89,92,210,-0.0
89,92,211,-0.0
89,92,212,-0.0
89,92,213,-0.0
89,92,214,-0.0
89,92,215,-0.0
89,92,216,-0.0
89,92,217,-0.0
89,92,218,-0.0
89,92,219,0.0
89,92,220,-0.0
89,92,221,-0.0
89,92,222,0.0
89,92,223,-0.0
89,92,224,-0.0
89,92,225,-0.0
89,92,226,-0.0
89,92,227,-0.0
89,92,228,-0.0
89,92,229,-0.0
89,92,230,-0.0
89,92,231,-0.0
89,92,232,-0.0
89,92,233,-0.0
89,92,234,-0.0
89,92,235,-0.0
89,92,236,-0.0
89,92,237,-0.0
89,92,238,-0.0
89,92,239,-0.0
89,92,240,0.0
89,92,241,0.0
89,92,242,-0.0
89,92,243,-0.0
89,92,244,-0.0
89,92,245,0.0
89,92,246,-0.0
89,92,247,-0.0
89,92,248,-0.0
89,92,249,-0.0
89,92,250,-0.0
89,92,251,-0.0
89,92,252,-0.0
89,92,253,-0.0
89,92,254,-0.0
89,92,255,0.0
89,92,256,-0.0
89,92,257,-0.0
89,92,258,-0.0
89,92,259,-0.0
89,92,260,-0.0
89,92,261,-0.0
89,92,262,-0.0
89,92,263,-0.0
89,92,264,-0.0
89,92,265,-0.0
89,92,266,-0.0
89,92,267,-0.0
89,92,268,-0.0
89,92,269,-0.0
89,92,270,-0.0
89,92,271,-0.0
89,92,272,-0.0
89,92,273,-0.0
89,92,274,-0.0
89,92,275,-0.0
89,92,276,-0.0
89,92,277,-0.0
89,92,278,-0.0
89,92,279,-0.0
89,92,280,-0.0
89,92,281,-0.0
89,92,282,-0.0
89,92,283,-0.0
89,92,284,-0.0
89,92,285,-0.0
89,92,286,-0.0
89,92,287,-0.0
89,92,288,-0.0
89,92,289,-0.0
89,92,290,-0.0
89,92,291,-0.0
89,92,292,-0.0
89,92,293,-0.0
89,92,294,-0.0
89,92,295,-0.0
89,92,296,0.0
89,92,297,-0.0
89,92,298,-0.0
89,92,299,-0.0
89,92,300,-0.0
89,92,301,-0.0
89,92,302,-0.0
89,92,303,0.0
89,92,304,-0.0
89,92,305,-0.0
89,92,306,-0.0
89,92,307,0.0
89,92,308,-0.0
89,92,309,-0.0
89,92,310,-0.0
89,92,311,-0.0
89,92,312,-0.0
89,92,313,-0.0
89,92,314,-0.0
89,92,315,-0.0
89,92,316,-0.0
89,92,317,-0.0
89,92,318,-0.0
89,92,319,-0.0
89,92,320,0.0
89,92,321,-0.0
89,92,322,-0.0
89,92,323,-0.0
89,92,324,-0.0
89,92,325,-0.0
89,92,326,-0.0
89,92,327,-0.0
89,92,328,-0.0
89,92,329,0.0
89,92,330,-0.0
89,92,331,-0.0
89,92,332,-0.0
89,92,333,-0.0
89,92,334,-0.0
89,92,335,-0.0
89,92,336,-0.0
89,92,337,-0.0
89,92,338,-0.0
89,92,339,-0.0
89,92,340,-0.0
89,92,341,-0.0
89,92,342,-0.0
89,92,343,-0.0
89,92,344,-0.0
89,92,345,-0.0
89,92,346,-0.0
89,92,347,-0.0
89,92,348,-0.0
89,92,349,-0.0
89,92,350,-0.0
89,92,351,-0.0
89,92,352,-0.0
89,92,353,0.0
89,92,354,0.0
89,92,355,-0.0
89,92,356,-0.0
89,92,357,-0.0
89,92,358,0.0
89,92,359,-0.0
89,92,360,-0.0
27,19,0,0.0
27,19,1,0.0
27,19,2,0.0
27,19,3,0.0
27,19,4,0.0
27,19,5,0.0
27,19,6,0.0
27,19,7,-0.0
27,19,8,-0.0
27,19,9,0.0
27,19,10,-0.0
27,19,11,-0.0
27,19,12,-0.0
27,19,13,-0.0
27,19,14,-0.0
27,19,15,-0.0
27,19,16,-0.0
27,19,17,-0.0
27,19,18,-0.0
27,19,19,-0.0
27,19,20,-0.0
27,19,21,-0.0
27,19,22,-0.0
27,19,23,-0.0
27,19,24,-0.0
27,19,25,-0.0
27,19,26,-0.0
27,19,27,-0.0
27,19,28,-0.0
27,19,29,-0.0
27,19,30,-0.0
27,19,31,-0.0
27,19,32,-0.0
27,19,33,-0.0
27,19,34,-0.0
27,19,35,-0.0
27,19,36,-0.0
27,19,37,-0.0
27,19,38,-0.0
27,19,39,-0.0
27,19,40,-0.0
27,19,41,-0.0
27,19,42,-0.0
27,19,43,-0.0
27,19,44,-0.0
27,19,45,-0.0
27,19,46,-0.0
27,19,47,0.0
27,19,48,-0.0
27,19,49,0.0
27,19,50,0.0
27,19,51,-0.0
27,19,52,-0.0
27,19,53,-0.0
27,19,54,-0.0
27,19,55,-0.0
27,19,56,-0.0
27,19,57,-0.0
27,19,58,-0.0
27,19,59,-0.0
27,19,60,-0.0
27,19,61,-0.0
27,19,62,0.0
27,19,63,0.0
27,19,64,-0.0
27,19,65,-0.0
27,19,66,-0.0
27,19,67,-0.0
27,19,68,-0.0
27,19,69,-0.0
27,19,70,-0.0
27,19,71,-0.0
27,19,72,-0.0
27,19,73,0.0
27,19,74,-0.0
27,19,75,-0.0
27,19,76,-0.0
27,19,77,-0.0
27,19,78,0.0
27,19,79,-0.0
27,19,80,-0.0
27,19,81,-0.0
27,19,82,-0.0
27,19,83,-0.0
27,19,84,-0.0
27,19,85,-0.0
27,19,86,0.0
27,19,87,-0.0
27,19,88,-0.0
27,19,89,0.0
27,19,90,0.0
27,19,91,0.0
27,19,92,0.0
27,19,93,-0.0
27,19,94,0.0
27,19,95,-0.0
27,19,96,-0.0
27,19,97,-0.0
27,19,98,0.0
27,19,99,-0.0
27,19,100,-0.0
27,19,101,-0.0
27,19,102,-0.0
27,19,103,-0.0
27,19,104,-0.0
27,19,105,-0.0
27,19,106,0.0
27,19,107,0.0
27,19,108,-0.0
27,19,109,0.0
27,19,110,0.0
27,19,111,-0.0
27,19,112,-0.0
27,19,113,0.0
27,19,114,-0.0
27,19,115,-0.0
27,19,116,-0.0
27,19,117,0.0
27,19,118,0.0
27,19,119,-0.0
27,19,120,-0.0
27,19,121,0.0
27,19,122,-0.0
27,19,123,-0.0
27,19,124,0.0
27,19,125,0.0
27,19,126,-0.0
27,19,127,-0.0
27,19,128,0.0
27,19,129,-0.0
27,19,130,-0.0
27,19,131,-0.0
27,19,132,-0.0
27,19,133,-0.0
27,19,134,-0.0
27,19,135,-0.0
27,19,136,-0.0
27,19,137,-0.0
27,19,138,-0.0
27,19,139,-0.0
27,19,140,-0.0
27,19,141,-0.0
27,19,142,-0.0
27,19,143,-0.0
27,19,144,-0.0
27,19,145,-0.0
27,19,146,-0.0
27,19,147,-0.0
27,19,148,-0.0
27,19,149,-0.0
27,19,150,-0.0
27,19,151,-0.0
27,19,152,-0.0
27,19,153,-0.0
27,19,154,-0.0
27,19,155,-0.0
27,19,156,-0.0
27,19,157,-0.0
27,19,158,-0.0
27,19,159,-0.0
27,19,160,-0.0
27,19,161,-0.0
27,19,162,0.0
27,19,163,-0.0
27,19,164,-0.0
27,19,165,0.0
27,19,166,-0.0
27,19,167,-0.0
27,19,168,0.0
27,19,169,-0.0
27,19,170,0.0
27,19,171,-0.0
27,19,172,0.0
27,19,173,-0.0
27,19,174,-0.0
27,19,175,-0.0
27,19,176,0.0
27,19,177,-0.0
27,19,178,-0.0
27,19,179,-0.0
27,19,180,-0.0
27,19,181,-0.0
27,19,182,-0.0
27,19,183,0.0
27,19,184,-0.0
27,19,185,-0.0
27,19,186,-0.0
27,19,187,0.0
27,19,188,-0.0
27,19,189,-0.0
27,19,190,0.0
27,19,191,0.0
27,19,192,0.0
27,19,193,-0.0
27,19,194,-0.0
27,19,195,-0.0
27,19,196,-0.0
27,19,197,-0.0
27,19,198,-0.0
27,19,199,-0.0
27,19,200,0.0
27,19,201,-0.0
27,19,202,-0.0
27,19,203,-0.0
27,19,204,0.0
27,19,205,0.0
27,19,206,0.0
27,19,207,0.0
27,19,208,-0.0
27,19,209,-0.0
27,19,210,-0.0
27,19,211,-0.0
27,19,212,-0.0
27,19,213,-0.0
27,19,214,-0.0
27,19,215,-0.0
27,19,216,-0.0
27,19,217,-0.0
27,19,218,-0.0
27,19,219,-0.0
27,19,220,-0.0
27,19,221,-0.0
27,19,222,-0.0
27,19,223,-0.0
27,19,224,0.0
27,19,225,0.0
27,19,226,-0.0
27,19,227,-0.0
27,19,228,-0.0
27,19,229,-0.0
27,19,230,-0.0
27,19,231,0.0
27,19,232,-0.0
27,19,233,-0.0
27,19,234,-0.0
27,19,235,0.0
27,19,236,-0.0
27,19,237,-0.0
27,19,238,-0.0
27,19,239,-0.0
27,19,240,-0.0
27,19,241,-0.0
27,19,242,-0.0
27,19,243,-0.0
27,19,244,-0.0
27,19,245,-0.0
27,19,246,-0.0
27,19,247,-0.0
27,19,248,-0.0
27,19,249,-0.0
27,19,250,-0.0
27,19,251,-0.0
27,19,252,-0.0
27,19,253,-0.0
27,19,254,-0.0
27,19,255,-0.0
27,19,256,0.0
27,19,257,0.0
27,19,258,0.0
27,19,259,-0.0
27,19,260,0.0
27,19,261,-0.0
27,19,262,-0.0
27,19,263,-0.0
27,19,264,-0.0
27,19,265,-0.0
27,19,266,-0.0
27,19,267,-0.0
27,19,268,0.0
27,19,269,-0.0
27,19,270,-0.0
27,19,271,-0.0
27,19,272,-0.0
27,19,273,-0.0
27,19,274,-0.0
27,19,275,0.0
27,19,276,-0.0
27,19,277,-0.0
27,19,278,0.0
27,19,279,0.0
27,19,280,-0.0
27,19,281,-0.0
27,19,282,0.0
27,19,283,-0.0
27,19,284,-0.0
27,19,285,0.0
27,19,286,-0.0
27,19,287,-0.0
27,19,288,-0.0
27,19,289,-0.0
27,19,290,-0.0
27,19,291,-0.0
27,19,292,-0.0
27,19,293,-0.0
27,19,294,-0.0
27,19,295,-0.0
27,19,296,-0.0
27,19,297,-0.0
27,19,298,-0.0
27,19,299,-0.0
27,19,300,-0.0
27,19,301,0.0
27,19,302,0.0
27,19,303,-0.0
27,19,304,-0.0
27,19,305,-0.0
27,19,306,-0.0
27,19,307,-0.0
27,19,308,-0.0
27,19,309,-0.0
27,19,310,0.0
27,19,311,-0.0
27,19,312,-0.0
27,19,313,-0.0
27,19,314,-0.0
27,19,315,-0.0
27,19,316,-0.0
27,19,317,-0.0
27,19,318,0.0
27,19,319,-0.0
27,19,320,-0.0
27,19,321,-0.0
27,19,322,-0.0
27,19,323,-0.0
27,19,324,-0.0
27,19,325,-0.0
27,19,326,-0.0
27,19,327,-0.0
27,19,328,-0.0
27,19,329,-0.0
27,19,330,-0.0
27,19,331,-0.0
27,19,332,0.0
27,19,333,0.0
27,19,334,-0.0
27,19,335,-0.0
27,19,336,-0.0
27,19,337,-0.0
27,19,338,-0.0
27,19,339,-0.0
27,19,340,-0.0
27,19,341,-0.0
27,19,342,-0.0
27,19,343,-0.0
27,19,344,0.0
27,19,345,-0.0
27,19,346,0.0
27,19,347,-0.0
27,19,348,-0.0
27,19,349,-0.0
27,19,350,-0.0
27,19,351,-0.0
27,19,352,-0.0
27,19,353,-0.0
27,19,354,-0.0
27,19,355,-0.0
27,19,356,0.0
27,19,357,-0.0
27,19,358,-0.0
27,19,359,-0.0
27,19,360,-0.0
17,18,0,0.0
17,18,1,0.0
17,18,2,0.0
17,18,3,0.0
17,18,4,0.0
17,18,5,0.0
17,18,6,0.0
17,18,7,0.0
17,18,8,0.0
17,18,9,0.0
17,18,10,0.0
17,18,11,0.0
17,18,12,-0.0
17,18,13,0.0
17,18,14,0.0
17,18,15,0.0
17,18,16,0.0
17,18,17,0.0
17,18,18,0.0
17,18,19,0.0
17,18,20,0.0
17,18,21,0.0
17,18,22,0.0
17,18,23,0.0
17,18,24,0.0
17,18,25,0.0
17,18,26,0.0
17,18,27,0.0
17,18,28,0.0
17,18,29,0.0
17,18,30,0.0
17,18,31,0.0
17,18,32,0.0
17,18,33,0.0
17,18,34,0.0
17,18,35,0.0
17,18,36,0.0
17,18,37,0.0
17,18,38,0.0
17,18,39,0.0
17,18,40,0.0
17,18,41,0.0
17,18,42,0.0
17,18,43,0.0
17,18,44,0.0
17,18,45,0.0
17,18,46,0.0
17,18,47,0.0
17,18,48,0.0
17,18,49,0.0
17,18,50,0.0
17,18,51,0.0
17,18,52,0.0
17,18,53,0.0
17,18,54,0.0
17,18,55,0.0
17,18,56,0.0
17,18,57,0.0
17,18,58,0.0
17,18,59,0.0
17,18,60,0.0
17,18,61,0.0
17,18,62,0.0
17,18,63,0.0
17,18,64,0.0
17,18,65,0.0
17,18,66,0.0
17,18,67,0.0
17,18,68,0.0
17,18,69,0.0
17,18,70,0.0
17,18,71,0.0
17,18,72,0.0
17,18,73,0.0
17,18,74,0.0
17,18,75,0.0
17,18,76,0.0
17,18,77,0.0
17,18,78,0.0
17,18,79,0.0
17,18,80,0.0
17,18,81,-0.0
17,18,82,0.0
17,18,83,0.0
17,18,84,0.0
17,18,85,0.0
17,18,86,0.0
17,18,87,0.0
17,18,88,0.0
17,18,89,0.0
17,18,90,-0.0
17,18,91,-0.0
17,18,92,0.0
17,18,93,0.0
17,18,94,0.0
17,18,95,0.0
17,18,96,0.0
17,18,97,0.0
17,18,98,0.0
17,18,99,-0.0
17,18,100,0.0
17,18,101,0.0
17,18,102,0.0
17,18,103,-0.0
17,18,104,0.0
17,18,105,0.0
17,18,106,0.0
17,18,107,0.0
17,18,108,0.0
17,18,109,0.0
17,18,110,0.0
17,18,111,0.0
17,18,112,0.0
17,18,113,0.0
17,18,114,0.0
17,18,115,0.0
17,18,116,0.0
17,18,117,0.0
17,18,118,0.0
17,18,119,0.0
17,18,120,0.0
17,18,121,0.0
17,18,122,0.0
17,18,123,0.0
17,18,124,0.0
17,18,125,0.0
17,18,126,0.0
17,18,127,0.0
17,18,128,0.0
17,18,129,0.0
17,18,130,0.0
17,18,131,0.0
17,18,132,0.0
17,18,133,0.0
17,18,134,0.0
17,18,135,-0.0
17,18,136,0.0
17,18,137,0.0
17,18,138,0.0
17,18,139,0.0
17,18,140,0.0
17,18,141,0.0
17,18,142,0.0
17,18,143,0.0
17,18,144,0.0
17,18,145,0.0
17,18,146,0.0
17,18,147,0.0
17,18,148,0.0
17,18,149,0.0
17,18,150,0.0
17,18,151,0.0
17,18,152,0.0
17,18,153,0.0
17,18,154,0.0
17,18,155,0.0
17,18,156,0.0
17,18,157,0.0
17,18,158,-0.0
17,18,159,0.0
17,18,160,0.0
17,18,161,0.0
17,18,162,0.0
17,18,163,0.0
17,18,164,0.0
17,18,165,0.0
17,18,166,0.0
17,18,167,0.0
17,18,168,0.0
17,18,169,0.0
17,18,170,0.0
17,18,171,0.0
17,18,172,0.0
17,18,173,-0.0
17,18,174,0.0
17,18,175,0.0
17,18,176,0.0
17,18,177,-0.0
17,18,178,0.0
17,18,179,0.0
17,18,180,0.0
17,18,181,0.0
17,18,182,0.0
17,18,183,0.0
17,18,184,0.0
17,18,185,0.0
17,18,186,-0.0
17,18,187,0.0
17,18,188,0.0
17,18,189,0.0
17,18,190,0.0
17,18,191,0.0
17,18,192,0.0
17,18,193,0.0
17,18,194,-0.0
17,18,195,0.0
17,18,196,0.0
17,18,197,0.0
17,18,198,0.0
17,18,199,0.0
17,18,200,0.0
17,18,201,-0.0
17,18,202,0.0
17,18,203,0.0
17,18,204,0.0
17,18,205,0.0
17,18,206,0.0
17,18,207,0.0
17,18,208,0.0
17,18,209,0.0
17,18,210,0.0
17,18,211,0.0
17,18,212,0.0
17,18,213,0.0
17,18,214,0.0
17,18,215,0.0
17,18,216,0.0
17,18,217,0.0
17,18,218,0.0
17,18,219,0.0
17,18,220,0.0
17,18,221,0.0
17,18,222,0.0
17,18,223,0.0
17,18,224,-0.0
17,18,225,-0.0
17,18,226,0.0
17,18,227,0.0
17,18,228,0.0
17,18,229,0.0
17,18,230,0.0
17,18,231,0.0
17,18,232,0.0
17,18,233,-0.0
17,18,234,0.0
17,18,235,-0.0
17,18,236,0.0
17,18,237,0.0
17,18,238,0.0
17,18,239,0.0
17,18,240,0.0
17,18,241,0.0
17,18,242,0.0
17,18,243,0.0
17,18,244,0.0
17,18,245,0.0
17,18,246,0.0
17,18,247,0.0
17,18,248,0.0
17,18,249,-0.0
17,18,250,0.0
17,18,251,0.0
17,18,252,0.0
17,18,253,0.0
17,18,254,0.0
17,18,255,-0.0
17,18,256,-0.0
17,18,257,0.0
17,18,258,-0.0
17,18,259,0.0
17,18,260,0.0
17,18,261,0.0
17,18,262,0.0
17,18,263,0.0
17,18,264,0.0
17,18,265,0.0
17,18,266,0.0
17,18,267,0.0
17,18,268,0.0
17,18,269,0.0
17,18,270,0.0
17,18,271,0.0
17,18,272,0.0
17,18,273,0.0
17,18,274,0.0
17,18,275,0.0
17,18,276,0.0
17,18,277,0.0
17,18,278,0.0
17,18,279,0.0
17,18,280,0.0
17,18,281,0.0
17,18,282,0.0
17,18,283,0.0
17,18,284,0.0
17,18,285,0.0
17,18,286,0.0
17,18,287,0.0
17,18,288,0.0
17,18,289,0.0
17,18,290,0.0
17,18,291,-0.0
17,18,292,-0.0
17,18,293,0.0
17,18,294,0.0
17,18,295,0.0
17,18,296,0.0
17,18,297,0.0
17,18,298,0.0
17,18,299,0.0
17,18,300,0.0
17,18,301,0.0
17,18,302,0.0
17,18,303,0.0
17,18,304,0.0
17,18,305,0.0
17,18,306,0.0
17,18,307,0.0
17,18,308,0.0
17,18,309,0.0
17,18,310,0.0
17,18,311,0.0
17,18,312,0.0
17,18,313,0.0
17,18,314,0.0
17,18,315,0.0
17,18,316,0.0
17,18,317,-0.0
17,18,318,0.0
17,18,319,0.0
17,18,320,0.0
17,18,321,0.0
17,18,322,0.0
17,18,323,0.0
17,18,324,0.0
17,18,325,0.0
17,18,326,0.0
17,18,327,0.0
17,18,328,0.0
17,18,329,0.0
17,18,330,-0.0
17,18,331,0.0
17,18,332,0.0
17,18,333,0.0
17,18,334,0.0
17,18,335,0.0
17,18,336,0.0
17,18,337,0.0
17,18,338,0.0
17,18,339,0.0
17,18,340,0.0
17,18,341,0.0
17,18,342,0.0
17,18,343,0.0
17,18,344,0.0
17,18,345,0.0
17,18,346,0.0
17,18,347,0.0
17,18,348,0.0
17,18,349,0.0
17,18,350,-0.0
17,18,351,0.0
17,18,352,0.0
17,18,353,0.0
17,18,354,0.0
17,18,355,-0.0
17,18,356,-0.0
17,18,357,-0.0
17,18,358,-0.0
17,18,359,-0.0
17,18,360,-0.0
27,28,0,0.0
27,28,1,0.0
27,28,2,0.0
27,28,3,0.0
27,28,4,0.0
27,28,5,0.0
27,28,6,0.0
27,28,7,-0.0
27,28,8,-0.0
27,28,9,-0.0
27,28,10,-0.0
27,28,11,-0.0
27,28,12,-0.0
27,28,13,-0.0
27,28,14,-0.0
27,28,15,-0.0
27,28,16,-0.0
27,28,17,-0.0
27,28,18,-0.0
27,28,19,-0.0
27,28,20,-0.0
27,28,21,-0.0
27,28,22,-0.0
27,28,23,-0.0
27,28,24,-0.0
27,28,25,-0.0
27,28,26,-0.0
27,28,27,-0.0
27,28,28,-0.0
27,28,29,-0.0
27,28,30,-0.0
27,28,31,-0.0
27,28,32,-0.0
27,28,33,-0.0
27,28,34,-0.0
27,28,35,-0.0
27,28,36,-0.0
27,28,37,-0.0
27,28,38,-0.0
27,28,39,-0.0
27,28,40,-0.0
27,28,41,-0.0
27,28,42,-0.0
27,28,43,-0.0
27,28,44,-0.0
27,28,45,-0.0
27,28,46,-0.0
27,28,47,-0.0
27,28,48,-0.0
27,28,49,-0.0
27,28,50,-0.0
27,28,51,-0.0
27,28,52,-0.0
27,28,53,-0.0
27,28,54,-0.0
27,28,55,-0.0
27,28,56,-0.0
27,28,57,-0.0
27,28,58,-0.0
27,28,59,-0.0
27,28,60,-0.0
27,28,61,-0.0
27,28,62,-0.0
27,28,63,-0.0
27,28,64,-0.0
27,28,65,-0.0
27,28,66,-0.0
27,28,67,-0.0
27,28,68,-0.0
27,28,69,-0.0
27,28,70,-0.0
27,28,71,-0.0
27,28,72,-0.0
27,28,73,-0.0
27,28,74,-0.0
27,28,75,-0.0
27,28,76,-0.0
27,28,77,-0.0
27,28,78,-0.0
27,28,79,-0.0
27,28,80,-0.0
27,28,81,-0.0
27,28,82,-0.0
27,28,83,-0.0
27,28,84,-0.0
27,28,85,-0.0
27,28,86,-0.0
27,28,87,-0.0
27,28,88,-0.0
27,28,89,-0.0
27,28,90,-0.0
27,28,91,-0.0
27,28,92,-0.0
27,28,93,-0.0
27,28,94,-0.0
27,28,95,-0.0
27,28,96,-0.0
27,28,97,-0.0
27,28,98,-0.0
27,28,99,-0.0
27,28,100,-0.0
27,28,101,-0.0
27,28,102,-0.0
27,28,103,-0.0
27,28,104,-0.0
27,28,105,-0.0
27,28,106,-0.0
27,28,107,-0.0
27,28,108,-0.0
27,28,109,-0.0
27,28,110,-0.0
27,28,111,-0.0
27,28,112,-0.0
27,28,113,-0.0
27,28,114,-0.0
27,28,115,-0.0
27,28,116,-0.0
27,28,117,-0.0
27,28,118,-0.0
27,28,119,-0.0
27,28,120,-0.0
27,28,121,-0.0
27,28,122,-0.0
27,28,123,-0.0
27,28,124,-0.0
27,28,125,-0.0
27,28,126,-0.0
27,28,127,-0.0
27,28,128,-0.0
27,28,129,-0.0
27,28,130,-0.0
27,28,131,-0.0
27,28,132,-0.0
27,28,133,-0.0
27,28,134,-0.0
27,28,135,-0.0
27,28,136,-0.0
27,28,137,-0.0
27,28,138,-0.0
27,28,139,-0.0
27,28,140,-0.0
27,28,141,-0.0
27,28,142,-0.0
27,28,143,-0.0
27,28,144,-0.0
27,28,145,-0.0
27,28,146,-0.0
27,28,147,-0.0
27,28,148,-0.0
27,28,149,-0.0
27,28,150,-0.0
27,28,151,-0.0
27,28,152,-0.0
27,28,153,-0.0
27,28,154,-0.0
27,28,155,-0.0
27,28,156,-0.0
27,28,157,-0.0
27,28,158,-0.0
27,28,159,-0.0
27,28,160,-0.0
27,28,161,-0.0
27,28,162,-0.0
27,28,163,-0.0
27,28,164,-0.0
27,28,165,-0.0
27,28,166,-0.0
27,28,167,-0.0
27,28,168,-0.0
27,28,169,-0.0
27,28,170,-0.0
27,28,171,-0.0
27,28,172,-0.0
27,28,173,-0.0
27,28,174,-0.0
27,28,175,-0.0
27,28,176,-0.0
27,28,177,-0.0
27,28,178,-0.0
27,28,179,-0.0
27,28,180,-0.0
27,28,181,-0.0
27,28,182,-0.0
27,28,183,-0.0
27,28,184,-0.0
27,28,185,-0.0
27,28,186,-0.0
27,28,187,-0.0
27,28,188,-0.0
27,28,189,-0.0
27,28,190,-0.0
27,28,191,-0.0
27,28,192,-0.0
27,28,193,-0.0
27,28,194,-0.0
27,28,195,-0.0
27,28,196,-0.0
27,28,197,-0.0
27,28,198,-0.0
27,28,199,-0.0
27,28,200,-0.0
27,28,201,-0.0
27,28,202,-0.0
27,28,203,-0.0
27,28,204,-0.0
27,28,205,-0.0
27,28,206,-0.0
27,28,207,-0.0
27,28,208,-0.0
27,28,209,-0.0
27,28,210,-0.0
27,28,211,-0.0
27,28,212,-0.0
27,28,213,-0.0
27,28,214,-0.0
27,28,215,-0.0
27,28,216,-0.0
27,28,217,-0.0
27,28,218,-0.0
27,28,219,-0.0
27,28,220,-0.0
27,28,221,-0.0
27,28,222,-0.0
27,28,223,-0.0
27,28,224,-0.0
27,28,225,-0.0
27,28,226,-0.0
27,28,227,-0.0
27,28,228,-0.0
27,28,229,-0.0
27,28,230,-0.0
27,28,231,-0.0
27,28,232,-0.0
27,28,233,-0.0
27,28,234,-0.0
27,28,235,-0.0
27,28,236,-0.0
27,28,237,-0.0
27,28,238,-0.0
27,28,239,-0.0
27,28,240,-0.0
27,28,241,-0.0
27,28,242,-0.0
27,28,243,-0.0
27,28,244,-0.0
27,28,245,-0.0
27,28,246,-0.0
27,28,247,-0.0
27,28,248,-0.0
27,28,249,-0.0
27,28,250,-0.0
27,28,251,-0.0
27,28,252,-0.0
27,28,253,-0.0
27,28,254,-0.0
27,28,255,-0.0
27,28,256,-0.0
27,28,257,-0.0
27,28,258,-0.0
27,28,259,-0.0
27,28,260,-0.0
27,28,261,-0.0
27,28,262,-0.0
27,28,263,-0.0
27,28,264,-0.0
27,28,265,-0.0
27,28,266,-0.0
27,28,267,-0.0
27,28,268,-0.0
27,28,269,-0.0
27,28,270,-0.0
27,28,271,-0.0
27,28,272,-0.0
27,28,273,-0.0
27,28,274,-0.0
27,28,275,-0.0
27,28,276,-0.0
27,28,277,-0.0
27,28,278,-0.0
27,28,279,-0.0
27,28,280,-0.0
27,28,281,-0.0
27,28,282,-0.0
27,28,283,-0.0
27,28,284,-0.0
27,28,285,-0.0
27,28,286,-0.0
27,28,287,-0.0
27,28,288,-0.0
27,28,289,-0.0
27,28,290,-0.0
27,28,291,-0.0
27,28,292,-0.0
27,28,293,-0.0
27,28,294,-0.0
27,28,295,-0.0
27,28,296,-0.0
27,28,297,-0.0
27,28,298,-0.0
27,28,299,-0.0
27,28,300,-0.0
27,28,301,-0.0
27,28,302,-0.0
27,28,303,-0.0
27,28,304,-0.0
27,28,305,-0.0
27,28,306,-0.0
27,28,307,-0.0
27,28,308,-0.0
27,28,309,-0.0
27,28,310,-0.0
27,28,311,-0.0
27,28,312,-0.0
27,28,313,-0.0
27,28,314,-0.0
27,28,315,-0.0
27,28,316,-0.0
27,28,317,-0.0
27,28,318,-0.0
27,28,319,-0.0
27,28,320,-0.0
27,28,321,-0.0
27,28,322,-0.0
27,28,323,-0.0
27,28,324,-0.0
27,28,325,-0.0
27,28,326,-0.0
27,28,327,-0.0
27,28,328,-0.0
27,28,329,-0.0
27,28,330,-0.0
27,28,331,-0.0
27,28,332,-0.0
27,28,333,-0.0
27,28,334,-0.0
27,28,335,-0.0
27,28,336,-0.0
27,28,337,-0.0
27,28,338,-0.0
27,28,339,-0.0
27,28,340,-0.0
27,28,341,-0.0
27,28,342,-0.0
27,28,343,-0.0
27,28,344,-0.0
27,28,345,-0.0
27,28,346,-0.0
27,28,347,-0.0
27,28,348,-0.0
27,28,349,-0.0
27,28,350,-0.0
27,28,351,-0.0
27,28,352,-0.0
27,28,353,-0.0
27,28,354,-0.0
27,28,355,-0.0
27,28,356,-0.0
27,28,357,-0.0
27,28,358,-0.0
27,28,359,-0.0
27,28,360,-0.0
4,97,0,0.0
4,97,1,3.0
4,97,2,0.0
4,97,3,0.0
4,97,4,2.0
4,97,5,3.0
4,97,6,0.0
4,97,7,0.0
4,97,8,0.0
4,97,9,3.0
4,97,10,3.0
4,97,11,3.0
4,97,12,3.0
4,97,13,3.0
4,97,14,3.0
4,97,15,0.0
4,97,16,3.0
4,97,17,0.0
4,97,18,3.0
4,97,19,0.0
4,97,20,0.0
4,97,21,3.0
4,97,22,-0.0
4,97,23,0.0
4,97,24,3.0
4,97,25,-0.0
4,97,26,0.0
4,97,27,0.0
4,97,28,2.0
4,97,29,3.0
4,97,30,0.0
4,97,31,0.0
4,97,32,3.0
4,97,33,0.0
4,97,34,3.0
4,97,35,0.0
4,97,36,0.0
4,97,37,2.0
4,97,38,0.0
4,97,39,1.0
4,97,40,3.0
4,97,41,0.0
4,97,42,2.0
4,97,43,0.0
4,97,44,3.0
4,97,45,0.0
4,97,46,-0.0
4,97,47,2.0
4,97,48,3.0
4,97,49,0.0
4,97,50,0.0
4,97,51,0.0
4,97,52,3.0
4,97,53,0.0
4,97,54,0.0
4,97,55,3.0
4,97,56,2.0
4,97,57,3.0
4,97,58,0.0
4,97,59,2.0
4,97,60,0.0
4,97,61,3.0
4,97,62,0.0
4,97,63,0.0
4,97,64,0.0
4,97,65,2.0
4,97,66,-0.0
4,97,67,0.0
4,97,68,0.0
4,97,69,0.0
4,97,70,3.0
4,97,71,3.0
4,97,72,1.0
4,97,73,0.0
4,97,74,0.0
4,97,75,0.0
4,97,76,0.0
4,97,77,3.0
4,97,78,0.0
4,97,79,3.0
4,97,80,3.0
4,97,81,0.0
4,97,82,3.0
4,97,83,3.0
4,97,84,0.0
4,97,85,0.0
4,97,86,0.0
4,97,87,0.0
4,97,88,0.0
4,97,89,3.0
4,97,90,3.0
4,97,91,-0.0
4,97,92,0.0
4,97,93,3.0
4,97,94,0.0
4,97,95,3.0
4,97,96,2.0
4,97,97,0.0
4,97,98,1.0
4,97,99,0.0
4,97,100,0.0
4,97,101,3.0
4,97,102,0.0
4,97,103,0.0
4,97,104,3.0
4,97,105,0.0
4,97,106,0.0
4,97,107,0.0
4,97,108,0.0
4,97,109,0.0
4,97,110,0.0
4,97,111,0.0
4,97,112,-0.0
4,97,113,-0.0
4,97,114,3.0
4,97,115,0.0
4,97,116,3.0
4,97,117,0.0
4,97,118,3.0
4,97,119,2.0
4,97,120,3.0
4,97,121,2.0
4,97,122,0.0
4,97,123,3.0
4,97,124,3.0
4,97,125,2.0
4,97,126,0.0
4,97,127,0.0
4,97,128,0.0
4,97,129,3.0
4,97,130,0.0
4,97,131,0.0
4,97,132,0.0
4,97,133,0.0
4,97,134,0.0
4,97,135,0.0
4,97,136,0.0
4,97,137,0.0
4,97,138,2.0
4,97,139,3.0
4,97,140,2.0
4,97,141,3.0
4,97,142,3.0
4,97,143,3.0
4,97,144,3.0
4,97,145,3.0
4,97,146,2.0
4,97,147,3.0
4,97,148,3.0
4,97,149,3.0
4,97,150,3.0
4,97,151,-0.0
4,97,152,3.0
4,97,153,3.0
4,97,154,0.0
4,97,155,0.0
4,97,156,0.0
4,97,157,-0.0
4,97,158,0.0
4,97,159,1.0
4,97,160,-0.0
4,97,161,3.0
4,97,162,3.0
4,97,163,0.0
4,97,164,1.0
4,97,165,0.0
4,97,166,0.0
4,97,167,3.0
4,97,168,0.0
4,97,169,3.0
4,97,170,2.0
4,97,171,3.0
4,97,172,3.0
4,97,173,0.0
4,97,174,0.0
4,97,175,3.0
4,97,176,3.0
4,97,177,1.0
4,97,178,3.0
4,97,179,3.0
4,97,180,2.0
4,97,181,3.0
4,97,182,3.0
4,97,183,1.0
4,97,184,-0.0
4,97,185,0.0
4,97,186,0.0
4,97,187,-0.0
4,97,188,0.0
4,97,189,0.0
4,97,190,3.0
4,97,191,3.0
4,97,192,2.0
4,97,193,0.0
4,97,194,2.0
4,97,195,3.0
4,97,196,0.0
4,97,197,0.0
4,97,198,0.0
4,97,199,3.0
4,97,200,0.0
4,97,201,1.0
4,97,202,3.0
4,97,203,0.0
4,97,204,0.0
4,97,205,2.0
4,97,206,0.0
4,97,207,0.0
4,97,208,3.0
4,97,209,0.0
4,97,210,-0.0
4,97,211,1.0
4,97,212,0.0
4,97,213,0.0
4,97,214,0.0
4,97,215,2.0
4,97,216,0.0
4,97,217,3.0
4,97,218,-0.0
4,97,219,0.0
4,97,220,0.0
4,97,221,1.0
4,97,222,3.0
4,97,223,0.0
4,97,224,2.0
4,97,225,0.0
4,97,226,0.0
4,97,227,3.0
4,97,228,-0.0
4,97,229,0.0
4,97,230,0.0
4,97,231,0.0
4,97,232,0.0
4,97,233,0.0
4,97,234,0.0
4,97,235,0.0
4,97,236,0.0
4,97,237,-0.0
4,97,238,3.0
4,97,239,0.0
4,97,240,1.0
4,97,241,0.0
4,97,242,3.0
4,97,243,3.0
4,97,244,3.0
4,97,245,0.0
4,97,246,1.0
4,97,247,3.0
4,97,248,3.0
4,97,249,3.0
4,97,250,0.0
4,97,251,0.0
4,97,252,0.0
4,97,253,0.0
4,97,254,3.0
4,97,255,3.0
4,97,256,2.0
4,97,257,3.0
4,97,258,3.0
4,97,259,0.0
4,97,260,3.0
4,97,261,0.0
4,97,262,-0.0
4,97,263,2.0
4,97,264,3.0
4,97,265,2.0
4,97,266,0.0
4,97,267,3.0
4,97,268,0.0
4,97,269,0.0
4,97,270,0.0
4,97,271,-0.0
4,97,272,3.0
4,97,273,2.0
4,97,274,-0.0
4,97,275,2.0
4,97,276,0.0
4,97,277,3.0
4,97,278,3.0
4,97,279,3.0
4,97,280,0.0
4,97,281,3.0
4,97,282,3.0
4,97,283,3.0
4,97,284,0.0
4,97,285,0.0
4,97,286,2.0
4,97,287,0.0
4,97,288,0.0
4,97,289,3.0
4,97,290,2.0
4,97,291,3.0
4,97,292,3.0
4,97,293,3.0
4,97,294,3.0
4,97,295,2.0
4,97,296,-0.0
4,97,297,3.0
4,97,298,3.0
4,97,299,3.0
4,97,300,0.0
4,97,301,3.0
4,97,302,0.0
4,97,303,2.0
4,97,304,-0.0
4,97,305,2.0
4,97,306,0.0
4,97,307,3.0
4,97,308,0.0
4,97,309,-0.0
4,97,310,0.0
4,97,311,0.0
4,97,312,3.0
4,97,313,0.0
4,97,314,3.0
4,97,315,0.0
4,97,316,0.0
4,97,317,3.0
4,97,318,3.0
4,97,319,0.0
4,97,320,3.0
4,97,321,3.0
4,97,322,1.0
4,97,323,0.0
4,97,324,3.0
4,97,325,3.0
4,97,326,2.0
4,97,327,-0.0
4,97,328,3.0
4,97,329,0.0
4,97,330,3.0
4,97,331,3.0
4,97,332,0.0
4,97,333,3.0
4,97,334,2.0
4,97,335,3.0
4,97,336,2.0
4,97,337,0.0
4,97,338,-0.0
4,97,339,0.0
4,97,340,3.0
4,97,341,0.0
4,97,342,2.0
4,97,343,0.0
4,97,344,0.0
4,97,345,3.0
4,97,346,3.0
4,97,347,2.0
4,97,348,3.0
4,97,349,0.0
4,97,350,3.0
4,97,351,3.0
4,97,352,0.0
4,97,353,3.0
4,97,354,3.0
4,97,355,2.0
4,97,356,-0.0
4,97,357,0.0
4,97,358,0.0
4,97,359,-0.0
4,97,360,-0.0
1,18,0,0.0
1,18,1,0.0
1,18,2,0.0
1,18,3,0.0
1,18,4,0.0
1,18,5,0.0
1,18,6,0.0
1,18,7,0.0
1,18,8,0.0
1,18,9,0.0
1,18,10,0.0
1,18,11,0.0
1,18,12,0.0
1,18,13,0.0
1,18,14,0.0
1,18,15,0.0
1,18,16,0.0
1,18,17,0.0
1,18,18,0.0
1,18,19,0.0
1,18,20,0.0
1,18,21,0.0
1,18,22,0.0
1,18,23,0.0
1,18,24,0.0
1,18,25,-0.0
1,18,26,-0.0
1,18,27,0.0
1,18,28,0.0
1,18,29,0.0
1,18,30,0.0
1,18,31,0.0
1,18,32,0.0
1,18,33,0.0
1,18,34,0.0
1,18,35,0.0
1,18,36,0.0
1,18,37,0.0
1,18,38,0.0
1,18,39,0.0
1,18,40,0.0
1,18,41,0.0
1,18,42,0.0
1,18,43,0.0
1,18,44,0.0
1,18,45,0.0
1,18,46,0.0
1,18,47,0.0
1,18,48,0.0
1,18,49,0.0
1,18,50,0.0
1,18,51,0.0
1,18,52,0.0
1,18,53,0.0
1,18,54,0.0
1,18,55,0.0
1,18,56,0.0
1,18,57,0.0
1,18,58,0.0
1,18,59,0.0
1,18,60,0.0
1,18,61,0.0
1,18,62,0.0
1,18,63,0.0
1,18,64,0.0
1,18,65,-0.0
1,18,66,0.0
1,18,67,0.0
1,18,68,0.0
1,18,69,0.0
1,18,70,0.0
1,18,71,0.0
1,18,72,0.0
1,18,73,0.0
1,18,74,0.0
1,18,75,-0.0
1,18,76,0.0
1,18,77,0.0
1,18,78,0.0
1,18,79,0.0
1,18,80,0.0
1,18,81,0.0
1,18,82,0.0
1,18,83,-0.0
1,18,84,-0.0
1,18,85,0.0
1,18,86,0.0
1,18,87,0.0
1,18,88,-0.0
1,18,89,-0.0
1,18,90,0.0
1,18,91,0.0
1,18,92,0.0
1,18,93,0.0
1,18,94,0.0
1,18,95,0.0
1,18,96,-0.0
1,18,97,0.0
1,18,98,0.0
1,18,99,-0.0
1,18,100,0.0
1,18,101,0.0
1,18,102,0.0
1,18,103,0.0
1,18,104,0.0
1,18,105,0.0
1,18,106,0.0
1,18,107,0.0
1,18,108,-0.0
1,18,109,0.0
1,18,110,0.0
1,18,111,0.0
1,18,112,0.0
1,18,113,0.0
1,18,114,0.0
1,18,115,0.0
1,18,116,0.0
1,18,117,0.0
1,18,118,0.0
1,18,119,-0.0
1,18,120,0.0
1,18,121,0.0
1,18,122,0.0
1,18,123,0.0
1,18,124,0.0
1,18,125,0.0
1,18,126,0.0
1,18,127,0.0
1,18,128,0.0
1,18,129,0.0
1,18,130,0.0
1,18,131,0.0
1,18,132,0.0
1,18,133,0.0
1,18,134,0.0
1,18,135,0.0
1,18,136,0.0
1,18,137,0.0
1,18,138,-0.0
1,18,139,0.0
1,18,140,0.0
1,18,141,-0.0
1,18,142,0.0
1,18,143,0.0
1,18,144,0.0
1,18,145,0.0
1,18,146,0.0
1,18,147,0.0
1,18,148,-0.0
1,18,149,-0.0
1,18,150,0.0
1,18,151,0.0
1,18,152,0.0
1,18,153,0.0
1,18,154,0.0
1,18,155,0.0
1,18,156,0.0
1,18,157,0.0
1,18,158,0.0
1,18,159,0.0
1,18,160,0.0
1,18,161,0.0
1,18,162,0.0
1,18,163,0.0
1,18,164,0.0
1,18,165,0.0
1,18,166,0.0
1,18,167,0.0
1,18,168,0.0
1,18,169,0.0
1,18,170,0.0
1,18,171,0.0
1,18,172,-0.0
1,18,173,0.0
1,18,174,0.0
1,18,175,0.0
1,18,176,0.0
1,18,177,0.0
1,18,178,0.0
1,18,179,0.0
1,18,180,0.0
1,18,181,0.0
1,18,182,0.0
1,18,183,0.0
1,18,184,0.0
1,18,185,-0.0
1,18,186,0.0
1,18,187,0.0
1,18,188,0.0
1,18,189,0.0
1,18,190,0.0
1,18,191,0.0
1,18,192,0.0
1,18,193,0.0
1,18,194,0.0
1,18,195,0.0
1,18,196,0.0
1,18,197,0.0
1,18,198,0.0
1,18,199,0.0
1,18,200,0.0
1,18,201,0.0
1,18,202,0.0
1,18,203,0.0
1,18,204,0.0
1,18,205,0.0
1,18,206,0.0
1,18,207,0.0
1,18,208,0.0
1,18,209,0.0
1,18,210,0.0
1,18,211,-0.0
1,18,212,0.0
1,18,213,0.0
1,18,214,0.0
1,18,215,-0.0
1,18,216,0.0
1,18,217,0.0
1,18,218,0.0
1,18,219,0.0
1,18,220,0.0
1,18,221,0.0
1,18,222,0.0
1,18,223,-0.0
1,18,224,-0.0
1,18,225,0.0
1,18,226,0.0
1,18,227,0.0
1,18,228,0.0
1,18,229,-0.0
1,18,230,0.0
1,18,231,0.0
1,18,232,0.0
1,18,233,-0.0
1,18,234,-0.0
1,18,235,0.0
1,18,236,-0.0
1,18,237,-0.0
1,18,238,0.0
1,18,239,0.0
1,18,240,0.0
1,18,241,-0.0
1,18,242,-0.0
1,18,243,0.0
1,18,244,0.0
1,18,245,0.0
1,18,246,0.0
1,18,247,0.0
1,18,248,0.0
1,18,249,0.0
1,18,250,0.0
1,18,251,0.0
1,18,252,-0.0
1,18,253,-0.0
1,18,254,0.0
1,18,255,0.0
1,18,256,0.0
1,18,257,0.0
1,18,258,0.0
1,18,259,0.0
1,18,260,0.0
1,18,261,0.0
1,18,262,-0.0
1,18,263,0.0
1,18,264,0.0
1,18,265,0.0
1,18,266,0.0
1,18,267,0.0
1,18,268,0.0
1,18,269,0.0
1,18,270,0.0
1,18,271,0.0
1,18,272,0.0
1,18,273,0.0
1,18,274,0.0
1,18,275,-0.0
1,18,276,0.0
1,18,277,0.0
1,18,278,0.0
1,18,279,-0.0
1,18,280,0.0
1,18,281,0.0
1,18,282,0.0
1,18,283,0.0
1,18,284,0.0
1,18,285,0.0
1,18,286,0.0
1,18,287,0.0
1,18,288,0.0
1,18,289,0.0
1,18,290,-0.0
1,18,291,0.0
1,18,292,0.0
1,18,293,0.0
1,18,294,0.0
1,18,295,0.0
1,18,296,0.0
1,18,297,0.0
1,18,298,0.0
1,18,299,0.0
1,18,300,0.0
1,18,301,0.0
1,18,302,0.0
1,18,303,0.0
1,18,304,-0.0
1,18,305,-0.0
1,18,306,0.0
1,18,307,0.0
1,18,308,-0.0
1,18,309,0.0
1,18,310,-0.0
1,18,311,0.0
1,18,312,0.0
1,18,313,0.0
1,18,314,0.0
1,18,315,0.0
1,18,316,0.0
1,18,317,0.0
1,18,318,0.0
1,18,319,0.0
1,18,320,-0.0
1,18,321,-0.0
1,18,322,0.0
1,18,323,0.0
1,18,324,0.0
1,18,325,0.0
1,18,326,-0.0
1,18,327,0.0
1,18,328,0.0
1,18,329,0.0
1,18,330,0.0
1,18,331,0.0
1,18,332,0.0
1,18,333,0.0
1,18,334,0.0
1,18,335,0.0
1,18,336,0.0
1,18,337,0.0
1,18,338,0.0
1,18,339,0.0
1,18,340,0.0
1,18,341,-0.0
1,18,342,0.0
1,18,343,0.0
1,18,344,0.0
1,18,345,0.0
1,18,346,0.0
1,18,347,0.0
1,18,348,-0.0
1,18,349,-0.0
1,18,350,-0.0
1,18,351,0.0
1,18,352,-0.0
1,18,353,0.0
1,18,354,0.0
1,18,355,0.0
1,18,356,0.0
1,18,357,0.0
1,18,358,0.0
1,18,359,-0.0
1,18,360,-0.0
27,46,0,0.0
27,46,1,0.0
27,46,2,0.0
27,46,3,0.0
27,46,4,0.0
27,46,5,0.0
27,46,6,0.0
27,46,7,-0.0
27,46,8,-0.0
27,46,9,-0.0
27,46,10,-0.0
27,46,11,-0.0
27,46,12,-0.0
27,46,13,-0.0
27,46,14,-0.0
27,46,15,-0.0
27,46,16,-0.0
27,46,17,-0.0
27,46,18,-0.0
27,46,19,-0.0
27,46,20,-0.0
27,46,21,-0.0
27,46,22,-0.0
27,46,23,-0.0
27,46,24,-0.0
27,46,25,-0.0
27,46,26,-0.0
27,46,27,-0.0
27,46,28,-0.0
27,46,29,-0.0
27,46,30,-0.0
27,46,31,-0.0
27,46,32,-0.0
27,46,33,-0.0
27,46,34,-0.0
27,46,35,-0.0
27,46,36,-0.0
27,46,37,-0.0
27,46,38,-0.0
27,46,39,-0.0
27,46,40,-0.0
27,46,41,-0.0
27,46,42,-0.0
27,46,43,-0.0
27,46,44,-0.0
27,46,45,-0.0
27,46,46,-0.0
27,46,47,-0.0
27,46,48,-0.0
27,46,49,-0.0
27,46,50,-0.0
27,46,51,-0.0
27,46,52,-0.0
27,46,53,-0.0
27,46,54,-0.0
27,46,55,-0.0
27,46,56,-0.0
27,46,57,-0.0
27,46,58,-0.0
27,46,59,-0.0
27,46,60,-0.0
27,46,61,-0.0
27,46,62,-0.0
27,46,63,-0.0
27,46,64,-0.0
27,46,65,-0.0
27,46,66,-0.0
27,46,67,-0.0
27,46,68,-0.0
27,46,69,-0.0
27,46,70,-0.0
27,46,71,-0.0
27,46,72,-0.0
27,46,73,-0.0
27,46,74,-0.0
27,46,75,-0.0
27,46,76,-0.0
27,46,77,-0.0
27,46,78,-0.0
27,46,79,-0.0
27,46,80,-0.0
27,46,81,-0.0
27,46,82,-0.0
27,46,83,-0.0
27,46,84,-0.0
27,46,85,-0.0
27,46,86,-0.0
27,46,87,-0.0
27,46,88,-0.0
27,46,89,-0.0
27,46,90,-0.0
27,46,91,-0.0
27,46,92,-0.0
27,46,93,-0.0
27,46,94,-0.0
27,46,95,-0.0
27,46,96,-0.0
27,46,97,-0.0
27,46,98,-0.0
27,46,99,-0.0
27,46,100,-0.0
27,46,101,-0.0
27,46,102,-0.0
27,46,103,-0.0
27,46,104,-0.0
27,46,105,-0.0
27,46,106,-0.0
27,46,107,-0.0
27,46,108,-0.0
27,46,109,-0.0
27,46,110,-0.0
27,46,111,-0.0
27,46,112,-0.0
27,46,113,-0.0
27,46,114,-0.0
27,46,115,-0.0
27,46,116,-0.0
27,46,117,-0.0
27,46,118,-0.0
27,46,119,-0.0
27,46,120,-0.0
27,46,121,-0.0
27,46,122,-0.0
27,46,123,-0.0
27,46,124,-0.0
27,46,125,-0.0
27,46,126,-0.0
27,46,127,-0.0
27,46,128,-0.0
27,46,129,-0.0
27,46,130,-0.0
27,46,131,-0.0
27,46,132,-0.0
27,46,133,-0.0
27,46,134,-0.0
27,46,135,-0.0
27,46,136,-0.0
27,46,137,-0.0
27,46,138,-0.0
27,46,139,-0.0
27,46,140,-0.0
27,46,141,-0.0
27,46,142,-0.0
27,46,143,-0.0
27,46,144,-0.0
27,46,145,-0.0
27,46,146,-0.0
27,46,147,-0.0
27,46,148,-0.0
27,46,149,-0.0
27,46,150,-0.0
27,46,151,-0.0
27,46,152,-0.0
27,46,153,-0.0
27,46,154,-0.0
27,46,155,-0.0
27,46,156,-0.0
27,46,157,-0.0
27,46,158,-0.0
27,46,159,-0.0
27,46,160,-0.0
27,46,161,-0.0
27,46,162,-0.0
27,46,163,-0.0
27,46,164,-0.0
27,46,165,-0.0
27,46,166,-0.0
27,46,167,-0.0
27,46,168,-0.0
27,46,169,-0.0
27,46,170,-0.0
27,46,171,-0.0
27,46,172,-0.0
27,46,173,-0.0
27,46,174,-0.0
27,46,175,-0.0
27,46,176,-0.0
27,46,177,-0.0
27,46,178,-0.0
27,46,179,-0.0
27,46,180,-0.0
27,46,181,-0.0
27,46,182,-0.0
27,46,183,-0.0
27,46,184,-0.0
27,46,185,-0.0
27,46,186,-0.0
27,46,187,-0.0
27,46,188,-0.0
27,46,189,-0.0
27,46,190,-0.0
27,46,191,-0.0
27,46,192,-0.0
27,46,193,-0.0
27,46,194,-0.0
27,46,195,-0.0
27,46,196,0.0
27,46,197,-0.0
27,46,198,-0.0
27,46,199,-0.0
27,46,200,-0.0
27,46,201,-0.0
27,46,202,-0.0
27,46,203,-0.0
27,46,204,-0.0
27,46,205,-0.0
27,46,206,-0.0
27,46,207,-0.0
27,46,208,-0.0
27,46,209,-0.0
27,46,210,-0.0
27,46,211,-0.0
27,46,212,-0.0
27,46,213,-0.0
27,46,214,-0.0
27,46,215,-0.0
27,46,216,-0.0
27,46,217,-0.0
27,46,218,-0.0
27,46,219,-0.0
27,46,220,-0.0
27,46,221,-0.0
27,46,222,-0.0
27,46,223,-0.0
27,46,224,-0.0
27,46,225,-0.0
27,46,226,-0.0
27,46,227,-0.0
27,46,228,-0.0
27,46,229,-0.0
27,46,230,-0.0
27,46,231,-0.0
27,46,232,-0.0
27,46,233,-0.0
27,46,234,-0.0
27,46,235,-0.0
27,46,236,-0.0
27,46,237,-0.0
27,46,238,-0.0
27,46,239,-0.0
27,46,240,-0.0
27,46,241,-0.0
27,46,242,-0.0
27,46,243,-0.0
27,46,244,-0.0
27,46,245,-0.0
27,46,246,-0.0
27,46,247,-0.0
27,46,248,-0.0
27,46,249,-0.0
27,46,250,-0.0
27,46,251,-0.0
27,46,252,-0.0
27,46,253,-0.0
27,46,254,-0.0
27,46,255,-0.0
27,46,256,-0.0
27,46,257,-0.0
27,46,258,-0.0
27,46,259,-0.0
27,46,260,-0.0
27,46,261,-0.0
27,46,262,-0.0
27,46,263,-0.0
27,46,264,-0.0
27,46,265,-0.0
27,46,266,-0.0
27,46,267,-0.0
27,46,268,-0.0
27,46,269,-0.0
27,46,270,-0.0
27,46,271,-0.0
27,46,272,-0.0
27,46,273,-0.0
27,46,274,-0.0
27,46,275,-0.0
27,46,276,-0.0
27,46,277,-0.0
27,46,278,-0.0
27,46,279,-0.0
27,46,280,-0.0
27,46,281,-0.0
27,46,282,-0.0
27,46,283,-0.0
27,46,284,-0.0
27,46,285,-0.0
27,46,286,-0.0
27,46,287,-0.0
27,46,288,-0.0
27,46,289,-0.0
27,46,290,-0.0
27,46,291,-0.0
27,46,292,-0.0
27,46,293,-0.0
27,46,294,-0.0
27,46,295,-0.0
27,46,296,-0.0
27,46,297,-0.0
27,46,298,-0.0
27,46,299,-0.0
27,46,300,-0.0
27,46,301,-0.0
27,46,302,-0.0
27,46,303,-0.0
27,46,304,-0.0
27,46,305,-0.0
27,46,306,-0.0
27,46,307,-0.0
27,46,308,-0.0
27,46,309,-0.0
27,46,310,-0.0
27,46,311,-0.0
27,46,312,-0.0
27,46,313,-0.0
27,46,314,-0.0
27,46,315,-0.0
27,46,316,-0.0
27,46,317,-0.0
27,46,318,-0.0
27,46,319,-0.0
27,46,320,-0.0
27,46,321,-0.0
27,46,322,-0.0
27,46,323,-0.0
27,46,324,-0.0
27,46,325,-0.0
27,46,326,-0.0
27,46,327,-0.0
27,46,328,-0.0
27,46,329,-0.0
27,46,330,-0.0
27,46,331,-0.0
27,46,332,-0.0
27,46,333,-0.0
27,46,334,-0.0
27,46,335,-0.0
27,46,336,-0.0
27,46,337,-0.0
27,46,338,-0.0
27,46,339,-0.0
27,46,340,-0.0
27,46,341,-0.0
27,46,342,-0.0
27,46,343,-0.0
27,46,344,-0.0
27,46,345,-0.0
27,46,346,-0.0
27,46,347,-0.0
27,46,348,-0.0
27,46,349,-0.0
27,46,350,-0.0
27,46,351,-0.0
27,46,352,-0.0
27,46,353,-0.0
27,46,354,-0.0
27,46,355,0.0
27,46,356,-0.0
27,46,357,-0.0
27,46,358,-0.0
27,46,359,-0.0
27,46,360,-0.0
29,19,0,0.0
29,19,1,0.0
29,19,2,0.0
29,19,3,1.0
29,19,4,6.0
29,19,5,3.0
29,19,6,-0.0
29,19,7,5.0
29,19,8,6.0
29,19,9,0.0
29,19,10,-0.0
29,19,11,0.0
29,19,12,0.0
29,19,13,0.0
29,19,14,3.0
29,19,15,-0.0
29,19,16,6.0
29,19,17,-0.0
29,19,18,0.0
29,19,19,-0.0
29,19,20,0.0
29,19,21,-0.0
29,19,22,6.0
29,19,23,0.0
29,19,24,6.0
29,19,25,-0.0
29,19,26,-0.0
29,19,27,0.0
29,19,28,1.0
29,19,29,-0.0
29,19,30,1.0
29,19,31,4.0
29,19,32,0.0
29,19,33,0.0
29,19,34,-0.0
29,19,35,-0.0
29,19,36,0.0
29,19,37,0.0
29,19,38,0.0
29,19,39,3.0
29,19,40,-0.0
29,19,41,0.0
29,19,42,0.0
29,19,43,3.0
29,19,44,0.0
29,19,45,3.0
29,19,46,-0.0
29,19,47,6.0
29,19,48,3.0
29,19,49,-0.0
29,19,50,6.0
29,19,51,0.0
29,19,52,-0.0
29,19,53,0.0
29,19,54,-0.0
29,19,55,-0.0
29,19,56,0.0
29,19,57,-0.0
29,19,58,-0.0
29,19,59,6.0
29,19,60,-0.0
29,19,61,0.0
29,19,62,-0.0
29,19,63,-0.0
29,19,64,3.0
29,19,65,0.0
29,19,66,0.0
29,19,67,3.0
29,19,68,3.0
29,19,69,0.0
29,19,70,0.0
29,19,71,6.0
29,19,72,-0.0
29,19,73,-0.0
29,19,74,3.0
29,19,75,-0.0
29,19,76,3.0
29,19,77,3.0
29,19,78,3.0
29,19,79,0.0
29,19,80,-0.0
29,19,81,-0.0
29,19,82,-0.0
29,19,83,6.0
29,19,84,-0.0
29,19,85,0.0
29,19,86,-0.0
29,19,87,3.0
29,19,88,1.0
29,19,89,0.0
29,19,90,3.0
29,19,91,3.0
29,19,92,3.0
29,19,93,-0.0
29,19,94,0.0
29,19,95,3.0
29,19,96,0.0
29,19,97,0.0
29,19,98,-0.0
29,19,99,-0.0
29,19,100,0.0
29,19,101,-0.0
29,19,102,3.0
29,19,103,3.0
29,19,104,-0.0
29,19,105,1.0
29,19,106,-0.0
29,19,107,6.0
29,19,108,-0.0
29,19,109,3.0
29,19,110,-0.0
29,19,111,0.0
29,19,112,3.0
29,19,113,3.0
29,19,114,1.0
29,19,115,-0.0
29,19,116,2.0
29,19,117,0.0
29,19,118,3.0
29,19,119,3.0
29,19,120,-0.0
29,19,121,-0.0
29,19,122,0.0
29,19,123,-0.0
29,19,124,1.0
29,19,125,2.0
29,19,126,2.0
29,19,127,-0.0
29,19,128,-0.0
29,19,129,6.0
29,19,130,-0.0
29,19,131,0.0
29,19,132,-0.0
29,19,133,3.0
29,19,134,3.0
29,19,135,3.0
29,19,136,3.0
29,19,137,3.0
29,19,138,3.0
29,19,139,2.0
29,19,140,5.0
29,19,141,-0.0
29,19,142,3.0
29,19,143,3.0
29,19,144,3.0
29,19,145,3.0
29,19,146,3.0
29,19,147,-0.0
29,19,148,3.0
29,19,149,3.0
29,19,150,1.0
29,19,151,-0.0
29,19,152,3.0
29,19,153,-0.0
29,19,154,1.0
29,19,155,-0.0
29,19,156,-0.0
29,19,157,6.0
29,19,158,-0.0
29,19,159,6.0
29,19,160,-0.0
29,19,161,0.0
29,19,162,0.0
29,19,163,0.0
29,19,164,3.0
29,19,165,-0.0
29,19,166,-0.0
29,19,167,0.0
29,19,168,3.0
29,19,169,3.0
29,19,170,3.0
29,19,171,0.0
29,19,172,0.0
29,19,173,0.0
29,19,174,3.0
29,19,175,3.0
29,19,176,-0.0
29,19,177,-0.0
29,19,178,2.0
29,19,179,5.0
29,19,180,-0.0
29,19,181,-0.0
29,19,182,6.0
29,19,183,-0.0
29,19,184,2.0
29,19,185,-0.0
29,19,186,0.0
29,19,187,3.0
29,19,188,3.0
29,19,189,0.0
29,19,190,-0.0
29,19,191,3.0
29,19,192,-0.0
29,19,193,3.0
29,19,194,-0.0
29,19,195,6.0
29,19,196,-0.0
29,19,197,2.0
29,19,198,3.0
29,19,199,3.0
29,19,200,3.0
29,19,201,3.0
29,19,202,0.0
29,19,203,-0.0
29,19,204,-0.0
29,19,205,2.0
29,19,206,4.0
29,19,207,3.0
29,19,208,-0.0
29,19,209,-0.0
29,19,210,1.0
29,19,211,3.0
29,19,212,0.0
29,19,213,3.0
29,19,214,0.0
29,19,215,3.0
29,19,216,-0.0
29,19,217,1.0
29,19,218,0.0
29,19,219,3.0
29,19,220,-0.0
29,19,221,-0.0
29,19,222,3.0
29,19,223,2.0
29,19,224,-0.0
29,19,225,0.0
29,19,226,0.0
29,19,227,3.0
29,19,228,2.0
29,19,229,0.0
29,19,230,-0.0
29,19,231,0.0
29,19,232,3.0
29,19,233,3.0
29,19,234,-0.0
29,19,235,6.0
29,19,236,3.0
29,19,237,-0.0
29,19,238,0.0
29,19,239,3.0
29,19,240,3.0
29,19,241,1.0
29,19,242,-0.0
29,19,243,0.0
29,19,244,3.0
29,19,245,-0.0
29,19,246,-0.0
29,19,247,6.0
29,19,248,5.0
29,19,249,-0.0
29,19,250,0.0
29,19,251,-0.0
29,19,252,3.0
29,19,253,-0.0
29,19,254,3.0
29,19,255,-0.0
29,19,256,0.0
29,19,257,3.0
29,19,258,3.0
29,19,259,-0.0
29,19,260,-0.0
29,19,261,3.0
29,19,262,0.0
29,19,263,1.0
29,19,264,3.0
29,19,265,3.0
29,19,266,0.0
29,19,267,-0.0
29,19,268,0.0
29,19,269,-0.0
29,19,270,0.0
29,19,271,3.0
29,19,272,-0.0
29,19,273,-0.0
29,19,274,3.0
29,19,275,3.0
29,19,276,-0.0
29,19,277,6.0
29,19,278,3.0
29,19,279,-0.0
29,19,280,-0.0
29,19,281,-0.0
29,19,282,-0.0
29,19,283,3.0
29,19,284,-0.0
29,19,285,-0.0
29,19,286,-0.0
29,19,287,6.0
29,19,288,3.0
29,19,289,3.0
29,19,290,3.0
29,19,291,3.0
29,19,292,-0.0
29,19,293,6.0
29,19,294,3.0
29,19,295,3.0
29,19,296,-0.0
29,19,297,3.0
29,19,298,-0.0
29,19,299,-0.0
29,19,300,1.0
29,19,301,2.0
29,19,302,-0.0
29,19,303,0.0
29,19,304,0.0
29,19,305,-0.0
29,19,306,0.0
29,19,307,3.0
29,19,308,0.0
29,19,309,2.0
29,19,310,1.0
29,19,311,3.0
29,19,312,3.0
29,19,313,3.0
29,19,314,3.0
29,19,315,0.0
29,19,316,3.0
29,19,317,0.0
29,19,318,-0.0
29,19,319,3.0
29,19,320,-0.0
29,19,321,-0.0
29,19,322,3.0
29,19,323,1.0
29,19,324,0.0
29,19,325,5.0
29,19,326,3.0
29,19,327,-0.0
29,19,328,-0.0
29,19,329,-0.0
29,19,330,4.0
29,19,331,-0.0
29,19,332,2.0
29,19,333,3.0
29,19,334,3.0
29,19,335,0.0
29,19,336,3.0
29,19,337,3.0
29,19,338,-0.0
29,19,339,6.0
29,19,340,3.0
29,19,341,-0.0
29,19,342,1.0
29,19,343,0.0
29,19,344,2.0
29,19,345,-0.0
29,19,346,-0.0
29,19,347,1.0
29,19,348,1.0
29,19,349,2.0
29,19,350,2.0
29,19,351,1.0
29,19,352,2.0
29,19,353,-0.0
29,19,354,5.0
29,19,355,0.0
29,19,356,-0.0
29,19,357,2.0
29,19,358,0.0
29,19,359,-0.0
29,19,360,-0.0
61,60,0,0.0
61,60,1,0.0
61,60,2,0.0
61,60,3,0.0
61,60,4,0.0
61,60,5,-0.0
61,60,6,0.0
61,60,7,0.0
61,60,8,0.0
61,60,9,0.0
61,60,10,0.0
61,60,11,0.0
61,60,12,0.0
61,60,13,0.0
61,60,14,0.0
61,60,15,0.0
61,60,16,0.0
61,60,17,0.0
61,60,18,0.0
61,60,19,0.0
61,60,20,0.0
61,60,21,0.0
61,60,22,0.0
61,60,23,0.0
61,60,24,0.0
61,60,25,0.0
61,60,26,0.0
61,60,27,0.0
61,60,28,0.0
61,60,29,0.0
61,60,30,0.0
61,60,31,0.0
61,60,32,0.0
61,60,33,0.0
61,60,34,0.0
61,60,35,0.0
61,60,36,0.0
61,60,37,0.0
61,60,38,0.0
61,60,39,0.0
61,60,40,0.0
61,60,41,0.0
61,60,42,0.0
61,60,43,0.0
61,60,44,0.0
61,60,45,0.0
61,60,46,0.0
61,60,47,0.0
61,60,48,0.0
61,60,49,0.0
61,60,50,0.0
61,60,51,0.0
61,60,52,0.0
61,60,53,0.0
61,60,54,0.0
61,60,55,0.0
61,60,56,0.0
61,60,57,0.0
61,60,58,0.0
61,60,59,0.0
61,60,60,0.0
61,60,61,0.0
61,60,62,0.0
61,60,63,0.0
61,60,64,0.0
61,60,65,0.0
61,60,66,0.0
61,60,67,0.0
61,60,68,0.0
61,60,69,0.0
61,60,70,0.0
61,60,71,-0.0
61,60,72,0.0
61,60,73,0.0
61,60,74,0.0
61,60,75,0.0
61,60,76,-0.0
61,60,77,0.0
61,60,78,0.0
61,60,79,0.0
61,60,80,0.0
61,60,81,0.0
61,60,82,0.0
61,60,83,0.0
61,60,84,0.0
61,60,85,0.0
61,60,86,0.0
61,60,87,0.0
61,60,88,0.0
61,60,89,0.0
61,60,90,0.0
61,60,91,0.0
61,60,92,-0.0
61,60,93,0.0
61,60,94,0.0
61,60,95,0.0
61,60,96,0.0
61,60,97,0.0
61,60,98,0.0
61,60,99,0.0
61,60,100,0.0
61,60,101,0.0
61,60,102,0.0
61,60,103,0.0
61,60,104,0.0
61,60,105,0.0
61,60,106,0.0
61,60,107,0.0
61,60,108,0.0
61,60,109,0.0
61,60,110,0.0
61,60,111,0.0
61,60,112,0.0
61,60,113,0.0
61,60,114,0.0
61,60,115,0.0
61,60,116,0.0
61,60,117,0.0
61,60,118,0.0
61,60,119,0.0
61,60,120,0.0
61,60,121,0.0
61,60,122,0.0
61,60,123,0.0
61,60,124,0.0
61,60,125,0.0
61,60,126,0.0
61,60,127,0.0
61,60,128,0.0
61,60,129,0.0
61,60,130,0.0
61,60,131,0.0
61,60,132,0.0
61,60,133,0.0
61,60,134,0.0
61,60,135,0.0
61,60,136,0.0
61,60,137,0.0
61,60,138,0.0
61,60,139,0.0
61,60,140,0.0
61,60,141,0.0
61,60,142,0.0
61,60,143,0.0
61,60,144,0.0
61,60,145,0.0
61,60,146,0.0
61,60,147,0.0
61,60,148,0.0
61,60,149,0.0
61,60,150,0.0
61,60,151,0.0
61,60,152,0.0
61,60,153,0.0
61,60,154,0.0
61,60,155,0.0
61,60,156,0.0
61,60,157,0.0
61,60,158,0.0
61,60,159,0.0
61,60,160,0.0
61,60,161,-0.0
61,60,162,0.0
61,60,163,0.0
61,60,164,0.0
61,60,165,0.0
61,60,166,0.0
61,60,167,0.0
61,60,168,0.0
61,60,169,0.0
61,60,170,0.0
61,60,171,0.0
61,60,172,0.0
61,60,173,0.0
61,60,174,0.0
61,60,175,0.0
61,60,176,0.0
61,60,177,0.0
61,60,178,0.0
61,60,179,0.0
61,60,180,0.0
61,60,181,0.0
61,60,182,-0.0
61,60,183,0.0
61,60,184,-0.0
61,60,185,0.0
61,60,186,0.0
61,60,187,0.0
61,60,188,0.0
61,60,189,0.0
61,60,190,0.0
61,60,191,0.0
61,60,192,0.0
61,60,193,0.0
61,60,194,0.0
61,60,195,0.0
61,60,196,0.0
61,60,197,0.0
61,60,198,0.0
61,60,199,0.0
61,60,200,0.0
61,60,201,-0.0
61,60,202,-0.0
61,60,203,-0.0
61,60,204,-0.0
61,60,205,-0.0
61,60,206,0.0
61,60,207,0.0
61,60,208,0.0
61,60,209,0.0
61,60,210,0.0
61,60,211,0.0
61,60,212,0.0
61,60,213,0.0
61,60,214,0.0
61,60,215,0.0
61,60,216,0.0
61,60,217,0.0
61,60,218,0.0
61,60,219,0.0
61,60,220,-0.0
61,60,221,0.0
61,60,222,0.0
61,60,223,0.0
61,60,224,0.0
61,60,225,0.0
61,60,226,-0.0
61,60,227,0.0
61,60,228,0.0
61,60,229,0.0
61,60,230,0.0
61,60,231,0.0
61,60,232,0.0
61,60,233,0.0
61,60,234,0.0
61,60,235,0.0
61,60,236,0.0
61,60,237,0.0
61,60,238,0.0
61,60,239,0.0
61,60,240,0.0
61,60,241,0.0
61,60,242,0.0
61,60,243,0.0
61,60,244,0.0
61,60,245,0.0
61,60,246,0.0
61,60,247,0.0
61,60,248,0.0
61,60,249,0.0
61,60,250,0.0
61,60,251,0.0
61,60,252,0.0
61,60,253,0.0
61,60,254,0.0
61,60,255,0.0
61,60,256,0.0
61,60,257,0.0
61,60,258,0.0
61,60,259,0.0
61,60,260,0.0
61,60,261,-0.0
61,60,262,0.0
61,60,263,0.0
61,60,264,0.0
61,60,265,0.0
61,60,266,0.0
61,60,267,0.0
61,60,268,0.0
61,60,269,0.0
61,60,270,0.0
61,60,271,0.0
61,60,272,0.0
61,60,273,0.0
61,60,274,0.0
61,60,275,0.0
61,60,276,0.0
61,60,277,0.0
61,60,278,0.0
61,60,279,0.0
61,60,280,0.0
61,60,281,0.0
61,60,282,0.0
61,60,283,0.0
61,60,284,0.0
61,60,285,0.0
61,60,286,0.0
61,60,287,0.0
61,60,288,0.0
61,60,289,-0.0
61,60,290,0.0
61,60,291,0.0
61,60,292,0.0
61,60,293,0.0
61,60,294,0.0
61,60,295,0.0
61,60,296,0.0
61,60,297,0.0
61,60,298,0.0
61,60,299,0.0
61,60,300,0.0
61,60,301,0.0
61,60,302,-0.0
61,60,303,0.0
61,60,304,0.0
61,60,305,-0.0
61,60,306,-0.0
61,60,307,0.0
61,60,308,-0.0
61,60,309,0.0
61,60,310,0.0
61,60,311,0.0
61,60,312,0.0
61,60,313,0.0
61,60,314,0.0
61,60,315,0.0
61,60,316,0.0
61,60,317,0.0
61,60,318,0.0
61,60,319,0.0
61,60,320,0.0
61,60,321,0.0
61,60,322,0.0
61,60,323,0.0
61,60,324,0.0
61,60,325,0.0
61,60,326,0.0
61,60,327,0.0
61,60,328,0.0
61,60,329,0.0
61,60,330,0.0
61,60,331,0.0
61,60,332,0.0
61,60,333,0.0
61,60,334,0.0
61,60,335,0.0
61,60,336,0.0
61,60,337,0.0
61,60,338,0.0
61,60,339,0.0
61,60,340,0.0
61,60,341,0.0
61,60,342,0.0
61,60,343,0.0
61,60,344,0.0
61,60,345,-0.0
61,60,346,0.0
61,60,347,0.0
61,60,348,0.0
61,60,349,-0.0
61,60,350,0.0
61,60,351,0.0
61,60,352,0.0
61,60,353,0.0
61,60,354,0.0
61,60,355,0.0
61,60,356,0.0
61,60,357,0.0
61,60,358,0.0
61,60,359,-0.0
61,60,360,-0.0
50,69,0,0.0
50,69,1,0.0
50,69,2,0.0
50,69,3,0.0
50,69,4,0.0
50,69,5,0.0
50,69,6,0.0
50,69,7,-0.0
50,69,8,-0.0
50,69,9,-0.0
50,69,10,-0.0
50,69,11,-0.0
50,69,12,-0.0
50,69,13,-0.0
50,69,14,-0.0
50,69,15,0.0
50,69,16,0.0
50,69,17,-0.0
50,69,18,-0.0
50,69,19,-0.0
50,69,20,-0.0
50,69,21,-0.0
50,69,22,-0.0
50,69,23,-0.0
50,69,24,0.0
50,69,25,-0.0
50,69,26,-0.0
50,69,27,-0.0
50,69,28,-0.0
50,69,29,-0.0
50,69,30,-0.0
50,69,31,-0.0
50,69,32,-0.0
50,69,33,-0.0
50,69,34,0.0
50,69,35,0.0
50,69,36,0.0
50,69,37,0.0
50,69,38,-0.0
50,69,39,-0.0
50,69,40,-0.0
50,69,41,-0.0
50,69,42,0.0
50,69,43,-0.0
50,69,44,-0.0
50,69,45,-0.0
50,69,46,-0.0
50,69,47,0.0
50,69,48,-0.0
50,69,49,-0.0
50,69,50,-0.0
50,69,51,-0.0
50,69,52,-0.0
50,69,53,-0.0
50,69,54,0.0
50,69,55,-0.0
50,69,56,-0.0
50,69,57,-0.0
50,69,58,-0.0
50,69,59,-0.0
50,69,60,-0.0
50,69,61,-0.0
50,69,62,0.0
50,69,63,-0.0
50,69,64,-0.0
50,69,65,-0.0
50,69,66,-0.0
50,69,67,-0.0
50,69,68,-0.0
50,69,69,-0.0
50,69,70,-0.0
50,69,71,-0.0
50,69,72,0.0
50,69,73,-0.0
50,69,74,-0.0
50,69,75,-0.0
50,69,76,-0.0
50,69,77,0.0
50,69,78,-0.0
50,69,79,-0.0
50,69,80,-0.0
50,69,81,-0.0
50,69,82,-0.0
50,69,83,-0.0
50,69,84,0.0
50,69,85,-0.0
50,69,86,-0.0
50,69,87,-0.0
50,69,88,-0.0
50,69,89,-0.0
50,69,90,-0.0
50,69,91,-0.0
50,69,92,0.0
50,69,93,-0.0
50,69,94,-0.0
50,69,95,-0.0
50,69,96,-0.0
50,69,97,-0.0
50,69,98,0.0
50,69,99,-0.0
50,69,100,-0.0
50,69,101,-0.0
50,69,102,-0.0
50,69,103,-0.0
50,69,104,0.0
50,69,105,-0.0
50,69,106,-0.0
50,69,107,-0.0
50,69,108,-0.0
50,69,109,0.0
50,69,110,0.0
50,69,111,-0.0
50,69,112,-0.0
50,69,113,-0.0
50,69,114,-0.0
50,69,115,-0.0
50,69,116,-0.0
50,69,117,-0.0
50,69,118,-0.0
50,69,119,-0.0
50,69,120,-0.0
50,69,121,0.0
50,69,122,0.0
50,69,123,-0.0
50,69,124,-0.0
50,69,125,-0.0
50,69,126,0.0
50,69,127,-0.0
50,69,128,-0.0
50,69,129,0.0
50,69,130,0.0
50,69,131,0.0
50,69,132,-0.0
50,69,133,-0.0
50,69,134,-0.0
50,69,135,0.0
50,69,136,-0.0
50,69,137,0.0
50,69,138,-0.0
50,69,139,-0.0
50,69,140,-0.0
50,69,141,-0.0
50,69,142,-0.0
50,69,143,-0.0
50,69,144,-0.0
50,69,145,-0.0
50,69,146,-0.0
50,69,147,-0.0
50,69,148,-0.0
50,69,149,-0.0
50,69,150,-0.0
50,69,151,0.0
50,69,152,-0.0
50,69,153,-0.0
50,69,154,-0.0
50,69,155,-0.0
50,69,156,-0.0
50,69,157,0.0
50,69,158,-0.0
50,69,159,-0.0
50,69,160,-0.0
50,69,161,0.0
50,69,162,0.0
50,69,163,-0.0
50,69,164,-0.0
50,69,165,-0.0
50,69,166,-0.0
50,69,167,-0.0
50,69,168,-0.0
50,69,169,-0.0
50,69,170,-0.0
50,69,171,-0.0
50,69,172,-0.0
50,69,173,-0.0
50,69,174,0.0
50,69,175,-0.0
50,69,176,-0.0
50,69,177,0.0
50,69,178,-0.0
50,69,179,-0.0
50,69,180,-0.0
50,69,181,-0.0
50,69,182,0.0
50,69,183,0.0
50,69,184,-0.0
50,69,185,-0.0
50,69,186,-0.0
50,69,187,-0.0
50,69,188,-0.0
50,69,189,-0.0
50,69,190,-0.0
50,69,191,-0.0
50,69,192,-0.0
50,69,193,-0.0
50,69,194,-0.0
50,69,195,-0.0
50,69,196,-0.0
50,69,197,-0.0
50,69,198,-0.0
50,69,199,-0.0
50,69,200,-0.0
50,69,201,0.0
50,69,202,-0.0
50,69,203,0.0
50,69,204,-0.0
50,69,205,-0.0
50,69,206,-0.0
50,69,207,-0.0
50,69,208,0.0
50,69,209,-0.0
50,69,210,-0.0
50,69,211,0.0
50,69,212,-0.0
50,69,213,-0.0
50,69,214,-0.0
50,69,215,-0.0
50,69,216,-0.0
50,69,217,-0.0
50,69,218,-0.0
50,69,219,-0.0
50,69,220,-0.0
50,69,221,-0.0
50,69,222,-0.0
50,69,223,-0.0
50,69,224,-0.0
50,69,225,-0.0
50,69,226,-0.0
50,69,227,-0.0
50,69,228,-0.0
50,69,229,-0.0
50,69,230,-0.0
50,69,231,-0.0
50,69,232,-0.0
50,69,233,-0.0
50,69,234,-0.0
50,69,235,-0.0
50,69,236,-0.0
50,69,237,-0.0
50,69,238,-0.0
50,69,239,-0.0
50,69,240,-0.0
50,69,241,-0.0
50,69,242,-0.0
50,69,243,-0.0
50,69,244,0.0
50,69,245,0.0
50,69,246,-0.0
50,69,247,-0.0
50,69,248,0.0
50,69,249,-0.0
50,69,250,-0.0
50,69,251,-0.0
50,69,252,-0.0
50,69,253,-0.0
50,69,254,-0.0
50,69,255,-0.0
50,69,256,-0.0
50,69,257,-0.0
50,69,258,-0.0
50,69,259,-0.0
50,69,260,-0.0
50,69,261,-0.0
50,69,262,-0.0
50,69,263,-0.0
50,69,264,0.0
50,69,265,-0.0
50,69,266,-0.0
50,69,267,-0.0
50,69,268,-0.0
50,69,269,-0.0
50,69,270,0.0
50,69,271,-0.0
50,69,272,-0.0
50,69,273,-0.0
50,69,274,-0.0
50,69,275,-0.0
50,69,276,-0.0
50,69,277,-0.0
50,69,278,-0.0
50,69,279,-0.0
50,69,280,-0.0
50,69,281,-0.0
50,69,282,-0.0
50,69,283,-0.0
50,69,284,-0.0
50,69,285,-0.0
50,69,286,0.0
50,69,287,-0.0
50,69,288,-0.0
50,69,289,-0.0
50,69,290,-0.0
50,69,291,0.0
50,69,292,0.0
50,69,293,-0.0
50,69,294,-0.0
50,69,295,-0.0
50,69,296,-0.0
50,69,297,-0.0
50,69,298,-0.0
50,69,299,0.0
50,69,300,-0.0
50,69,301,-0.0
50,69,302,-0.0
50,69,303,0.0
50,69,304,-0.0
50,69,305,-0.0
50,69,306,-0.0
50,69,307,-0.0
50,69,308,-0.0
50,69,309,-0.0
50,69,310,-0.0
50,69,311,-0.0
50,69,312,-0.0
50,69,313,-0.0
50,69,314,-0.0
50,69,315,-0.0
50,69,316,-0.0
50,69,317,-0.0
50,69,318,0.0
50,69,319,-0.0
50,69,320,-0.0
50,69,321,-0.0
50,69,322,-0.0
50,69,323,0.0
50,69,324,0.0
50,69,325,-0.0
50,69,326,-0.0
50,69,327,-0.0
50,69,328,-0.0
50,69,329,-0.0
50,69,330,-0.0
50,69,331,-0.0
50,69,332,-0.0
50,69,333,-0.0
50,69,334,-0.0
50,69,335,-0.0
50,69,336,-0.0
50,69,337,-0.0
50,69,338,-0.0
50,69,339,-0.0
50,69,340,-0.0
50,69,341,-0.0
50,69,342,-0.0
50,69,343,-0.0
50,69,344,-0.0
50,69,345,-0.0
50,69,346,-0.0
50,69,347,-0.0
50,69,348,0.0
50,69,349,-0.0
50,69,350,-0.0
50,69,351,-0.0
50,69,352,-0.0
50,69,353,-0.0
50,69,354,-0.0
50,69,355,-0.0
50,69,356,-0.0
50,69,357,-0.0
50,69,358,-0.0
50,69,359,-0.0
50,69,360,-0.0
89,103,0,0.0
89,103,1,0.0
89,103,2,0.0
89,103,3,-0.0
89,103,4,-0.0
89,103,5,-0.0
89,103,6,-0.0
89,103,7,-0.0
89,103,8,-0.0
89,103,9,-0.0
89,103,10,-0.0
89,103,11,-0.0
89,103,12,-0.0
89,103,13,-0.0
89,103,14,-0.0
89,103,15,-0.0
89,103,16,-0.0
89,103,17,-0.0
89,103,18,-0.0
89,103,19,-0.0
89,103,20,-0.0
89,103,21,-0.0
89,103,22,-0.0
89,103,23,-0.0
89,103,24,-0.0
89,103,25,-0.0
89,103,26,-0.0
89,103,27,-0.0
89,103,28,-0.0
89,103,29,-0.0
89,103,30,-0.0
89,103,31,-0.0
89,103,32,-0.0
89,103,33,-0.0
89,103,34,-0.0
89,103,35,-0.0
89,103,36,-0.0
89,103,37,-0.0
89,103,38,-0.0
89,103,39,-0.0
89,103,40,-0.0
89,103,41,-0.0
89,103,42,-0.0
89,103,43,-0.0
89,103,44,-0.0
89,103,45,-0.0
89,103,46,-0.0
89,103,47,-0.0
89,103,48,-0.0
89,103,49,-0.0
89,103,50,-0.0
89,103,51,-0.0
89,103,52,-0.0
89,103,53,-0.0
89,103,54,-0.0
89,103,55,-0.0
89,103,56,-0.0
89,103,57,-0.0
89,103,58,-0.0
89,103,59,-0.0
89,103,60,-0.0
89,103,61,-0.0
89,103,62,-0.0
89,103,63,-0.0
89,103,64,-0.0
89,103,65,-0.0
89,103,66,-0.0
89,103,67,-0.0
89,103,68,-0.0
89,103,69,-0.0
89,103,70,-0.0
89,103,71,-0.0
89,103,72,-0.0
89,103,73,-0.0
89,103,74,-0.0
89,103,75,-0.0
89,103,76,-0.0
89,103,77,-0.0
89,103,78,-0.0
89,103,79,-0.0
89,103,80,-0.0
89,103,81,-0.0
89,103,82,-0.0
89,103,83,-0.0
89,103,84,-0.0
89,103,85,-0.0
89,103,86,-0.0
89,103,87,-0.0
89,103,88,-0.0
89,103,89,-0.0
89,103,90,-0.0
89,103,91,-0.0
89,103,92,-0.0
89,103,93,-0.0
89,103,94,-0.0
89,103,95,-0.0
89,103,96,-0.0
89,103,97,-0.0
89,103,98,-0.0
89,103,99,-0.0
89,103,100,-0.0
89,103,101,-0.0
89,103,102,-0.0
89,103,103,-0.0
89,103,104,-0.0
89,103,105,-0.0
89,103,106,-0.0
89,103,107,-0.0
89,103,108,-0.0
89,103,109,-0.0
89,103,110,-0.0
89,103,111,-0.0
89,103,112,-0.0
89,103,113,-0.0
89,103,114,-0.0
89,103,115,-0.0
89,103,116,-0.0
89,103,117,-0.0
89,103,118,-0.0
89,103,119,-0.0
89,103,120,-0.0
89,103,121,-0.0
89,103,122,-0.0
89,103,123,-0.0
89,103,124,-0.0
89,103,125,-0.0
89,103,126,-0.0
89,103,127,-0.0
89,103,128,-0.0
89,103,129,-0.0
89,103,130,-0.0
89,103,131,-0.0
89,103,132,-0.0
89,103,133,-0.0
89,103,134,-0.0
89,103,135,-0.0
89,103,136,-0.0
89,103,137,-0.0
89,103,138,-0.0
89,103,139,-0.0
89,103,140,-0.0
89,103,141,-0.0
89,103,142,-0.0
89,103,143,-0.0
89,103,144,-0.0
89,103,145,-0.0
89,103,146,-0.0
89,103,147,-0.0
89,103,148,-0.0
89,103,149,-0.0
89,103,150,-0.0
89,103,151,-0.0
89,103,152,-0.0
89,103,153,-0.0
89,103,154,-0.0
89,103,155,-0.0
89,103,156,-0.0
89,103,157,-0.0
89,103,158,-0.0
89,103,159,-0.0
89,103,160,-0.0
89,103,161,-0.0
89,103,162,-0.0
89,103,163,-0.0
89,103,164,-0.0
89,103,165,-0.0
89,103,166,-0.0
89,103,167,-0.0
89,103,168,-0.0
89,103,169,-0.0
89,103,170,-0.0
89,103,171,-0.0
89,103,172,-0.0
89,103,173,-0.0
89,103,174,-0.0
89,103,175,-0.0
89,103,176,-0.0
89,103,177,-0.0
89,103,178,-0.0
89,103,179,-0.0
89,103,180,-0.0
89,103,181,-0.0
89,103,182,-0.0
89,103,183,-0.0
89,103,184,-0.0
89,103,185,-0.0
89,103,186,-0.0
89,103,187,-0.0
89,103,188,-0.0
89,103,189,-0.0
89,103,190,-0.0
89,103,191,-0.0
89,103,192,-0.0
89,103,193,-0.0
89,103,194,-0.0
89,103,195,-0.0
89,103,196,-0.0
89,103,197,-0.0
89,103,198,-0.0
89,103,199,-0.0
89,103,200,-0.0
89,103,201,-0.0
89,103,202,-0.0
89,103,203,-0.0
89,103,204,-0.0
89,103,205,-0.0
89,103,206,-0.0
89,103,207,-0.0
89,103,208,-0.0
89,103,209,-0.0
89,103,210,-0.0
89,103,211,-0.0
89,103,212,-0.0
89,103,213,-0.0
89,103,214,-0.0
89,103,215,-0.0
89,103,216,-0.0
89,103,217,-0.0
89,103,218,-0.0
89,103,219,-0.0
89,103,220,-0.0
89,103,221,-0.0
89,103,222,-0.0
89,103,223,-0.0
89,103,224,-0.0
89,103,225,-0.0
89,103,226,-0.0
89,103,227,-0.0
89,103,228,-0.0
89,103,229,-0.0
89,103,230,-0.0
89,103,231,-0.0
89,103,232,-0.0
89,103,233,-0.0
89,103,234,-0.0
89,103,235,-0.0
89,103,236,-0.0
89,103,237,-0.0
89,103,238,-0.0
89,103,239,-0.0
89,103,240,-0.0
89,103,241,-0.0
89,103,242,-0.0
89,103,243,-0.0
89,103,244,-0.0
89,103,245,-0.0
89,103,246,-0.0
89,103,247,-0.0
89,103,248,-0.0
89,103,249,-0.0
89,103,250,-0.0
89,103,251,-0.0
89,103,252,-0.0
89,103,253,-0.0
89,103,254,-0.0
89,103,255,-0.0
89,103,256,-0.0
89,103,257,-0.0
89,103,258,-0.0
89,103,259,-0.0
89,103,260,-0.0
89,103,261,-0.0
89,103,262,-0.0
89,103,263,-0.0
89,103,264,-0.0
89,103,265,-0.0
89,103,266,-0.0
89,103,267,-0.0
89,103,268,-0.0
89,103,269,-0.0
89,103,270,-0.0
89,103,271,-0.0
89,103,272,-0.0
89,103,273,-0.0
89,103,274,-0.0
89,103,275,-0.0
89,103,276,-0.0
89,103,277,-0.0
89,103,278,-0.0
89,103,279,-0.0
89,103,280,-0.0
89,103,281,-0.0
89,103,282,-0.0
89,103,283,-0.0
89,103,284,-0.0
89,103,285,-0.0
89,103,286,-0.0
89,103,287,-0.0
89,103,288,-0.0
89,103,289,-0.0
89,103,290,-0.0
89,103,291,-0.0
89,103,292,-0.0
89,103,293,-0.0
89,103,294,-0.0
89,103,295,-0.0
89,103,296,-0.0
89,103,297,-0.0
89,103,298,-0.0
89,103,299,-0.0
89,103,300,-0.0
89,103,301,-0.0
89,103,302,-0.0
89,103,303,-0.0
89,103,304,-0.0
89,103,305,-0.0
89,103,306,-0.0
89,103,307,-0.0
89,103,308,-0.0
89,103,309,-0.0
89,103,310,-0.0
89,103,311,-0.0
89,103,312,-0.0
89,103,313,-0.0
89,103,314,-0.0
89,103,315,-0.0
89,103,316,-0.0
89,103,317,-0.0
89,103,318,-0.0
89,103,319,-0.0
89,103,320,-0.0
89,103,321,-0.0
89,103,322,-0.0
89,103,323,-0.0
89,103,324,-0.0
89,103,325,-0.0
89,103,326,-0.0
89,103,327,-0.0
89,103,328,-0.0
89,103,329,-0.0
89,103,330,-0.0
89,103,331,-0.0
89,103,332,-0.0
89,103,333,-0.0
89,103,334,-0.0
89,103,335,-0.0
89,103,336,-0.0
89,103,337,-0.0
89,103,338,-0.0
89,103,339,-0.0
89,103,340,-0.0
89,103,341,-0.0
89,103,342,-0.0
89,103,343,-0.0
89,103,344,-0.0
89,103,345,-0.0
89,103,346,-0.0
89,103,347,-0.0
89,103,348,-0.0
89,103,349,-0.0
89,103,350,-0.0
89,103,351,-0.0
89,103,352,-0.0
89,103,353,-0.0
89,103,354,-0.0
89,103,355,-0.0
89,103,356,-0.0
89,103,357,-0.0
89,103,358,-0.0
89,103,359,-0.0
89,103,360,-0.0
100,36,0,0.0
100,36,1,0.0
100,36,2,0.0
100,36,3,0.0
100,36,4,6.0
100,36,5,0.0
100,36,6,5.0
100,36,7,6.0
100,36,8,6.0
100,36,9,0.0
100,36,10,6.0
100,36,11,6.0
100,36,12,6.0
100,36,13,6.0
100,36,14,6.0
100,36,15,6.0
100,36,16,6.0
100,36,17,6.0
100,36,18,6.0
100,36,19,6.0
100,36,20,6.0
100,36,21,6.0
100,36,22,6.0
100,36,23,0.0
100,36,24,6.0
100,36,25,0.0
100,36,26,0.0
100,36,27,0.0
100,36,28,0.0
100,36,29,-0.0
100,36,30,6.0
100,36,31,6.0
100,36,32,6.0
100,36,33,6.0
100,36,34,0.0
100,36,35,6.0
100,36,36,6.0
100,36,37,6.0
100,36,38,-0.0
100,36,39,0.0
100,36,40,6.0
100,36,41,5.0
100,36,42,6.0
100,36,43,6.0
100,36,44,0.0
100,36,45,6.0
100,36,46,6.0
100,36,47,6.0
100,36,48,6.0
100,36,49,6.0
100,36,50,6.0
100,36,51,0.0
100,36,52,0.0
100,36,53,0.0
100,36,54,6.0
100,36,55,6.0
100,36,56,6.0
100,36,57,0.0
100,36,58,6.0
100,36,59,6.0
100,36,60,6.0
100,36,61,0.0
100,36,62,6.0
100,36,63,0.0
100,36,64,6.0
100,36,65,6.0
100,36,66,6.0
100,36,67,0.0
100,36,68,0.0
100,36,69,6.0
100,36,70,0.0
100,36,71,6.0
100,36,72,6.0
100,36,73,6.0
100,36,74,6.0
100,36,75,0.0
100,36,76,2.0
100,36,77,0.0
100,36,78,6.0
100,36,79,5.0
100,36,80,6.0
100,36,81,6.0
100,36,82,6.0
100,36,83,6.0
100,36,84,0.0
100,36,85,6.0
100,36,86,6.0
100,36,87,-0.0
100,36,88,6.0
100,36,89,6.0
100,36,90,6.0
100,36,91,0.0
100,36,92,0.0
100,36,93,6.0
100,36,94,0.0
100,36,95,6.0
100,36,96,6.0
100,36,97,6.0
100,36,98,6.0
100,36,99,4.0
100,36,100,0.0
100,36,101,1.0
100,36,102,0.0
100,36,103,0.0
100,36,104,6.0
100,36,105,-0.0
100,36,106,6.0
100,36,107,6.0
100,36,108,1.0
100,36,109,6.0
100,36,110,0.0
100,36,111,6.0
100,36,112,0.0
100,36,113,0.0
100,36,114,0.0
100,36,115,0.0
100,36,116,-0.0
100,36,117,6.0
100,36,118,0.0
100,36,119,6.0
100,36,120,0.0
100,36,121,6.0
100,36,122,6.0
100,36,123,6.0
100,36,124,6.0
100,36,125,6.0
100,36,126,1.0
100,36,127,6.0
100,36,128,0.0
100,36,129,0.0
100,36,130,0.0
100,36,131,6.0
100,36,132,6.0
100,36,133,0.0
100,36,134,6.0
100,36,135,6.0
100,36,136,-0.0
100,36,137,1.0
100,36,138,6.0
100,36,139,0.0
100,36,140,6.0
100,36,141,6.0
100,36,142,6.0
100,36,143,6.0
100,36,144,6.0
100,36,145,0.0
100,36,146,6.0
100,36,147,6.0
100,36,148,6.0
100,36,149,6.0
100,36,150,6.0
100,36,151,0.0
100,36,152,0.0
100,36,153,6.0
100,36,154,6.0
100,36,155,6.0
100,36,156,-0.0
100,36,157,5.0
100,36,158,0.0
100,36,159,6.0
100,36,160,6.0
100,36,161,0.0
100,36,162,6.0
100,36,163,6.0
100,36,164,6.0
100,36,165,6.0
100,36,166,6.0
100,36,167,0.0
100,36,168,-0.0
100,36,169,6.0
100,36,170,0.0
100,36,171,0.0
100,36,172,0.0
100,36,173,6.0
100,36,174,6.0
100,36,175,6.0
100,36,176,6.0
100,36,177,6.0
100,36,178,6.0
100,36,179,6.0
100,36,180,6.0
100,36,181,6.0
100,36,182,0.0
100,36,183,6.0
100,36,184,6.0
100,36,185,6.0
100,36,186,6.0
100,36,187,0.0
100,36,188,6.0
100,36,189,6.0
100,36,190,6.0
100,36,191,6.0
100,36,192,0.0
100,36,193,6.0
100,36,194,6.0
100,36,195,6.0
100,36,196,6.0
100,36,197,6.0
100,36,198,6.0
100,36,199,0.0
100,36,200,6.0
100,36,201,6.0
100,36,202,6.0
100,36,203,6.0
100,36,204,6.0
100,36,205,6.0
100,36,206,6.0
100,36,207,6.0
100,36,208,6.0
100,36,209,6.0
100,36,210,6.0
100,36,211,6.0
100,36,212,6.0
100,36,213,6.0
100,36,214,6.0
100,36,215,6.0
100,36,216,6.0
100,36,217,6.0
100,36,218,6.0
100,36,219,6.0
100,36,220,6.0
100,36,221,6.0
100,36,222,6.0
100,36,223,6.0
100,36,224,6.0
100,36,225,6.0
100,36,226,6.0
100,36,227,6.0
100,36,228,6.0
100,36,229,6.0
100,36,230,6.0
100,36,231,6.0
100,36,232,6.0
100,36,233,6.0
100,36,234,-0.0
100,36,235,6.0
100,36,236,6.0
100,36,237,6.0
100,36,238,-0.0
100,36,239,6.0
100,36,240,6.0
100,36,241,6.0
100,36,242,5.0
100,36,243,6.0
100,36,244,6.0
100,36,245,6.0
100,36,246,6.0
100,36,247,6.0
100,36,248,-0.0
100,36,249,6.0
100,36,250,6.0
100,36,251,6.0
100,36,252,5.0
100,36,253,6.0
100,36,254,6.0
100,36,255,0.0
100,36,256,0.0
100,36,257,0.0
100,36,258,6.0
100,36,259,6.0
100,36,260,6.0
100,36,261,6.0
100,36,262,0.0
100,36,263,6.0
100,36,264,6.0
100,36,265,-0.0
100,36,266,6.0
100,36,267,6.0
100,36,268,6.0
100,36,269,0.0
100,36,270,6.0
100,36,271,6.0
100,36,272,0.0
100,36,273,6.0
100,36,274,1.0
100,36,275,6.0
100,36,276,6.0
100,36,277,0.0
100,36,278,0.0
100,36,279,0.0
100,36,280,6.0
100,36,281,0.0
100,36,282,6.0
100,36,283,0.0
100,36,284,-0.0
100,36,285,6.0
100,36,286,6.0
100,36,287,6.0
100,36,288,0.0
100,36,289,0.0
100,36,290,0.0
100,36,291,0.0
100,36,292,6.0
100,36,293,6.0
100,36,294,6.0
100,36,295,6.0
100,36,296,6.0
100,36,297,6.0
100,36,298,6.0
100,36,299,4.0
100,36,300,6.0
100,36,301,6.0
100,36,302,6.0
100,36,303,6.0
100,36,304,6.0
100,36,305,6.0
100,36,306,-0.0
100,36,307,0.0
100,36,308,0.0
100,36,309,0.0
100,36,310,6.0
100,36,311,0.0
100,36,312,0.0
100,36,313,-0.0
100,36,314,6.0
100,36,315,6.0
100,36,316,6.0
100,36,317,6.0
100,36,318,0.0
100,36,319,0.0
100,36,320,1.0
100,36,321,6.0
100,36,322,6.0
100,36,323,3.0
100,36,324,6.0
100,36,325,6.0
100,36,326,0.0
100,36,327,6.0
100,36,328,6.0
100,36,329,5.0
100,36,330,6.0
100,36,331,6.0
100,36,332,6.0
100,36,333,6.0
100,36,334,6.0
100,36,335,0.0
100,36,336,6.0
100,36,337,6.0
100,36,338,6.0
100,36,339,6.0
100,36,340,0.0
100,36,341,6.0
100,36,342,0.0
100,36,343,6.0
100,36,344,6.0
100,36,345,6.0
100,36,346,6.0
100,36,347,0.0
100,36,348,6.0
100,36,349,6.0
100,36,350,6.0
100,36,351,6.0
100,36,352,6.0
100,36,353,6.0
100,36,354,6.0
100,36,355,6.0
100,36,356,6.0
100,36,357,6.0
100,36,358,6.0
100,36,359,0.0
100,36,360,-0.0
62,61,0,0.0
62,61,1,0.0
62,61,2,0.0
62,61,3,0.0
62,61,4,0.0
62,61,5,-0.0
62,61,6,-0.0
62,61,7,-0.0
62,61,8,-0.0
62,61,9,-0.0
62,61,10,0.0
62,61,11,0.0
62,61,12,0.0
62,61,13,-0.0
62,61,14,-0.0
62,61,15,-0.0
62,61,16,-0.0
62,61,17,-0.0
62,61,18,-0.0
62,61,19,-0.0
62,61,20,0.0
62,61,21,-0.0
62,61,22,0.0
62,61,23,-0.0
62,61,24,-0.0
62,61,25,-0.0
62,61,26,-0.0
62,61,27,-0.0
62,61,28,0.0
62,61,29,0.0
62,61,30,-0.0
62,61,31,0.0
62,61,32,0.0
62,61,33,-0.0
62,61,34,-0.0
62,61,35,-0.0
62,61,36,-0.0
62,61,37,-0.0
62,61,38,-0.0
62,61,39,-0.0
62,61,40,-0.0
62,61,41,-0.0
62,61,42,-0.0
62,61,43,-0.0
62,61,44,-0.0
62,61,45,-0.0
62,61,46,-0.0
62,61,47,-0.0
62,61,48,0.0
62,61,49,0.0
62,61,50,-0.0
62,61,51,0.0
62,61,52,0.0
62,61,53,0.0
62,61,54,-0.0
62,61,55,0.0
62,61,56,-0.0
62,61,57,0.0
62,61,58,-0.0
62,61,59,-0.0
62,61,60,-0.0
62,61,61,-0.0
62,61,62,-0.0
62,61,63,-0.0
62,61,64,-0.0
62,61,65,-0.0
62,61,66,0.0
62,61,67,0.0
62,61,68,0.0
62,61,69,-0.0
62,61,70,-0.0
62,61,71,-0.0
62,61,72,0.0
62,61,73,-0.0
62,61,74,-0.0
62,61,75,-0.0
62,61,76,-0.0
62,61,77,-0.0
62,61,78,0.0
62,61,79,-0.0
62,61,80,0.0
62,61,81,0.0
62,61,82,0.0
62,61,83,0.0
62,61,84,-0.0
62,61,85,-0.0
62,61,86,-0.0
62,61,87,-0.0
62,61,88,-0.0
62,61,89,-0.0
62,61,90,-0.0
62,61,91,-0.0
62,61,92,-0.0
62,61,93,-0.0
62,61,94,-0.0
62,61,95,-0.0
62,61,96,-0.0
62,61,97,-0.0
62,61,98,-0.0
62,61,99,0.0
62,61,100,0.0
62,61,101,0.0
62,61,102,0.0
62,61,103,0.0
62,61,104,0.0
62,61,105,0.0
62,61,106,-0.0
62,61,107,-0.0
62,61,108,-0.0
62,61,109,-0.0
62,61,110,0.0
62,61,111,-0.0
62,61,112,-0.0
62,61,113,-0.0
62,61,114,-0.0
62,61,115,-0.0
62,61,116,0.0
62,61,117,-0.0
62,61,118,-0.0
62,61,119,0.0
62,61,120,-0.0
62,61,121,-0.0
62,61,122,0.0
62,61,123,-0.0
62,61,124,-0.0
62,61,125,-0.0
62,61,126,-0.0
62,61,127,-0.0
62,61,128,-0.0
62,61,129,-0.0
62,61,130,-0.0
62,61,131,-0.0
62,61,132,-0.0
62,61,133,-0.0
62,61,134,-0.0
62,61,135,-0.0
62,61,136,-0.0
62,61,137,-0.0
62,61,138,-0.0
62,61,139,-0.0
62,61,140,-0.0
62,61,141,-0.0
62,61,142,-0.0
62,61,143,-0.0
62,61,144,-0.0
62,61,145,-0.0
62,61,146,0.0
62,61,147,-0.0
62,61,148,-0.0
62,61,149,-0.0
62,61,150,-0.0
62,61,151,-0.0
62,61,152,-0.0
62,61,153,-0.0
62,61,154,-0.0
62,61,155,0.0
62,61,156,-0.0
62,61,157,-0.0
62,61,158,-0.0
62,61,159,-0.0
62,61,160,-0.0
62,61,161,-0.0
62,61,162,-0.0
62,61,163,-0.0
62,61,164,-0.0
62,61,165,-0.0
62,61,166,-0.0
62,61,167,-0.0
62,61,168,-0.0
62,61,169,-0.0
62,61,170,-0.0
62,61,171,-0.0
62,61,172,-0.0
62,61,173,0.0
62,61,174,-0.0
62,61,175,-0.0
62,61,176,-0.0
62,61,177,-0.0
62,61,178,-0.0
62,61,179,-0.0
62,61,180,-0.0
62,61,181,-0.0
62,61,182,-0.0
62,61,183,-0.0
62,61,184,-0.0
62,61,185,-0.0
62,61,186,0.0
62,61,187,0.0
62,61,188,-0.0
62,61,189,-0.0
62,61,190,-0.0
62,61,191,-0.0
62,61,192,-0.0
62,61,193,-0.0
62,61,194,0.0
62,61,195,-0.0
62,61,196,-0.0
62,61,197,-0.0
62,61,198,-0.0
62,61,199,-0.0
62,61,200,-0.0
62,61,201,-0.0
62,61,202,-0.0
62,61,203,-0.0
62,61,204,-0.0
62,61,205,-0.0
62,61,206,-0.0
62,61,207,-0.0
62,61,208,0.0
62,61,209,-0.0
62,61,210,0.0
62,61,211,-0.0
62,61,212,-0.0
62,61,213,0.0
62,61,214,0.0
62,61,215,-0.0
62,61,216,-0.0
62,61,217,-0.0
62,61,218,-0.0
62,61,219,0.0
62,61,220,-0.0
62,61,221,-0.0
62,61,222,-0.0
62,61,223,-0.0
62,61,224,-0.0
62,61,225,-0.0
62,61,226,-0.0
62,61,227,-0.0
62,61,228,-0.0
62,61,229,-0.0
62,61,230,0.0
62,61,231,0.0
62,61,232,-0.0
62,61,233,0.0
62,61,234,-0.0
62,61,235,-0.0
62,61,236,-0.0
62,61,237,-0.0
62,61,238,-0.0
62,61,239,0.0
62,61,240,0.0
62,61,241,-0.0
62,61,242,-0.0
62,61,243,-0.0
62,61,244,-0.0
62,61,245,-0.0
62,61,246,0.0
62,61,247,-0.0
62,61,248,-0.0
62,61,249,0.0
62,61,250,-0.0
62,61,251,-0.0
62,61,252,-0.0
62,61,253,-0.0
62,61,254,-0.0
62,61,255,-0.0
62,61,256,-0.0
62,61,257,0.0
62,61,258,0.0
62,61,259,-0.0
62,61,260,-0.0
62,61,261,-0.0
62,61,262,-0.0
62,61,263,0.0
62,61,264,-0.0
62,61,265,-0.0
62,61,266,-0.0
62,61,267,-0.0
62,61,268,-0.0
62,61,269,-0.0
62,61,270,-0.0
62,61,271,-0.0
62,61,272,-0.0
62,61,273,-0.0
62,61,274,-0.0
62,61,275,-0.0
62,61,276,0.0
62,61,277,-0.0
62,61,278,-0.0
62,61,279,-0.0
62,61,280,-0.0
62,61,281,0.0
62,61,282,0.0
62,61,283,0.0
62,61,284,-0.0
62,61,285,-0.0
62,61,286,-0.0
62,61,287,-0.0
62,61,288,-0.0
62,61,289,-0.0
62,61,290,-0.0
62,61,291,-0.0
62,61,292,-0.0
62,61,293,-0.0
62,61,294,-0.0
62,61,295,-0.0
62,61,296,-0.0
62,61,297,-0.0
62,61,298,-0.0
62,61,299,-0.0
62,61,300,0.0
62,61,301,-0.0
62,61,302,-0.0
62,61,303,-0.0
62,61,304,-0.0
62,61,305,-0.0
62,61,306,-0.0
62,61,307,0.0
62,61,308,-0.0
62,61,309,-0.0
62,61,310,-0.0
62,61,311,-0.0
62,61,312,-0.0
62,61,313,-0.0
62,61,314,0.0
62,61,315,-0.0
62,61,316,-0.0
62,61,317,-0.0
62,61,318,-0.0
62,61,319,-0.0
62,61,320,-0.0
62,61,321,-0.0
62,61,322,-0.0
62,61,323,-0.0
62,61,324,-0.0
62,61,325,-0.0
62,61,326,0.0
62,61,327,-0.0
62,61,328,-0.0
62,61,329,-0.0
62,61,330,-0.0
62,61,331,-0.0
62,61,332,-0.0
62,61,333,-0.0
62,61,334,-0.0
62,61,335,-0.0
62,61,336,-0.0
62,61,337,-0.0
62,61,338,-0.0
62,61,339,-0.0
62,61,340,0.0
62,61,341,-0.0
62,61,342,0.0
62,61,343,-0.0
62,61,344,-0.0
62,61,345,-0.0
62,61,346,-0.0
62,61,347,-0.0
62,61,348,-0.0
62,61,349,-0.0
62,61,350,-0.0
62,61,351,-0.0
62,61,352,-0.0
62,61,353,-0.0
62,61,354,-0.0
62,61,355,-0.0
62,61,356,-0.0
62,61,357,-0.0
62,61,358,-0.0
62,61,359,-0.0
62,61,360,-0.0
93,94,0,0.0
93,94,1,0.0
93,94,2,0.0
93,94,3,-0.0
93,94,4,-0.0
93,94,5,-0.0
93,94,6,-0.0
93,94,7,-0.0
93,94,8,-0.0
93,94,9,-0.0
93,94,10,-0.0
93,94,11,-0.0
93,94,12,-0.0
93,94,13,-0.0
93,94,14,-0.0
93,94,15,-0.0
93,94,16,-0.0
93,94,17,-0.0
93,94,18,-0.0
93,94,19,-0.0
93,94,20,-0.0
93,94,21,-0.0
93,94,22,-0.0
93,94,23,-0.0
93,94,24,-0.0
93,94,25,-0.0
93,94,26,-0.0
93,94,27,-0.0
93,94,28,-0.0
93,94,29,-0.0
93,94,30,-0.0
93,94,31,-0.0
93,94,32,-0.0
93,94,33,-0.0
93,94,34,-0.0
93,94,35,-0.0
93,94,36,-0.0
93,94,37,-0.0
93,94,38,-0.0
93,94,39,-0.0
93,94,40,-0.0
93,94,41,-0.0
93,94,42,-0.0
93,94,43,-0.0
93,94,44,-0.0
93,94,45,-0.0
93,94,46,-0.0
93,94,47,-0.0
93,94,48,-0.0
93,94,49,0.0
93,94,50,-0.0
93,94,51,0.0
93,94,52,-0.0
93,94,53,-0.0
93,94,54,-0.0
93,94,55,-0.0
93,94,56,-0.0
93,94,57,-0.0
93,94,58,-0.0
93,94,59,-0.0
93,94,60,-0.0
93,94,61,-0.0
93,94,62,-0.0
93,94,63,-0.0
93,94,64,-0.0
93,94,65,-0.0
93,94,66,-0.0
93,94,67,-0.0
93,94,68,-0.0
93,94,69,-0.0
93,94,70,-0.0
93,94,71,-0.0
93,94,72,-0.0
93,94,73,-0.0
93,94,74,-0.0
93,94,75,-0.0
93,94,76,-0.0
93,94,77,-0.0
93,94,78,-0.0
93,94,79,-0.0
93,94,80,-0.0
93,94,81,-0.0
93,94,82,-0.0
93,94,83,-0.0
93,94,84,-0.0
93,94,85,-0.0
93,94,86,-0.0
93,94,87,-0.0
93,94,88,0.0
93,94,89,-0.0
93,94,90,-0.0
93,94,91,-0.0
93,94,92,-0.0
93,94,93,-0.0
93,94,94,-0.0
93,94,95,-0.0
93,94,96,-0.0
93,94,97,-0.0
93,94,98,-0.0
93,94,99,-0.0
93,94,100,-0.0
93,94,101,-0.0
93,94,102,-0.0
93,94,103,-0.0
93,94,104,-0.0
93,94,105,-0.0
93,94,106,-0.0
93,94,107,-0.0
93,94,108,0.0
93,94,109,0.0
93,94,110,-0.0
93,94,111,-0.0
93,94,112,-0.0
93,94,113,-0.0
93,94,114,-0.0
93,94,115,0.0
93,94,116,0.0
93,94,117,-0.0
93,94,118,-0.0
93,94,119,-0.0
93,94,120,-0.0
93,94,121,-0.0
93,94,122,-0.0
93,94,123,-0.0
93,94,124,-0.0
93,94,125,-0.0
93,94,126,-0.0
93,94,127,-0.0
93,94,128,-0.0
93,94,129,-0.0
93,94,130,-0.0
93,94,131,-0.0
93,94,132,-0.0
93,94,133,-0.0
93,94,134,-0.0
93,94,135,-0.0
93,94,136,-0.0
93,94,137,-0.0
93,94,138,-0.0
93,94,139,-0.0
93,94,140,-0.0
93,94,141,-0.0
93,94,142,-0.0
93,94,143,-0.0
93,94,144,-0.0
93,94,145,-0.0
93,94,146,-0.0
93,94,147,-0.0
93,94,148,-0.0
93,94,149,-0.0
93,94,150,-0.0
93,94,151,-0.0
93,94,152,-0.0
93,94,153,-0.0
93,94,154,-0.0
93,94,155,-0.0
93,94,156,-0.0
93,94,157,-0.0
93,94,158,-0.0
93,94,159,-0.0
93,94,160,-0.0
93,94,161,-0.0
93,94,162,-0.0
93,94,163,-0.0
93,94,164,-0.0
93,94,165,-0.0
93,94,166,-0.0
93,94,167,-0.0
93,94,168,-0.0
93,94,169,-0.0
93,94,170,-0.0
93,94,171,-0.0
93,94,172,-0.0
93,94,173,-0.0
93,94,174,-0.0
93,94,175,-0.0
93,94,176,-0.0
93,94,177,-0.0
93,94,178,0.0
93,94,179,0.0
93,94,180,-0.0
93,94,181,-0.0
93,94,182,-0.0
93,94,183,-0.0
93,94,184,-0.0
93,94,185,-0.0
93,94,186,-0.0
93,94,187,-0.0
93,94,188,0.0
93,94,189,-0.0
93,94,190,-0.0
93,94,191,-0.0
93,94,192,-0.0
93,94,193,-0.0
93,94,194,-0.0
93,94,195,-0.0
93,94,196,-0.0
93,94,197,-0.0
93,94,198,-0.0
93,94,199,-0.0
93,94,200,-0.0
93,94,201,-0.0
93,94,202,-0.0
93,94,203,-0.0
93,94,204,0.0
93,94,205,-0.0
93,94,206,0.0
93,94,207,-0.0
93,94,208,-0.0
93,94,209,-0.0
93,94,210,-0.0
93,94,211,-0.0
93,94,212,0.0
93,94,213,-0.0
93,94,214,0.0
93,94,215,-0.0
93,94,216,-0.0
93,94,217,0.0
93,94,218,-0.0
93,94,219,-0.0
93,94,220,-0.0
93,94,221,-0.0
93,94,222,-0.0
93,94,223,-0.0
93,94,224,-0.0
93,94,225,0.0
93,94,226,-0.0
93,94,227,-0.0
93,94,228,-0.0
93,94,229,-0.0
93,94,230,-0.0
93,94,231,-0.0
93,94,232,-0.0
93,94,233,-0.0
93,94,234,-0.0
93,94,235,-0.0
93,94,236,-0.0
93,94,237,-0.0
93,94,238,-0.0
93,94,239,-0.0
93,94,240,-0.0
93,94,241,-0.0
93,94,242,-0.0
93,94,243,-0.0
93,94,244,-0.0
93,94,245,-0.0
93,94,246,-0.0
93,94,247,-0.0
93,94,248,-0.0
93,94,249,-0.0
93,94,250,0.0
93,94,251,0.0
93,94,252,-0.0
93,94,253,-0.0
93,94,254,-0.0
93,94,255,-0.0
93,94,256,-0.0
93,94,257,-0.0
93,94,258,-0.0
93,94,259,-0.0
93,94,260,0.0
93,94,261,-0.0
93,94,262,-0.0
93,94,263,-0.0
93,94,264,-0.0
93,94,265,0.0
93,94,266,-0.0
93,94,267,-0.0
93,94,268,-0.0
93,94,269,-0.0
93,94,270,-0.0
93,94,271,-0.0
93,94,272,0.0
93,94,273,-0.0
93,94,274,-0.0
93,94,275,-0.0
93,94,276,-0.0
93,94,277,-0.0
93,94,278,0.0
93,94,279,-0.0
93,94,280,-0.0
93,94,281,-0.0
93,94,282,-0.0
93,94,283,0.0
93,94,284,-0.0
93,94,285,-0.0
93,94,286,-0.0
93,94,287,-0.0
93,94,288,-0.0
93,94,289,-0.0
93,94,290,-0.0
93,94,291,0.0
93,94,292,-0.0
93,94,293,-0.0
93,94,294,-0.0
93,94,295,-0.0
93,94,296,-0.0
93,94,297,-0.0
93,94,298,-0.0
93,94,299,-0.0
93,94,300,-0.0
93,94,301,-0.0
93,94,302,-0.0
93,94,303,-0.0
93,94,304,-0.0
93,94,305,-0.0
93,94,306,-0.0
93,94,307,-0.0
93,94,308,-0.0
93,94,309,-0.0
93,94,310,-0.0
93,94,311,-0.0
93,94,312,0.0
93,94,313,-0.0
93,94,314,-0.0
93,94,315,-0.0
93,94,316,-0.0
93,94,317,-0.0
93,94,318,-0.0
93,94,319,-0.0
93,94,320,-0.0
93,94,321,-0.0
93,94,322,0.0
93,94,323,-0.0
93,94,324,-0.0
93,94,325,-0.0
93,94,326,-0.0
93,94,327,-0.0
93,94,328,-0.0
93,94,329,-0.0
93,94,330,-0.0
93,94,331,-0.0
93,94,332,0.0
93,94,333,-0.0
93,94,334,-0.0
93,94,335,0.0
93,94,336,-0.0
93,94,337,-0.0
93,94,338,-0.0
93,94,339,-0.0
93,94,340,-0.0
93,94,341,0.0
93,94,342,-0.0
93,94,343,0.0
93,94,344,-0.0
93,94,345,-0.0
93,94,346,-0.0
93,94,347,-0.0
93,94,348,-0.0
93,94,349,0.0
93,94,350,-0.0
93,94,351,0.0
93,94,352,-0.0
93,94,353,-0.0
93,94,354,-0.0
93,94,355,-0.0
93,94,356,-0.0
93,94,357,0.0
93,94,358,-0.0
93,94,359,-0.0
93,94,360,-0.0
74,90,0,0.0
74,90,1,0.0
74,90,2,3.0
74,90,3,0.0
74,90,4,-0.0
74,90,5,2.0
74,90,6,3.0
74,90,7,-0.0
74,90,8,0.0
74,90,9,-0.0
74,90,10,3.0
74,90,11,3.0
74,90,12,3.0
74,90,13,3.0
74,90,14,3.0
74,90,15,3.0
74,90,16,-0.0
74,90,17,3.0
74,90,18,0.0
74,90,19,3.0
74,90,20,-0.0
74,90,21,0.0
74,90,22,3.0
74,90,23,0.0
74,90,24,-0.0
74,90,25,3.0
74,90,26,-0.0
74,90,27,0.0
74,90,28,0.0
74,90,29,2.0
74,90,30,3.0
74,90,31,-0.0
74,90,32,0.0
74,90,33,3.0
74,90,34,0.0
74,90,35,3.0
74,90,36,-0.0
74,90,37,-0.0
74,90,38,2.0
74,90,39,0.0
74,90,40,1.0
74,90,41,3.0
74,90,42,0.0
74,90,43,2.0
74,90,44,-0.0
74,90,45,3.0
74,90,46,0.0
74,90,47,-0.0
74,90,48,2.0
74,90,49,3.0
74,90,50,-0.0
74,90,51,0.0
74,90,52,0.0
74,90,53,3.0
74,90,54,0.0
74,90,55,-0.0
74,90,56,3.0
74,90,57,2.0
74,90,58,3.0
74,90,59,1.0
74,90,60,2.0
74,90,61,0.0
74,90,62,2.0
74,90,63,0.0
74,90,64,0.0
74,90,65,0.0
74,90,66,2.0
74,90,67,-0.0
74,90,68,0.0
74,90,69,0.0
74,90,70,-0.0
74,90,71,3.0
74,90,72,3.0
74,90,73,-0.0
74,90,74,0.0
74,90,75,0.0
74,90,76,0.0
74,90,77,-0.0
74,90,78,3.0
74,90,79,-0.0
74,90,80,3.0
74,90,81,3.0
74,90,82,0.0
74,90,83,3.0
74,90,84,3.0
74,90,85,-0.0
74,90,86,0.0
74,90,87,-0.0
74,90,88,0.0
74,90,89,-0.0
74,90,90,3.0
74,90,91,3.0
74,90,92,-0.0
74,90,93,0.0
74,90,94,3.0
74,90,95,0.0
74,90,96,3.0
74,90,97,2.0
74,90,98,-0.0
74,90,99,-0.0
74,90,100,2.0
74,90,101,-0.0
74,90,102,2.0
74,90,103,-0.0
74,90,104,-0.0
74,90,105,3.0
74,90,106,0.0
74,90,107,-0.0
74,90,108,-0.0
74,90,109,0.0
74,90,110,0.0
74,90,111,-0.0
74,90,112,0.0
74,90,113,0.0
74,90,114,0.0
74,90,115,3.0
74,90,116,-0.0
74,90,117,3.0
74,90,118,-0.0
74,90,119,3.0
74,90,120,2.0
74,90,121,3.0
74,90,122,2.0
74,90,123,0.0
74,90,124,3.0
74,90,125,3.0
74,90,126,2.0
74,90,127,0.0
74,90,128,-0.0
74,90,129,0.0
74,90,130,3.0
74,90,131,-0.0
74,90,132,0.0
74,90,133,0.0
74,90,134,-0.0
74,90,135,0.0
74,90,136,0.0
74,90,137,-0.0
74,90,138,0.0
74,90,139,2.0
74,90,140,3.0
74,90,141,3.0
74,90,142,3.0
74,90,143,3.0
74,90,144,3.0
74,90,145,2.0
74,90,146,3.0
74,90,147,2.0
74,90,148,3.0
74,90,149,2.0
74,90,150,3.0
74,90,151,3.0
74,90,152,-0.0
74,90,153,2.0
74,90,154,3.0
74,90,155,0.0
74,90,156,0.0
74,90,157,0.0
74,90,158,-0.0
74,90,159,0.0
74,90,160,1.0
74,90,161,0.0
74,90,162,3.0
74,90,163,3.0
74,90,164,-0.0
74,90,165,-0.0
74,90,166,-0.0
74,90,167,0.0
74,90,168,3.0
74,90,169,0.0
74,90,170,3.0
74,90,171,2.0
74,90,172,3.0
74,90,173,3.0
74,90,174,-0.0
74,90,175,0.0
74,90,176,3.0
74,90,177,3.0
74,90,178,2.0
74,90,179,3.0
74,90,180,3.0
74,90,181,3.0
74,90,182,3.0
74,90,183,3.0
74,90,184,-0.0
74,90,185,0.0
74,90,186,-0.0
74,90,187,0.0
74,90,188,0.0
74,90,189,0.0
74,90,190,0.0
74,90,191,3.0
74,90,192,3.0
74,90,193,2.0
74,90,194,-0.0
74,90,195,2.0
74,90,196,3.0
74,90,197,0.0
74,90,198,0.0
74,90,199,-0.0
74,90,200,3.0
74,90,201,0.0
74,90,202,1.0
74,90,203,3.0
74,90,204,0.0
74,90,205,-0.0
74,90,206,2.0
74,90,207,0.0
74,90,208,0.0
74,90,209,3.0
74,90,210,0.0
74,90,211,0.0
74,90,212,1.0
74,90,213,-0.0
74,90,214,-0.0
74,90,215,0.0
74,90,216,2.0
74,90,217,0.0
74,90,218,3.0
74,90,219,-0.0
74,90,220,-0.0
74,90,221,0.0
74,90,222,1.0
74,90,223,3.0
74,90,224,0.0
74,90,225,3.0
74,90,226,0.0
74,90,227,0.0
74,90,228,3.0
74,90,229,0.0
74,90,230,-0.0
74,90,231,-0.0
74,90,232,0.0
74,90,233,0.0
74,90,234,-0.0
74,90,235,-0.0
74,90,236,0.0
74,90,237,0.0
74,90,238,0.0
74,90,239,2.0
74,90,240,0.0
74,90,241,1.0
74,90,242,-0.0
74,90,243,3.0
74,90,244,3.0
74,90,245,3.0
74,90,246,-0.0
74,90,247,-0.0
74,90,248,3.0
74,90,249,3.0
74,90,250,3.0
74,90,251,-0.0
74,90,252,0.0
74,90,253,0.0
74,90,254,-0.0
74,90,255,3.0
74,90,256,3.0
74,90,257,2.0
74,90,258,3.0
74,90,259,3.0
74,90,260,-0.0
74,90,261,3.0
74,90,262,-0.0
74,90,263,-0.0
74,90,264,2.0
74,90,265,3.0
74,90,266,3.0
74,90,267,0.0
74,90,268,3.0
74,90,269,0.0
74,90,270,0.0
74,90,271,0.0
74,90,272,0.0
74,90,273,3.0
74,90,274,3.0
74,90,275,-0.0
74,90,276,2.0
74,90,277,0.0
74,90,278,3.0
74,90,279,3.0
74,90,280,3.0
74,90,281,0.0
74,90,282,3.0
74,90,283,3.0
74,90,284,3.0
74,90,285,-0.0
74,90,286,0.0
74,90,287,2.0
74,90,288,0.0
74,90,289,0.0
74,90,290,3.0
74,90,291,2.0
74,90,292,3.0
74,90,293,3.0
74,90,294,3.0
74,90,295,3.0
74,90,296,3.0
74,90,297,-0.0
74,90,298,3.0
74,90,299,3.0
74,90,300,3.0
74,90,301,-0.0
74,90,302,3.0
74,90,303,0.0
74,90,304,2.0
74,90,305,-0.0
74,90,306,2.0
74,90,307,-0.0
74,90,308,3.0
74,90,309,0.0
74,90,310,-0.0
74,90,311,-0.0
74,90,312,0.0
74,90,313,3.0
74,90,314,-0.0
74,90,315,3.0
74,90,316,0.0
74,90,317,0.0
74,90,318,3.0
74,90,319,3.0
74,90,320,-0.0
74,90,321,-0.0
74,90,322,3.0
74,90,323,-0.0
74,90,324,0.0
74,90,325,3.0
74,90,326,3.0
74,90,327,2.0
74,90,328,1.0
74,90,329,3.0
74,90,330,0.0
74,90,331,3.0
74,90,332,3.0
74,90,333,-0.0
74,90,334,3.0
74,90,335,3.0
74,90,336,3.0
74,90,337,2.0
74,90,338,-0.0
74,90,339,-0.0
74,90,340,-0.0
74,90,341,3.0
74,90,342,0.0
74,90,343,2.0
74,90,344,0.0
74,90,345,-0.0
74,90,346,3.0
74,90,347,3.0
74,90,348,2.0
74,90,349,3.0
74,90,350,-0.0
74,90,351,3.0
74,90,352,3.0
74,90,353,0.0
74,90,354,3.0
74,90,355,3.0
74,90,356,2.0
74,90,357,0.0
74,90,358,0.0
74,90,359,-0.0
74,90,360,-0.0
88,89,0,0.0
88,89,1,0.0
88,89,2,0.0
88,89,3,0.0
88,89,4,0.0
88,89,5,0.0
88,89,6,0.0
88,89,7,0.0
88,89,8,0.0
88,89,9,0.0
88,89,10,0.0
88,89,11,0.0
88,89,12,0.0
88,89,13,0.0
88,89,14,0.0
88,89,15,0.0
88,89,16,0.0
88,89,17,0.0
88,89,18,0.0
88,89,19,0.0
88,89,20,0.0
88,89,21,0.0
88,89,22,-0.0
88,89,23,0.0
88,89,24,0.0
88,89,25,0.0
88,89,26,0.0
88,89,27,0.0
88,89,28,0.0
88,89,29,0.0
88,89,30,0.0
88,89,31,0.0
88,89,32,0.0
88,89,33,0.0
88,89,34,-0.0
88,89,35,0.0
88,89,36,0.0
88,89,37,0.0
88,89,38,0.0
88,89,39,0.0
88,89,40,0.0
88,89,41,0.0
88,89,42,0.0
88,89,43,0.0
88,89,44,0.0
88,89,45,0.0
88,89,46,0.0
88,89,47,0.0
88,89,48,0.0
88,89,49,0.0
88,89,50,0.0
88,89,51,0.0
88,89,52,0.0
88,89,53,0.0
88,89,54,0.0
88,89,55,0.0
88,89,56,0.0
88,89,57,0.0
88,89,58,0.0
88,89,59,0.0
88,89,60,0.0
88,89,61,0.0
88,89,62,0.0
88,89,63,0.0
88,89,64,0.0
88,89,65,0.0
88,89,66,0.0
88,89,67,0.0
88,89,68,0.0
88,89,69,0.0
88,89,70,0.0
88,89,71,0.0
88,89,72,0.0
88,89,73,0.0
88,89,74,0.0
88,89,75,0.0
88,89,76,0.0
88,89,77,0.0
88,89,78,0.0
88,89,79,0.0
88,89,80,0.0
88,89,81,0.0
88,89,82,0.0
88,89,83,0.0
88,89,84,0.0
88,89,85,0.0
88,89,86,0.0
88,89,87,0.0
88,89,88,0.0
88,89,89,0.0
88,89,90,0.0
88,89,91,0.0
88,89,92,0.0
88,89,93,0.0
88,89,94,0.0
88,89,95,0.0
88,89,96,0.0
88,89,97,0.0
88,89,98,0.0
88,89,99,0.0
88,89,100,0.0
88,89,101,0.0
88,89,102,0.0
88,89,103,0.0
88,89,104,0.0
88,89,105,0.0
88,89,106,0.0
88,89,107,0.0
88,89,108,0.0
88,89,109,0.0
88,89,110,0.0
88,89,111,0.0
88,89,112,0.0
88,89,113,0.0
88,89,114,0.0
88,89,115,0.0
88,89,116,0.0
88,89,117,0.0
88,89,118,0.0
88,89,119,0.0
88,89,120,0.0
88,89,121,0.0
88,89,122,0.0
88,89,123,0.0
88,89,124,0.0
88,89,125,0.0
88,89,126,0.0
88,89,127,0.0
88,89,128,0.0
88,89,129,0.0
88,89,130,0.0
88,89,131,0.0
88,89,132,0.0
88,89,133,0.0
88,89,134,0.0
88,89,135,0.0
88,89,136,0.0
88,89,137,0.0
88,89,138,0.0
88,89,139,0.0
88,89,140,0.0
88,89,141,0.0
88,89,142,0.0
88,89,143,0.0
88,89,144,0.0
88,89,145,0.0
88,89,146,0.0
88,89,147,0.0
88,89,148,0.0
88,89,149,0.0
88,89,150,0.0
88,89,151,0.0
88,89,152,0.0
88,89,153,0.0
88,89,154,0.0
88,89,155,0.0
88,89,156,0.0
88,89,157,0.0
88,89,158,0.0
88,89,159,0.0
88,89,160,0.0
88,89,161,0.0
88,89,162,0.0
88,89,163,0.0
88,89,164,0.0
88,89,165,0.0
88,89,166,0.0
88,89,167,0.0
88,89,168,0.0
88,89,169,0.0
88,89,170,0.0
88,89,171,0.0
88,89,172,0.0
88,89,173,0.0
88,89,174,0.0
88,89,175,0.0
88,89,176,0.0
88,89,177,0.0
88,89,178,0.0
88,89,179,0.0
88,89,180,0.0
88,89,181,0.0
88,89,182,0.0
88,89,183,0.0
88,89,184,0.0
88,89,185,0.0
88,89,186,0.0
88,89,187,0.0
88,89,188,0.0
88,89,189,0.0
88,89,190,0.0
88,89,191,0.0
88,89,192,0.0
88,89,193,0.0
88,89,194,-0.0
88,89,195,0.0
88,89,196,0.0
88,89,197,0.0
88,89,198,0.0
88,89,199,0.0
88,89,200,0.0
88,89,201,0.0
88,89,202,0.0
88,89,203,0.0
88,89,204,-0.0
88,89,205,0.0
88,89,206,0.0
88,89,207,0.0
88,89,208,0.0
88,89,209,0.0
88,89,210,0.0
88,89,211,0.0
88,89,212,0.0
88,89,213,0.0
88,89,214,0.0
88,89,215,0.0
88,89,216,0.0
88,89,217,0.0
88,89,218,0.0
88,89,219,0.0
88,89,220,0.0
88,89,221,0.0
88,89,222,0.0
88,89,223,0.0
88,89,224,0.0
88,89,225,0.0
88,89,226,0.0
88,89,227,0.0
88,89,228,0.0
88,89,229,0.0
88,89,230,0.0
88,89,231,0.0
88,89,232,0.0
88,89,233,0.0
88,89,234,0.0
88,89,235,0.0
88,89,236,0.0
88,89,237,0.0
88,89,238,0.0
88,89,239,0.0
88,89,240,0.0
88,89,241,0.0
88,89,242,0.0
88,89,243,0.0
88,89,244,0.0
88,89,245,0.0
88,89,246,0.0
88,89,247,0.0
88,89,248,0.0
88,89,249,0.0
88,89,250,0.0
88,89,251,0.0
88,89,252,0.0
88,89,253,0.0
88,89,254,0.0
88,89,255,0.0
88,89,256,0.0
88,89,257,0.0
88,89,258,0.0
88,89,259,0.0
88,89,260,0.0
88,89,261,0.0
88,89,262,0.0
88,89,263,0.0
88,89,264,0.0
88,89,265,0.0
88,89,266,0.0
88,89,267,0.0
88,89,268,0.0
88,89,269,0.0
88,89,270,0.0
88,89,271,0.0
88,89,272,0.0
88,89,273,0.0
88,89,274,0.0
88,89,275,0.0
88,89,276,0.0
88,89,277,0.0
88,89,278,0.0
88,89,279,0.0
88,89,280,0.0
88,89,281,0.0
88,89,282,0.0
88,89,283,0.0
88,89,284,0.0
88,89,285,0.0
88,89,286,0.0
88,89,287,0.0
88,89,288,0.0
88,89,289,0.0
88,89,290,0.0
88,89,291,0.0
88,89,292,0.0
88,89,293,0.0
88,89,294,0.0
88,89,295,0.0
88,89,296,0.0
88,89,297,0.0
88,89,298,0.0
88,89,299,0.0
88,89,300,0.0
88,89,301,0.0
88,89,302,0.0
88,89,303,0.0
88,89,304,0.0
88,89,305,0.0
88,89,306,0.0
88,89,307,0.0
88,89,308,0.0
88,89,309,0.0
88,89,310,0.0
88,89,311,0.0
88,89,312,0.0
88,89,313,0.0
88,89,314,0.0
88,89,315,0.0
88,89,316,0.0
88,89,317,0.0
88,89,318,0.0
88,89,319,0.0
88,89,320,0.0
88,89,321,0.0
88,89,322,0.0
88,89,323,0.0
88,89,324,0.0
88,89,325,0.0
88,89,326,0.0
88,89,327,-0.0
88,89,328,0.0
88,89,329,0.0
88,89,330,0.0
88,89,331,0.0
88,89,332,0.0
88,89,333,0.0
88,89,334,0.0
88,89,335,0.0
88,89,336,0.0
88,89,337,0.0
88,89,338,0.0
88,89,339,0.0
88,89,340,0.0
88,89,341,0.0
88,89,342,0.0
88,89,343,0.0
88,89,344,0.0
88,89,345,0.0
88,89,346,0.0
88,89,347,0.0
88,89,348,0.0
88,89,349,0.0
88,89,350,0.0
88,89,351,0.0
88,89,352,0.0
88,89,353,0.0
88,89,354,0.0
88,89,355,0.0
88,89,356,-0.0
88,89,357,-0.0
88,89,358,0.0
88,89,359,0.0
88,89,360,-0.0
2,28,0,0.0
2,28,1,0.0
2,28,2,-0.0
2,28,3,6.0
2,28,4,3.0
2,28,5,-0.0
2,28,6,-0.0
2,28,7,5.0
2,28,8,0.0
2,28,9,-0.0
2,28,10,-0.0
2,28,11,-0.0
2,28,12,-0.0
2,28,13,3.0
2,28,14,-0.0
2,28,15,-0.0
2,28,16,5.0
2,28,17,-0.0
2,28,18,-0.0
2,28,19,0.0
2,28,20,1.0
2,28,21,-0.0
2,28,22,0.0
2,28,23,6.0
2,28,24,0.0
2,28,25,-0.0
2,28,26,0.0
2,28,27,5.0
2,28,28,0.0
2,28,29,1.0
2,28,30,-0.0
2,28,31,0.0
2,28,32,-0.0
2,28,33,5.0
2,28,34,0.0
2,28,35,6.0
2,28,36,-0.0
2,28,37,3.0
2,28,38,3.0
2,28,39,-0.0
2,28,40,-0.0
2,28,41,-0.0
2,28,42,3.0
2,28,43,0.0
2,28,44,3.0
2,28,45,-0.0
2,28,46,-0.0
2,28,47,-0.0
2,28,48,-0.0
2,28,49,-0.0
2,28,50,-0.0
2,28,51,-0.0
2,28,52,-0.0
2,28,53,-0.0
2,28,54,-0.0
2,28,55,-0.0
2,28,56,5.0
2,28,57,0.0
2,28,58,-0.0
2,28,59,-0.0
2,28,60,-0.0
2,28,61,5.0
2,28,62,-0.0
2,28,63,-0.0
2,28,64,0.0
2,28,65,-0.0
2,28,66,3.0
2,28,67,0.0
2,28,68,0.0
2,28,69,-0.0
2,28,70,-0.0
2,28,71,-0.0
2,28,72,-0.0
2,28,73,0.0
2,28,74,-0.0
2,28,75,3.0
2,28,76,3.0
2,28,77,0.0
2,28,78,-0.0
2,28,79,0.0
2,28,80,-0.0
2,28,81,0.0
2,28,82,-0.0
2,28,83,-0.0
2,28,84,-0.0
2,28,85,-0.0
2,28,86,-0.0
2,28,87,1.0
2,28,88,-0.0
2,28,89,3.0
2,28,90,3.0
2,28,91,-0.0
2,28,92,-0.0
2,28,93,0.0
2,28,94,-0.0
2,28,95,-0.0
2,28,96,-0.0
2,28,97,0.0
2,28,98,0.0
2,28,99,-0.0
2,28,100,-0.0
2,28,101,3.0
2,28,102,-0.0
2,28,103,-0.0
2,28,104,-0.0
2,28,105,-0.0
2,28,106,1.0
2,28,107,0.0
2,28,108,0.0
2,28,109,-0.0
2,28,110,0.0
2,28,111,0.0
2,28,112,-0.0
2,28,113,0.0
2,28,114,-0.0
2,28,115,0.0
2,28,116,0.0
2,28,117,0.0
2,28,118,3.0
2,28,119,-0.0
2,28,120,-0.0
2,28,121,0.0
2,28,122,-0.0
2,28,123,0.0
2,28,124,-0.0
2,28,125,4.0
2,28,126,0.0
2,28,127,-0.0
2,28,128,-0.0
2,28,129,-0.0
2,28,130,-0.0
2,28,131,0.0
2,28,132,0.0
2,28,133,3.0
2,28,134,0.0
2,28,135,-0.0
2,28,136,0.0
2,28,137,3.0
2,28,138,0.0
2,28,139,5.0
2,28,140,-0.0
2,28,141,0.0
2,28,142,3.0
2,28,143,-0.0
2,28,144,0.0
2,28,145,3.0
2,28,146,-0.0
2,28,147,0.0
2,28,148,0.0
2,28,149,0.0
2,28,150,0.0
2,28,151,3.0
2,28,152,0.0
2,28,153,1.0
2,28,154,6.0
2,28,155,0.0
2,28,156,0.0
2,28,157,0.0
2,28,158,-0.0
2,28,159,-0.0
2,28,160,1.0
2,28,161,0.0
2,28,162,-0.0
2,28,163,-0.0
2,28,164,-0.0
2,28,165,-0.0
2,28,166,0.0
2,28,167,-0.0
2,28,168,0.0
2,28,169,0.0
2,28,170,-0.0
2,28,171,-0.0
2,28,172,0.0
2,28,173,3.0
2,28,174,3.0
2,28,175,0.0
2,28,176,-0.0
2,28,177,-0.0
2,28,178,5.0
2,28,179,-0.0
2,28,180,0.0
2,28,181,0.0
2,28,182,0.0
2,28,183,4.0
2,28,184,-0.0
2,28,185,0.0
2,28,186,-0.0
2,28,187,-0.0
2,28,188,0.0
2,28,189,0.0
2,28,190,-0.0
2,28,191,0.0
2,28,192,-0.0
2,28,193,-0.0
2,28,194,-0.0
2,28,195,-0.0
2,28,196,0.0
2,28,197,0.0
2,28,198,0.0
2,28,199,3.0
2,28,200,3.0
2,28,201,0.0
2,28,202,-0.0
2,28,203,-0.0
2,28,204,0.0
2,28,205,0.0
2,28,206,3.0
2,28,207,0.0
2,28,208,-0.0
2,28,209,-0.0
2,28,210,0.0
2,28,211,3.0
2,28,212,0.0
2,28,213,0.0
2,28,214,3.0
2,28,215,-0.0
2,28,216,0.0
2,28,217,0.0
2,28,218,3.0
2,28,219,0.0
2,28,220,0.0
2,28,221,-0.0
2,28,222,0.0
2,28,223,-0.0
2,28,224,-0.0
2,28,225,0.0
2,28,226,3.0
2,28,227,0.0
2,28,228,-0.0
2,28,229,0.0
2,28,230,0.0
2,28,231,3.0
2,28,232,-0.0
2,28,233,-0.0
2,28,234,0.0
2,28,235,3.0
2,28,236,-0.0
2,28,237,0.0
2,28,238,3.0
2,28,239,3.0
2,28,240,1.0
2,28,241,0.0
2,28,242,-0.0
2,28,243,3.0
2,28,244,0.0
2,28,245,-0.0
2,28,246,0.0
2,28,247,5.0
2,28,248,-0.0
2,28,249,6.0
2,28,250,0.0
2,28,251,0.0
2,28,252,0.0
2,28,253,3.0
2,28,254,-0.0
2,28,255,0.0
2,28,256,3.0
2,28,257,3.0
2,28,258,0.0
2,28,259,-0.0
2,28,260,0.0
2,28,261,0.0
2,28,262,-0.0
2,28,263,3.0
2,28,264,3.0
2,28,265,0.0
2,28,266,-0.0
2,28,267,-0.0
2,28,268,-0.0
2,28,269,0.0
2,28,270,-0.0
2,28,271,0.0
2,28,272,0.0
2,28,273,0.0
2,28,274,-0.0
2,28,275,-0.0
2,28,276,0.0
2,28,277,-0.0
2,28,278,0.0
2,28,279,-0.0
2,28,280,-0.0
2,28,281,0.0
2,28,282,3.0
2,28,283,0.0
2,28,284,0.0
2,28,285,-0.0
2,28,286,-0.0
2,28,287,-0.0
2,28,288,-0.0
2,28,289,0.0
2,28,290,3.0
2,28,291,0.0
2,28,292,-0.0
2,28,293,-0.0
2,28,294,3.0
2,28,295,-0.0
2,28,296,-0.0
2,28,297,0.0
2,28,298,-0.0
2,28,299,-0.0
2,28,300,-0.0
2,28,301,0.0
2,28,302,-0.0
2,28,303,0.0
2,28,304,-0.0
2,28,305,-0.0
2,28,306,-0.0
2,28,307,-0.0
2,28,308,-0.0
2,28,309,-0.0
2,28,310,-0.0
2,28,311,-0.0
2,28,312,3.0
2,28,313,-0.0
2,28,314,0.0
2,28,315,3.0
2,28,316,-0.0
2,28,317,0.0
2,28,318,-0.0
2,28,319,-0.0
2,28,320,0.0
2,28,321,0.0
2,28,322,-0.0
2,28,323,-0.0
2,28,324,0.0
2,28,325,3.0
2,28,326,-0.0
2,28,327,0.0
2,28,328,0.0
2,28,329,-0.0
2,28,330,-0.0
2,28,331,-0.0
2,28,332,0.0
2,28,333,3.0
2,28,334,-0.0
2,28,335,-0.0
2,28,336,0.0
2,28,337,-0.0
2,28,338,0.0
2,28,339,0.0
2,28,340,0.0
2,28,341,1.0
2,28,342,-0.0
2,28,343,-0.0
2,28,344,-0.0
2,28,345,-0.0
2,28,346,0.0
2,28,347,-0.0
2,28,348,-0.0
2,28,349,0.0
2,28,350,-0.0
2,28,351,-0.0
2,28,352,-0.0
2,28,353,5.0
2,28,354,-0.0
2,28,355,4.0
2,28,356,0.0
2,28,357,0.0
2,28,358,-0.0
2,28,359,-0.0
2,28,360,-0.0
58,57,0,0.0
58,57,1,0.0
58,57,2,0.0
58,57,3,0.0
58,57,4,0.0
58,57,5,0.0
58,57,6,0.0
58,57,7,0.0
58,57,8,0.0
58,57,9,0.0
58,57,10,0.0
58,57,11,5.0
58,57,12,0.0
58,57,13,0.0
58,57,14,5.0
58,57,15,0.0
58,57,16,0.0
58,57,17,6.0
58,57,18,5.0
58,57,19,0.0
58,57,20,0.0
58,57,21,0.0
58,57,22,0.0
58,57,23,6.0
58,57,24,0.0
58,57,25,5.0
58,57,26,0.0
58,57,27,5.0
58,57,28,0.0
58,57,29,0.0
58,57,30,5.0
58,57,31,0.0
58,57,32,0.0
58,57,33,0.0
58,57,34,0.0
58,57,35,5.0
58,57,36,0.0
58,57,37,0.0
58,57,38,0.0
58,57,39,5.0
58,57,40,0.0
58,57,41,0.0
58,57,42,0.0
58,57,43,0.0
58,57,44,0.0
58,57,45,0.0
58,57,46,-0.0
58,57,47,0.0
58,57,48,0.0
58,57,49,0.0
58,57,50,5.0
58,57,51,0.0
58,57,52,5.0
58,57,53,5.0
58,57,54,0.0
58,57,55,0.0
58,57,56,0.0
58,57,57,0.0
58,57,58,0.0
58,57,59,0.0
58,57,60,1.0
58,57,61,6.0
58,57,62,0.0
58,57,63,0.0
58,57,64,0.0
58,57,65,0.0
58,57,66,0.0
58,57,67,-0.0
58,57,68,6.0
58,57,69,0.0
58,57,70,3.0
58,57,71,0.0
58,57,72,0.0
58,57,73,0.0
58,57,74,0.0
58,57,75,0.0
58,57,76,0.0
58,57,77,0.0
58,57,78,6.0
58,57,79,5.0
58,57,80,1.0
58,57,81,0.0
58,57,82,5.0
58,57,83,5.0
58,57,84,6.0
58,57,85,0.0
58,57,86,4.0
58,57,87,0.0
58,57,88,0.0
58,57,89,0.0
58,57,90,0.0
58,57,91,5.0
58,57,92,6.0
58,57,93,0.0
58,57,94,0.0
58,57,95,0.0
58,57,96,0.0
58,57,97,0.0
58,57,98,0.0
58,57,99,5.0
58,57,100,0.0
58,57,101,0.0
58,57,102,4.0
58,57,103,5.0
58,57,104,0.0
58,57,105,0.0
58,57,106,6.0
58,57,107,0.0
58,57,108,6.0
58,57,109,0.0
58,57,110,0.0
58,57,111,0.0
58,57,112,5.0
58,57,113,6.0
58,57,114,0.0
58,57,115,6.0
58,57,116,0.0
58,57,117,0.0
58,57,118,0.0
58,57,119,5.0
58,57,120,0.0
58,57,121,0.0
58,57,122,5.0
58,57,123,0.0
58,57,124,0.0
58,57,125,0.0
58,57,126,0.0
58,57,127,0.0
58,57,128,6.0
58,57,129,5.0
58,57,130,0.0
58,57,131,0.0
58,57,132,0.0
58,57,133,0.0
58,57,134,0.0
58,57,135,0.0
58,57,136,-0.0
58,57,137,0.0
58,57,138,0.0
58,57,139,0.0
58,57,140,0.0
58,57,141,0.0
58,57,142,0.0
58,57,143,0.0
58,57,144,0.0
58,57,145,0.0
58,57,146,0.0
58,57,147,0.0
58,57,148,5.0
58,57,149,5.0
58,57,150,0.0
58,57,151,0.0
58,57,152,4.0
58,57,153,0.0
58,57,154,0.0
58,57,155,0.0
58,57,156,0.0
58,57,157,0.0
58,57,158,0.0
58,57,159,0.0
58,57,160,0.0
58,57,161,6.0
58,57,162,0.0
58,57,163,0.0
58,57,164,0.0
58,57,165,0.0
58,57,166,0.0
58,57,167,0.0
58,57,168,0.0
58,57,169,0.0
58,57,170,0.0
58,57,171,0.0
58,57,172,0.0
58,57,173,0.0
58,57,174,0.0
58,57,175,3.0
58,57,176,0.0
58,57,177,0.0
58,57,178,0.0
58,57,179,0.0
58,57,180,0.0
58,57,181,0.0
58,57,182,5.0
58,57,183,0.0
58,57,184,5.0
58,57,185,0.0
58,57,186,0.0
58,57,187,6.0
58,57,188,6.0
58,57,189,0.0
58,57,190,0.0
58,57,191,0.0
58,57,192,0.0
58,57,193,0.0
58,57,194,5.0
58,57,195,0.0
58,57,196,0.0
58,57,197,0.0
58,57,198,0.0
58,57,199,0.0
58,57,200,0.0
58,57,201,5.0
58,57,202,5.0
58,57,203,0.0
58,57,204,0.0
58,57,205,0.0
58,57,206,0.0
58,57,207,5.0
58,57,208,0.0
58,57,209,6.0
58,57,210,4.0
58,57,211,0.0
58,57,212,0.0
58,57,213,0.0
58,57,214,0.0
58,57,215,5.0
58,57,216,5.0
58,57,217,0.0
58,57,218,0.0
58,57,219,0.0
58,57,220,0.0
58,57,221,0.0
58,57,222,0.0
58,57,223,0.0
58,57,224,0.0
58,57,225,0.0
58,57,226,0.0
58,57,227,0.0
58,57,228,0.0
58,57,229,0.0
58,57,230,0.0
58,57,231,0.0
58,57,232,0.0
58,57,233,0.0
58,57,234,0.0
58,57,235,6.0
58,57,236,0.0
58,57,237,0.0
58,57,238,0.0
58,57,239,5.0
58,57,240,6.0
58,57,241,0.0
58,57,242,0.0
58,57,243,0.0
58,57,244,0.0
58,57,245,5.0
58,57,246,0.0
58,57,247,0.0
58,57,248,0.0
58,57,249,0.0
58,57,250,0.0
58,57,251,0.0
58,57,252,0.0
58,57,253,0.0
58,57,254,0.0
58,57,255,0.0
58,57,256,0.0
58,57,257,6.0
58,57,258,0.0
58,57,259,0.0
58,57,260,6.0
58,57,261,5.0
58,57,262,0.0
58,57,263,0.0
58,57,264,6.0
58,57,265,5.0
58,57,266,6.0
58,57,267,5.0
58,57,268,0.0
58,57,269,0.0
58,57,270,6.0
58,57,271,5.0
58,57,272,-0.0
58,57,273,0.0
58,57,274,0.0
58,57,275,0.0
58,57,276,0.0
58,57,277,3.0
58,57,278,6.0
58,57,279,0.0
58,57,280,0.0
58,57,281,0.0
58,57,282,0.0
58,57,283,0.0
58,57,284,0.0
58,57,285,0.0
58,57,286,0.0
58,57,287,0.0
58,57,288,0.0
58,57,289,0.0
58,57,290,0.0
58,57,291,0.0
58,57,292,0.0
58,57,293,0.0
58,57,294,0.0
58,57,295,0.0
58,57,296,0.0
58,57,297,5.0
58,57,298,5.0
58,57,299,0.0
58,57,300,5.0
58,57,301,5.0
58,57,302,0.0
58,57,303,0.0
58,57,304,5.0
58,57,305,0.0
58,57,306,0.0
58,57,307,0.0
58,57,308,5.0
58,57,309,0.0
58,57,310,0.0
58,57,311,0.0
58,57,312,0.0
58,57,313,0.0
58,57,314,0.0
58,57,315,6.0
58,57,316,6.0
58,57,317,0.0
58,57,318,6.0
58,57,319,0.0
58,57,320,0.0
58,57,321,5.0
58,57,322,0.0
58,57,323,0.0
58,57,324,0.0
58,57,325,6.0
58,57,326,5.0
58,57,327,2.0
58,57,328,0.0
58,57,329,0.0
58,57,330,0.0
58,57,331,0.0
58,57,332,0.0
58,57,333,0.0
58,57,334,0.0
58,57,335,0.0
58,57,336,0.0
58,57,337,6.0
58,57,338,0.0
58,57,339,6.0
58,57,340,0.0
58,57,341,6.0
58,57,342,0.0
58,57,343,5.0
58,57,344,0.0
58,57,345,0.0
58,57,346,5.0
58,57,347,0.0
58,57,348,0.0
58,57,349,5.0
58,57,350,0.0
58,57,351,5.0
58,57,352,-0.0
58,57,353,5.0
58,57,354,0.0
58,57,355,0.0
58,57,356,0.0
58,57,357,0.0
58,57,358,0.0
58,57,359,0.0
58,57,360,-0.0
97,73,0,0.0
97,73,1,0.0
97,73,2,-0.0
97,73,3,-0.0
97,73,4,-0.0
97,73,5,-0.0
97,73,6,-0.0
97,73,7,-0.0
97,73,8,-0.0
97,73,9,-0.0
97,73,10,-0.0
97,73,11,-0.0
97,73,12,-0.0
97,73,13,-0.0
97,73,14,-0.0
97,73,15,-0.0
97,73,16,-0.0
97,73,17,-0.0
97,73,18,-0.0
97,73,19,-0.0
97,73,20,-0.0
97,73,21,-0.0
97,73,22,-0.0
97,73,23,-0.0
97,73,24,-0.0
97,73,25,-0.0
97,73,26,-0.0
97,73,27,-0.0
97,73,28,-0.0
97,73,29,-0.0
97,73,30,-0.0
97,73,31,-0.0
97,73,32,-0.0
97,73,33,-0.0
97,73,34,-0.0
97,73,35,-0.0
97,73,36,-0.0
97,73,37,-0.0
97,73,38,-0.0
97,73,39,-0.0
97,73,40,-0.0
97,73,41,-0.0
97,73,42,-0.0
97,73,43,-0.0
97,73,44,-0.0
97,73,45,-0.0
97,73,46,-0.0
97,73,47,-0.0
97,73,48,-0.0
97,73,49,-0.0
97,73,50,-0.0
97,73,51,-0.0
97,73,52,-0.0
97,73,53,-0.0
97,73,54,-0.0
97,73,55,-0.0
97,73,56,-0.0
97,73,57,-0.0
97,73,58,-0.0
97,73,59,-0.0
97,73,60,-0.0
97,73,61,-0.0
97,73,62,-0.0
97,73,63,-0.0
97,73,64,-0.0
97,73,65,-0.0
97,73,66,-0.0
97,73,67,-0.0
97,73,68,-0.0
97,73,69,-0.0
97,73,70,-0.0
97,73,71,-0.0
97,73,72,-0.0
97,73,73,-0.0
97,73,74,-0.0
97,73,75,-0.0
97,73,76,-0.0
97,73,77,-0.0
97,73,78,-0.0
97,73,79,-0.0
97,73,80,-0.0
97,73,81,-0.0
97,73,82,-0.0
97,73,83,-0.0
97,73,84,-0.0
97,73,85,-0.0
97,73,86,-0.0
97,73,87,-0.0
97,73,88,-0.0
97,73,89,-0.0
97,73,90,-0.0
97,73,91,-0.0
97,73,92,-0.0
97,73,93,-0.0
97,73,94,-0.0
97,73,95,-0.0
97,73,96,-0.0
97,73,97,-0.0
97,73,98,-0.0
97,73,99,-0.0
97,73,100,-0.0
97,73,101,-0.0
97,73,102,-0.0
97,73,103,-0.0
97,73,104,-0.0
97,73,105,-0.0
97,73,106,-0.0
97,73,107,-0.0
97,73,108,-0.0
97,73,109,-0.0
97,73,110,-0.0
97,73,111,-0.0
97,73,112,-0.0
97,73,113,-0.0
97,73,114,-0.0
97,73,115,-0.0
97,73,116,-0.0
97,73,117,-0.0
97,73,118,-0.0
97,73,119,-0.0
97,73,120,-0.0
97,73,121,-0.0
97,73,122,-0.0
97,73,123,-0.0
97,73,124,-0.0
97,73,125,-0.0
97,73,126,-0.0
97,73,127,-0.0
97,73,128,-0.0
97,73,129,-0.0
97,73,130,-0.0
97,73,131,-0.0
97,73,132,-0.0
97,73,133,-0.0
97,73,134,-0.0
97,73,135,-0.0
97,73,136,-0.0
97,73,137,-0.0
97,73,138,-0.0
97,73,139,-0.0
97,73,140,-0.0
97,73,141,-0.0
97,73,142,-0.0
97,73,143,-0.0
97,73,144,-0.0
97,73,145,-0.0
97,73,146,-0.0
97,73,147,-0.0
97,73,148,-0.0
97,73,149,-0.0
97,73,150,-0.0
97,73,151,-0.0
97,73,152,-0.0
97,73,153,-0.0
97,73,154,-0.0
97,73,155,-0.0
97,73,156,-0.0
97,73,157,-0.0
97,73,158,-0.0
97,73,159,-0.0
97,73,160,-0.0
97,73,161,-0.0
97,73,162,-0.0
97,73,163,-0.0
97,73,164,-0.0
97,73,165,-0.0
97,73,166,-0.0
97,73,167,-0.0
97,73,168,-0.0
97,73,169,-0.0
97,73,170,-0.0
97,73,171,-0.0
97,73,172,-0.0
97,73,173,-0.0
97,73,174,-0.0
97,73,175,-0.0
97,73,176,-0.0
97,73,177,-0.0
97,73,178,-0.0
97,73,179,-0.0
97,73,180,-0.0
97,73,181,-0.0
97,73,182,-0.0
97,73,183,-0.0
97,73,184,-0.0
97,73,185,-0.0
97,73,186,-0.0
97,73,187,-0.0
97,73,188,-0.0
97,73,189,-0.0
97,73,190,-0.0
97,73,191,-0.0
97,73,192,-0.0
97,73,193,-0.0
97,73,194,-0.0
97,73,195,-0.0
97,73,196,-0.0
97,73,197,-0.0
97,73,198,-0.0
97,73,199,-0.0
97,73,200,-0.0
97,73,201,-0.0
97,73,202,-0.0
97,73,203,-0.0
97,73,204,-0.0
97,73,205,-0.0
97,73,206,-0.0
97,73,207,-0.0
97,73,208,-0.0
97,73,209,-0.0
97,73,210,-0.0
97,73,211,-0.0
97,73,212,-0.0
97,73,213,-0.0
97,73,214,-0.0
97,73,215,-0.0
97,73,216,-0.0
97,73,217,-0.0
97,73,218,-0.0
97,73,219,-0.0
97,73,220,-0.0
97,73,221,-0.0
97,73,222,-0.0
97,73,223,-0.0
97,73,224,-0.0
97,73,225,-0.0
97,73,226,-0.0
97,73,227,-0.0
97,73,228,-0.0
97,73,229,-0.0
97,73,230,-0.0
97,73,231,-0.0
97,73,232,-0.0
97,73,233,-0.0
97,73,234,-0.0
97,73,235,-0.0
97,73,236,-0.0
97,73,237,-0.0
97,73,238,-0.0
97,73,239,-0.0
97,73,240,-0.0
97,73,241,-0.0
97,73,242,-0.0
97,73,243,-0.0
97,73,244,-0.0
97,73,245,-0.0
97,73,246,-0.0
97,73,247,-0.0
97,73,248,-0.0
97,73,249,-0.0
97,73,250,-0.0
97,73,251,-0.0
97,73,252,-0.0
97,73,253,-0.0
97,73,254,-0.0
97,73,255,-0.0
97,73,256,-0.0
97,73,257,-0.0
97,73,258,-0.0
97,73,259,-0.0
97,73,260,-0.0
97,73,261,-0.0
97,73,262,-0.0
97,73,263,-0.0
97,73,264,-0.0
97,73,265,-0.0
97,73,266,-0.0
97,73,267,-0.0
97,73,268,-0.0
97,73,269,-0.0
97,73,270,-0.0
97,73,271,-0.0
97,73,272,-0.0
97,73,273,-0.0
97,73,274,-0.0
97,73,275,-0.0
97,73,276,-0.0
97,73,277,-0.0
97,73,278,-0.0
97,73,279,-0.0
97,73,280,-0.0
97,73,281,-0.0
97,73,282,-0.0
97,73,283,-0.0
97,73,284,-0.0
97,73,285,-0.0
97,73,286,-0.0
97,73,287,-0.0
97,73,288,-0.0
97,73,289,-0.0
97,73,290,-0.0
97,73,291,-0.0
97,73,292,-0.0
97,73,293,-0.0
97,73,294,-0.0
97,73,295,-0.0
97,73,296,-0.0
97,73,297,-0.0
97,73,298,-0.0
97,73,299,-0.0
97,73,300,-0.0
97,73,301,-0.0
97,73,302,-0.0
97,73,303,-0.0
97,73,304,-0.0
97,73,305,-0.0
97,73,306,-0.0
97,73,307,-0.0
97,73,308,-0.0
97,73,309,-0.0
97,73,310,-0.0
97,73,311,-0.0
97,73,312,-0.0
97,73,313,-0.0
97,73,314,-0.0
97,73,315,-0.0
97,73,316,-0.0
97,73,317,-0.0
97,73,318,-0.0
97,73,319,-0.0
97,73,320,-0.0
97,73,321,-0.0
97,73,322,-0.0
97,73,323,-0.0
97,73,324,-0.0
97,73,325,-0.0
97,73,326,-0.0
97,73,327,-0.0
97,73,328,-0.0
97,73,329,-0.0
97,73,330,-0.0
97,73,331,-0.0
97,73,332,-0.0
97,73,333,-0.0
97,73,334,-0.0
97,73,335,-0.0
97,73,336,-0.0
97,73,337,-0.0
97,73,338,-0.0
97,73,339,-0.0
97,73,340,-0.0
97,73,341,-0.0
97,73,342,-0.0
97,73,343,-0.0
97,73,344,-0.0
97,73,345,-0.0
97,73,346,-0.0
97,73,347,-0.0
97,73,348,-0.0
97,73,349,-0.0
97,73,350,-0.0
97,73,351,-0.0
97,73,352,-0.0
97,73,353,-0.0
97,73,354,-0.0
97,73,355,-0.0
97,73,356,-0.0
97,73,357,-0.0
97,73,358,-0.0
97,73,359,-0.0
97,73,360,-0.0
15,31,0,0.0
15,31,1,0.0
15,31,2,0.0
15,31,3,0.0
15,31,4,-0.0
15,31,5,-0.0
15,31,6,-0.0
15,31,7,-0.0
15,31,8,-0.0
15,31,9,-0.0
15,31,10,-0.0
15,31,11,-0.0
15,31,12,-0.0
15,31,13,-0.0
15,31,14,-0.0
15,31,15,-0.0
15,31,16,-0.0
15,31,17,-0.0
15,31,18,-0.0
15,31,19,-0.0
15,31,20,-0.0
15,31,21,-0.0
15,31,22,-0.0
15,31,23,-0.0
15,31,24,-0.0
15,31,25,-0.0
15,31,26,-0.0
15,31,27,-0.0
15,31,28,-0.0
15,31,29,-0.0
15,31,30,-0.0
15,31,31,-0.0
15,31,32,-0.0
15,31,33,-0.0
15,31,34,-0.0
15,31,35,-0.0
15,31,36,-0.0
15,31,37,-0.0
15,31,38,-0.0
15,31,39,-0.0
15,31,40,-0.0
15,31,41,0.0
15,31,42,0.0
15,31,43,-0.0
15,31,44,-0.0
15,31,45,0.0
15,31,46,0.0
15,31,47,0.0
15,31,48,-0.0
15,31,49,0.0
15,31,50,-0.0
15,31,51,-0.0
15,31,52,-0.0
15,31,53,-0.0
15,31,54,-0.0
15,31,55,-0.0
15,31,56,-0.0
15,31,57,-0.0
15,31,58,-0.0
15,31,59,-0.0
15,31,60,-0.0
15,31,61,-0.0
15,31,62,-0.0
15,31,63,-0.0
15,31,64,0.0
15,31,65,-0.0
15,31,66,-0.0
15,31,67,-0.0
15,31,68,-0.0
15,31,69,-0.0
15,31,70,-0.0
15,31,71,0.0
15,31,72,0.0
15,31,73,0.0
15,31,74,0.0
15,31,75,-0.0
15,31,76,-0.0
15,31,77,-0.0
15,31,78,-0.0
15,31,79,-0.0
15,31,80,-0.0
15,31,81,0.0
15,31,82,-0.0
15,31,83,0.0
15,31,84,-0.0
15,31,85,-0.0
15,31,86,0.0
15,31,87,-0.0
15,31,88,-0.0
15,31,89,-0.0
15,31,90,-0.0
15,31,91,0.0
15,31,92,-0.0
15,31,93,-0.0
15,31,94,-0.0
15,31,95,-0.0
15,31,96,-0.0
15,31,97,-0.0
15,31,98,0.0
15,31,99,0.0
15,31,100,0.0
15,31,101,0.0
15,31,102,-0.0
15,31,103,-0.0
15,31,104,0.0
15,31,105,0.0
15,31,106,0.0
15,31,107,0.0
15,31,108,0.0
15,31,109,-0.0
15,31,110,0.0
15,31,111,0.0
15,31,112,-0.0
15,31,113,-0.0
15,31,114,-0.0
15,31,115,-0.0
15,31,116,-0.0
15,31,117,-0.0
15,31,118,-0.0
15,31,119,-0.0
15,31,120,0.0
15,31,121,0.0
15,31,122,-0.0
15,31,123,-0.0
15,31,124,-0.0
15,31,125,-0.0
15,31,126,0.0
15,31,127,0.0
15,31,128,0.0
15,31,129,0.0
15,31,130,0.0
15,31,131,-0.0
15,31,132,0.0
15,31,133,0.0
15,31,134,-0.0
15,31,135,0.0
15,31,136,0.0
15,31,137,0.0
15,31,138,0.0
15,31,139,0.0
15,31,140,0.0
15,31,141,0.0
15,31,142,0.0
15,31,143,0.0
15,31,144,0.0
15,31,145,-0.0
15,31,146,-0.0
15,31,147,-0.0
15,31,148,-0.0
15,31,149,-0.0
15,31,150,-0.0
15,31,151,-0.0
15,31,152,-0.0
15,31,153,-0.0
15,31,154,-0.0
15,31,155,-0.0
15,31,156,-0.0
15,31,157,-0.0
15,31,158,-0.0
15,31,159,-0.0
15,31,160,-0.0
15,31,161,-0.0
15,31,162,-0.0
15,31,163,-0.0
15,31,164,-0.0
15,31,165,-0.0
15,31,166,-0.0
15,31,167,-0.0
15,31,168,-0.0
15,31,169,-0.0
15,31,170,-0.0
15,31,171,-0.0
15,31,172,-0.0
15,31,173,-0.0
15,31,174,-0.0
15,31,175,-0.0
15,31,176,-0.0
15,31,177,-0.0
15,31,178,-0.0
15,31,179,-0.0
15,31,180,-0.0
15,31,181,-0.0
15,31,182,-0.0
15,31,183,-0.0
15,31,184,-0.0
15,31,185,-0.0
15,31,186,-0.0
15,31,187,-0.0
15,31,188,-0.0
15,31,189,0.0
15,31,190,0.0
15,31,191,0.0
15,31,192,0.0
15,31,193,-0.0
15,31,194,-0.0
15,31,195,-0.0
15,31,196,-0.0
15,31,197,-0.0
15,31,198,-0.0
15,31,199,-0.0
15,31,200,-0.0
15,31,201,0.0
15,31,202,-0.0
15,31,203,0.0
15,31,204,-0.0
15,31,205,-0.0
15,31,206,0.0
15,31,207,0.0
15,31,208,0.0
15,31,209,0.0
15,31,210,0.0
15,31,211,0.0
15,31,212,-0.0
15,31,213,0.0
15,31,214,0.0
15,31,215,0.0
15,31,216,0.0
15,31,217,0.0
15,31,218,0.0
15,31,219,0.0
15,31,220,0.0
15,31,221,0.0
15,31,222,0.0
15,31,223,-0.0
15,31,224,-0.0
15,31,225,0.0
15,31,226,-0.0
15,31,227,-0.0
15,31,228,-0.0
15,31,229,0.0
15,31,230,0.0
15,31,231,0.0
15,31,232,0.0
15,31,233,0.0
15,31,234,0.0
15,31,235,0.0
15,31,236,0.0
15,31,237,0.0
15,31,238,0.0
15,31,239,0.0
15,31,240,-0.0
15,31,241,-0.0
15,31,242,-0.0
15,31,243,-0.0
15,31,244,-0.0
15,31,245,-0.0
15,31,246,-0.0
15,31,247,-0.0
15,31,248,-0.0
15,31,249,-0.0
15,31,250,-0.0
15,31,251,0.0
15,31,252,0.0
15,31,253,0.0
15,31,254,0.0
15,31,255,0.0
15,31,256,0.0
15,31,257,-0.0
15,31,258,0.0
15,31,259,0.0
15,31,260,0.0
15,31,261,-0.0
15,31,262,0.0
15,31,263,-0.0
15,31,264,-0.0
15,31,265,-0.0
15,31,266,0.0
15,31,267,0.0
15,31,268,0.0
15,31,269,0.0
15,31,270,0.0
15,31,271,0.0
15,31,272,0.0
15,31,273,0.0
15,31,274,0.0
15,31,275,0.0
15,31,276,-0.0
15,31,277,0.0
15,31,278,-0.0
15,31,279,-0.0
15,31,280,-0.0
15,31,281,-0.0
15,31,282,-0.0
15,31,283,-0.0
15,31,284,-0.0
15,31,285,-0.0
15,31,286,-0.0
15,31,287,-0.0
15,31,288,-0.0
15,31,289,-0.0
15,31,290,-0.0
15,31,291,0.0
15,31,292,-0.0
15,31,293,-0.0
15,31,294,-0.0
15,31,295,-0.0
15,31,296,0.0
15,31,297,0.0
15,31,298,-0.0
15,31,299,-0.0
15,31,300,-0.0
15,31,301,-0.0
15,31,302,-0.0
15,31,303,-0.0
15,31,304,0.0
15,31,305,0.0
15,31,306,0.0
15,31,307,0.0
15,31,308,0.0
15,31,309,-0.0
15,31,310,-0.0
15,31,311,-0.0
15,31,312,-0.0
15,31,313,-0.0
15,31,314,-0.0
15,31,315,-0.0
15,31,316,-0.0
15,31,317,-0.0
15,31,318,-0.0
15,31,319,-0.0
15,31,320,0.0
15,31,321,-0.0
15,31,322,-0.0
15,31,323,0.0
15,31,324,-0.0
15,31,325,-0.0
15,31,326,-0.0
15,31,327,0.0
15,31,328,0.0
15,31,329,-0.0
15,31,330,-0.0
15,31,331,0.0
15,31,332,0.0
15,31,333,-0.0
15,31,334,-0.0
15,31,335,-0.0
15,31,336,-0.0
15,31,337,0.0
15,31,338,0.0
15,31,339,-0.0
15,31,340,0.0
15,31,341,0.0
15,31,342,0.0
15,31,343,0.0
15,31,344,-0.0
15,31,345,-0.0
15,31,346,-0.0
15,31,347,-0.0
15,31,348,-0.0
15,31,349,0.0
15,31,350,0.0
15,31,351,0.0
15,31,352,0.0
15,31,353,0.0
15,31,354,-0.0
15,31,355,-0.0
15,31,356,-0.0
15,31,357,-0.0
15,31,358,-0.0
15,31,359,-0.0
15,31,360,-0.0
84,85,0,0.0
84,85,1,0.0
84,85,2,0.0
84,85,3,0.0
84,85,4,0.0
84,85,5,0.0
84,85,6,0.0
84,85,7,0.0
84,85,8,0.0
84,85,9,0.0
84,85,10,0.0
84,85,11,0.0
84,85,12,0.0
84,85,13,0.0
84,85,14,0.0
84,85,15,0.0
84,85,16,0.0
84,85,17,0.0
84,85,18,0.0
84,85,19,0.0
84,85,20,0.0
84,85,21,0.0
84,85,22,0.0
84,85,23,0.0
84,85,24,0.0
84,85,25,0.0
84,85,26,-0.0
84,85,27,-0.0
84,85,28,0.0
84,85,29,0.0
84,85,30,0.0
84,85,31,0.0
84,85,32,0.0
84,85,33,0.0
84,85,34,0.0
84,85,35,0.0
84,85,36,0.0
84,85,37,0.0
84,85,38,0.0
84,85,39,0.0
84,85,40,0.0
84,85,41,0.0
84,85,42,0.0
84,85,43,0.0
84,85,44,0.0
84,85,45,0.0
84,85,46,0.0
84,85,47,0.0
84,85,48,-0.0
84,85,49,-0.0
84,85,50,-0.0
84,85,51,-0.0
84,85,52,-0.0
84,85,53,-0.0
84,85,54,0.0
84,85,55,-0.0
84,85,56,0.0
84,85,57,0.0
84,85,58,0.0
84,85,59,0.0
84,85,60,0.0
84,85,61,0.0
84,85,62,0.0
84,85,63,0.0
84,85,64,0.0
84,85,65,0.0
84,85,66,0.0
84,85,67,0.0
84,85,68,0.0
84,85,69,0.0
84,85,70,0.0
84,85,71,0.0
84,85,72,0.0
84,85,73,0.0
84,85,74,0.0
84,85,75,-0.0
84,85,76,0.0
84,85,77,0.0
84,85,78,0.0
84,85,79,0.0
84,85,80,0.0
84,85,81,0.0
84,85,82,-0.0
84,85,83,0.0
84,85,84,0.0
84,85,85,0.0
84,85,86,0.0
84,85,87,0.0
84,85,88,0.0
84,85,89,0.0
84,85,90,0.0
84,85,91,0.0
84,85,92,0.0
84,85,93,0.0
84,85,94,0.0
84,85,95,0.0
84,85,96,0.0
84,85,97,0.0
84,85,98,0.0
84,85,99,0.0
84,85,100,0.0
84,85,101,0.0
84,85,102,0.0
84,85,103,-0.0
84,85,104,0.0
84,85,105,0.0
84,85,106,0.0
84,85,107,0.0
84,85,108,0.0
84,85,109,0.0
84,85,110,0.0
84,85,111,0.0
84,85,112,0.0
84,85,113,0.0
84,85,114,0.0
84,85,115,0.0
84,85,116,0.0
84,85,117,0.0
84,85,118,0.0
84,85,119,0.0
84,85,120,0.0
84,85,121,0.0
84,85,122,0.0
84,85,123,0.0
84,85,124,0.0
84,85,125,0.0
84,85,126,0.0
84,85,127,0.0
84,85,128,-0.0
84,85,129,-0.0
84,85,130,0.0
84,85,131,0.0
84,85,132,0.0
84,85,133,0.0
84,85,134,0.0
84,85,135,0.0
84,85,136,0.0
84,85,137,-0.0
84,85,138,0.0
84,85,139,0.0
84,85,140,0.0
84,85,141,0.0
84,85,142,0.0
84,85,143,0.0
84,85,144,0.0
84,85,145,0.0
84,85,146,0.0
84,85,147,0.0
84,85,148,0.0
84,85,149,0.0
84,85,150,0.0
84,85,151,0.0
84,85,152,0.0
84,85,153,0.0
84,85,154,0.0
84,85,155,0.0
84,85,156,0.0
84,85,157,0.0
84,85,158,0.0
84,85,159,0.0
84,85,160,0.0
84,85,161,0.0
84,85,162,0.0
84,85,163,0.0
84,85,164,0.0
84,85,165,0.0
84,85,166,0.0
84,85,167,0.0
84,85,168,-0.0
84,85,169,0.0
84,85,170,-0.0
84,85,171,-0.0
84,85,172,0.0
84,85,173,-0.0
84,85,174,0.0
84,85,175,0.0
84,85,176,0.0
84,85,177,0.0
84,85,178,0.0
84,85,179,0.0
84,85,180,0.0
84,85,181,-0.0
84,85,182,-0.0
84,85,183,-0.0
84,85,184,0.0
84,85,185,0.0
84,85,186,0.0
84,85,187,0.0
84,85,188,-0.0
84,85,189,-0.0
84,85,190,0.0
84,85,191,-0.0
84,85,192,0.0
84,85,193,0.0
84,85,194,0.0
84,85,195,-0.0
84,85,196,0.0
84,85,197,0.0
84,85,198,0.0
84,85,199,0.0
84,85,200,0.0
84,85,201,0.0
84,85,202,0.0
84,85,203,0.0
84,85,204,0.0
84,85,205,0.0
84,85,206,0.0
84,85,207,0.0
84,85,208,0.0
84,85,209,0.0
84,85,210,0.0
84,85,211,0.0
84,85,212,-0.0
84,85,213,0.0
84,85,214,0.0
84,85,215,0.0
84,85,216,-0.0
84,85,217,0.0
84,85,218,0.0
84,85,219,0.0
84,85,220,0.0
84,85,221,0.0
84,85,222,-0.0
84,85,223,-0.0
84,85,224,-0.0
84,85,225,0.0
84,85,226,-0.0
84,85,227,0.0
84,85,228,0.0
84,85,229,0.0
84,85,230,0.0
84,85,231,0.0
84,85,232,-0.0
84,85,233,0.0
84,85,234,0.0
84,85,235,0.0
84,85,236,0.0
84,85,237,0.0
84,85,238,0.0
84,85,239,0.0
84,85,240,0.0
84,85,241,0.0
84,85,242,0.0
84,85,243,0.0
84,85,244,0.0
84,85,245,-0.0
84,85,246,0.0
84,85,247,-0.0
84,85,248,-0.0
84,85,249,0.0
84,85,250,-0.0
84,85,251,0.0
84,85,252,-0.0
84,85,253,0.0
84,85,254,0.0
84,85,255,0.0
84,85,256,0.0
84,85,257,-0.0
84,85,258,0.0
84,85,259,0.0
84,85,260,-0.0
84,85,261,0.0
84,85,262,0.0
84,85,263,0.0
84,85,264,0.0
84,85,265,-0.0
84,85,266,0.0
84,85,267,-0.0
84,85,268,-0.0
84,85,269,-0.0
84,85,270,-0.0
84,85,271,0.0
84,85,272,0.0
84,85,273,0.0
84,85,274,0.0
84,85,275,0.0
84,85,276,0.0
84,85,277,0.0
84,85,278,0.0
84,85,279,0.0
84,85,280,0.0
84,85,281,-0.0
84,85,282,0.0
84,85,283,0.0
84,85,284,0.0
84,85,285,0.0
84,85,286,0.0
84,85,287,0.0
84,85,288,0.0
84,85,289,-0.0
84,85,290,-0.0
84,85,291,0.0
84,85,292,0.0
84,85,293,0.0
84,85,294,0.0
84,85,295,0.0
84,85,296,-0.0
84,85,297,0.0
84,85,298,0.0
84,85,299,0.0
84,85,300,0.0
84,85,301,0.0
84,85,302,0.0
84,85,303,0.0
84,85,304,0.0
84,85,305,0.0
84,85,306,-0.0
84,85,307,0.0
84,85,308,0.0
84,85,309,0.0
84,85,310,0.0
84,85,311,0.0
84,85,312,-0.0
84,85,313,0.0
84,85,314,0.0
84,85,315,0.0
84,85,316,0.0
84,85,317,0.0
84,85,318,-0.0
84,85,319,0.0
84,85,320,0.0
84,85,321,0.0
84,85,322,0.0
84,85,323,0.0
84,85,324,0.0
84,85,325,0.0
84,85,326,-0.0
84,85,327,-0.0
84,85,328,0.0
84,85,329,0.0
84,85,330,0.0
84,85,331,0.0
84,85,332,0.0
84,85,333,0.0
84,85,334,0.0
84,85,335,0.0
84,85,336,0.0
84,85,337,0.0
84,85,338,0.0
84,85,339,0.0
84,85,340,-0.0
84,85,341,0.0
84,85,342,0.0
84,85,343,0.0
84,85,344,0.0
84,85,345,0.0
84,85,346,0.0
84,85,347,0.0
84,85,348,0.0
84,85,349,0.0
84,85,350,0.0
84,85,351,0.0
84,85,352,0.0
84,85,353,0.0
84,85,354,0.0
84,85,355,0.0
84,85,356,0.0
84,85,357,0.0
84,85,358,0.0
84,85,359,-0.0
84,85,360,-0.0
86,82,0,0.0
86,82,1,0.0
86,82,2,0.0
86,82,3,-0.0
86,82,4,-0.0
86,82,5,-0.0
86,82,6,-0.0
86,82,7,0.0
86,82,8,-0.0
86,82,9,-0.0
86,82,10,0.0
86,82,11,-0.0
86,82,12,-0.0
86,82,13,-0.0
86,82,14,0.0
86,82,15,-0.0
86,82,16,0.0
86,82,17,-0.0
86,82,18,-0.0
86,82,19,-0.0
86,82,20,-0.0
86,82,21,-0.0
86,82,22,0.0
86,82,23,-0.0
86,82,24,-0.0
86,82,25,-0.0
86,82,26,-0.0
86,82,27,-0.0
86,82,28,-0.0
86,82,29,-0.0
86,82,30,-0.0
86,82,31,-0.0
86,82,32,-0.0
86,82,33,-0.0
86,82,34,-0.0
86,82,35,-0.0
86,82,36,-0.0
86,82,37,-0.0
86,82,38,-0.0
86,82,39,-0.0
86,82,40,-0.0
86,82,41,-0.0
86,82,42,-0.0
86,82,43,-0.0
86,82,44,-0.0
86,82,45,-0.0
86,82,46,-0.0
86,82,47,-0.0
86,82,48,-0.0
86,82,49,-0.0
86,82,50,-0.0
86,82,51,-0.0
86,82,52,-0.0
86,82,53,-0.0
86,82,54,-0.0
86,82,55,-0.0
86,82,56,-0.0
86,82,57,-0.0
86,82,58,-0.0
86,82,59,-0.0
86,82,60,-0.0
86,82,61,-0.0
86,82,62,-0.0
86,82,63,-0.0
86,82,64,-0.0
86,82,65,-0.0
86,82,66,-0.0
86,82,67,-0.0
86,82,68,-0.0
86,82,69,-0.0
86,82,70,-0.0
86,82,71,-0.0
86,82,72,-0.0
86,82,73,-0.0
86,82,74,-0.0
86,82,75,-0.0
86,82,76,-0.0
86,82,77,-0.0
86,82,78,-0.0
86,82,79,-0.0
86,82,80,-0.0
86,82,81,-0.0
86,82,82,-0.0
86,82,83,-0.0
86,82,84,-0.0
86,82,85,-0.0
86,82,86,-0.0
86,82,87,-0.0
86,82,88,-0.0
86,82,89,0.0
86,82,90,-0.0
86,82,91,0.0
86,82,92,-0.0
86,82,93,-0.0
86,82,94,-0.0
86,82,95,-0.0
86,82,96,-0.0
86,82,97,0.0
86,82,98,-0.0
86,82,99,-0.0
86,82,100,0.0
86,82,101,-0.0
86,82,102,-0.0
86,82,103,-0.0
86,82,104,-0.0
86,82,105,-0.0
86,82,106,-0.0
86,82,107,-0.0
86,82,108,-0.0
86,82,109,0.0
86,82,110,-0.0
86,82,111,0.0
86,82,112,-0.0
86,82,113,0.0
86,82,114,-0.0
86,82,115,0.0
86,82,116,-0.0
86,82,117,-0.0
86,82,118,-0.0
86,82,119,-0.0
86,82,120,-0.0
86,82,121,-0.0
86,82,122,-0.0
86,82,123,-0.0
86,82,124,-0.0
86,82,125,-0.0
86,82,126,-0.0
86,82,127,-0.0
86,82,128,-0.0
86,82,129,-0.0
86,82,130,-0.0
86,82,131,-0.0
86,82,132,-0.0
86,82,133,-0.0
86,82,134,-0.0
86,82,135,-0.0
86,82,136,-0.0
86,82,137,-0.0
86,82,138,-0.0
86,82,139,-0.0
86,82,140,-0.0
86,82,141,-0.0
86,82,142,-0.0
86,82,143,-0.0
86,82,144,-0.0
86,82,145,-0.0
86,82,146,-0.0
86,82,147,0.0
86,82,148,-0.0
86,82,149,0.0
86,82,150,-0.0
86,82,151,-0.0
86,82,152,-0.0
86,82,153,0.0
86,82,154,-0.0
86,82,155,-0.0
86,82,156,0.0
86,82,157,-0.0
86,82,158,-0.0
86,82,159,-0.0
86,82,160,-0.0
86,82,161,-0.0
86,82,162,-0.0
86,82,163,-0.0
86,82,164,-0.0
86,82,165,-0.0
86,82,166,-0.0
86,82,167,-0.0
86,82,168,-0.0
86,82,169,-0.0
86,82,170,-0.0
86,82,171,-0.0
86,82,172,-0.0
86,82,173,-0.0
86,82,174,-0.0
86,82,175,-0.0
86,82,176,-0.0
86,82,177,-0.0
86,82,178,-0.0
86,82,179,-0.0
86,82,180,-0.0
86,82,181,-0.0
86,82,182,-0.0
86,82,183,-0.0
86,82,184,-0.0
86,82,185,-0.0
86,82,186,-0.0
86,82,187,-0.0
86,82,188,-0.0
86,82,189,-0.0
86,82,190,-0.0
86,82,191,-0.0
86,82,192,-0.0
86,82,193,-0.0
86,82,194,-0.0
86,82,195,-0.0
86,82,196,-0.0
86,82,197,-0.0
86,82,198,-0.0
86,82,199,-0.0
86,82,200,-0.0
86,82,201,-0.0
86,82,202,-0.0
86,82,203,-0.0
86,82,204,-0.0
86,82,205,-0.0
86,82,206,-0.0
86,82,207,-0.0
86,82,208,-0.0
86,82,209,-0.0
86,82,210,-0.0
86,82,211,-0.0
86,82,212,-0.0
86,82,213,-0.0
86,82,214,-0.0
86,82,215,-0.0
86,82,216,-0.0
86,82,217,-0.0
86,82,218,-0.0
86,82,219,-0.0
86,82,220,-0.0
86,82,221,-0.0
86,82,222,-0.0
86,82,223,-0.0
86,82,224,-0.0
86,82,225,-0.0
86,82,226,-0.0
86,82,227,-0.0
86,82,228,-0.0
86,82,229,-0.0
86,82,230,-0.0
86,82,231,-0.0
86,82,232,-0.0
86,82,233,-0.0
86,82,234,-0.0
86,82,235,-0.0
86,82,236,-0.0
86,82,237,0.0
86,82,238,-0.0
86,82,239,-0.0
86,82,240,-0.0
86,82,241,-0.0
86,82,242,-0.0
86,82,243,-0.0
86,82,244,-0.0
86,82,245,-0.0
86,82,246,-0.0
86,82,247,-0.0
86,82,248,-0.0
86,82,249,-0.0
86,82,250,-0.0
86,82,251,-0.0
86,82,252,-0.0
86,82,253,-0.0
86,82,254,-0.0
86,82,255,-0.0
86,82,256,-0.0
86,82,257,-0.0
86,82,258,-0.0
86,82,259,-0.0
86,82,260,-0.0
86,82,261,-0.0
86,82,262,-0.0
86,82,263,-0.0
86,82,264,-0.0
86,82,265,-0.0
86,82,266,-0.0
86,82,267,-0.0
86,82,268,-0.0
86,82,269,-0.0
86,82,270,-0.0
86,82,271,-0.0
86,82,272,-0.0
86,82,273,-0.0
86,82,274,-0.0
86,82,275,-0.0
86,82,276,-0.0
86,82,277,-0.0
86,82,278,-0.0
86,82,279,-0.0
86,82,280,-0.0
86,82,281,-0.0
86,82,282,-0.0
86,82,283,-0.0
86,82,284,-0.0
86,82,285,-0.0
86,82,286,-0.0
86,82,287,-0.0
86,82,288,-0.0
86,82,289,-0.0
86,82,290,0.0
86,82,291,-0.0
86,82,292,-0.0
86,82,293,-0.0
86,82,294,-0.0
86,82,295,-0.0
86,82,296,-0.0
86,82,297,-0.0
86,82,298,0.0
86,82,299,-0.0
86,82,300,0.0
86,82,301,-0.0
86,82,302,-0.0
86,82,303,-0.0
86,82,304,-0.0
86,82,305,-0.0
86,82,306,-0.0
86,82,307,-0.0
86,82,308,-0.0
86,82,309,-0.0
86,82,310,-0.0
86,82,311,-0.0
86,82,312,-0.0
86,82,313,-0.0
86,82,314,-0.0
86,82,315,-0.0
86,82,316,-0.0
86,82,317,-0.0
86,82,318,-0.0
86,82,319,-0.0
86,82,320,-0.0
86,82,321,-0.0
86,82,322,-0.0
86,82,323,-0.0
86,82,324,-0.0
86,82,325,-0.0
86,82,326,-0.0
86,82,327,-0.0
86,82,328,-0.0
86,82,329,-0.0
86,82,330,-0.0
86,82,331,-0.0
86,82,332,-0.0
86,82,333,-0.0
86,82,334,-0.0
86,82,335,-0.0
86,82,336,-0.0
86,82,337,-0.0
86,82,338,-0.0
86,82,339,-0.0
86,82,340,-0.0
86,82,341,-0.0
86,82,342,-0.0
86,82,343,-0.0
86,82,344,-0.0
86,82,345,-0.0
86,82,346,-0.0
86,82,347,-0.0
86,82,348,-0.0
86,82,349,-0.0
86,82,350,-0.0
86,82,351,-0.0
86,82,352,-0.0
86,82,353,-0.0
86,82,354,-0.0
86,82,355,-0.0
86,82,356,0.0
86,82,357,-0.0
86,82,358,0.0
86,82,359,-0.0
86,82,360,-0.0
70,65,0,0.0
70,65,1,0.0
70,65,2,0.0
70,65,3,-0.0
70,65,4,-0.0
70,65,5,-0.0
70,65,6,-0.0
70,65,7,-0.0
70,65,8,-0.0
70,65,9,-0.0
70,65,10,-0.0
70,65,11,-0.0
70,65,12,-0.0
70,65,13,0.0
70,65,14,-0.0
70,65,15,0.0
70,65,16,0.0
70,65,17,-0.0
70,65,18,-0.0
70,65,19,-0.0
70,65,20,-0.0
70,65,21,-0.0
70,65,22,-0.0
70,65,23,-0.0
70,65,24,-0.0
70,65,25,-0.0
70,65,26,0.0
70,65,27,-0.0
70,65,28,-0.0
70,65,29,-0.0
70,65,30,-0.0
70,65,31,-0.0
70,65,32,-0.0
70,65,33,-0.0
70,65,34,-0.0
70,65,35,-0.0
70,65,36,-0.0
70,65,37,-0.0
70,65,38,-0.0
70,65,39,-0.0
70,65,40,-0.0
70,65,41,-0.0
70,65,42,-0.0
70,65,43,-0.0
70,65,44,-0.0
70,65,45,-0.0
70,65,46,-0.0
70,65,47,-0.0
70,65,48,-0.0
70,65,49,-0.0
70,65,50,-0.0
70,65,51,-0.0
70,65,52,-0.0
70,65,53,-0.0
70,65,54,-0.0
70,65,55,-0.0
70,65,56,-0.0
70,65,57,-0.0
70,65,58,-0.0
70,65,59,-0.0
70,65,60,-0.0
70,65,61,-0.0
70,65,62,-0.0
70,65,63,-0.0
70,65,64,-0.0
70,65,65,-0.0
70,65,66,-0.0
70,65,67,-0.0
70,65,68,-0.0
70,65,69,-0.0
70,65,70,-0.0
70,65,71,-0.0
70,65,72,-0.0
70,65,73,-0.0
70,65,74,-0.0
70,65,75,-0.0
70,65,76,-0.0
70,65,77,-0.0
70,65,78,-0.0
70,65,79,-0.0
70,65,80,-0.0
70,65,81,-0.0
70,65,82,-0.0
70,65,83,0.0
70,65,84,-0.0
70,65,85,-0.0
70,65,86,-0.0
70,65,87,-0.0
70,65,88,-0.0
70,65,89,-0.0
70,65,90,-0.0
70,65,91,-0.0
70,65,92,-0.0
70,65,93,-0.0
70,65,94,-0.0
70,65,95,-0.0
70,65,96,-0.0
70,65,97,-0.0
70,65,98,-0.0
70,65,99,-0.0
70,65,100,-0.0
70,65,101,-0.0
70,65,102,-0.0
70,65,103,-0.0
70,65,104,-0.0
70,65,105,-0.0
70,65,106,0.0
70,65,107,-0.0
70,65,108,-0.0
70,65,109,-0.0
70,65,110,-0.0
70,65,111,0.0
70,65,112,0.0
70,65,113,0.0
70,65,114,0.0
70,65,115,-0.0
70,65,116,-0.0
70,65,117,-0.0
70,65,118,-0.0
70,65,119,-0.0
70,65,120,-0.0
70,65,121,-0.0
70,65,122,-0.0
70,65,123,-0.0
70,65,124,-0.0
70,65,125,-0.0
70,65,126,-0.0
70,65,127,-0.0
70,65,128,-0.0
70,65,129,-0.0
70,65,130,-0.0
70,65,131,0.0
70,65,132,-0.0
70,65,133,-0.0
70,65,134,-0.0
70,65,135,0.0
70,65,136,-0.0
70,65,137,-0.0
70,65,138,-0.0
70,65,139,-0.0
70,65,140,-0.0
70,65,141,-0.0
70,65,142,-0.0
70,65,143,-0.0
70,65,144,-0.0
70,65,145,-0.0
70,65,146,-0.0
70,65,147,-0.0
70,65,148,-0.0
70,65,149,-0.0
70,65,150,-0.0
70,65,151,-0.0
70,65,152,-0.0
70,65,153,-0.0
70,65,154,-0.0
70,65,155,-0.0
70,65,156,-0.0
70,65,157,-0.0
70,65,158,0.0
70,65,159,-0.0
70,65,160,-0.0
70,65,161,-0.0
70,65,162,-0.0
70,65,163,-0.0
70,65,164,-0.0
70,65,165,-0.0
70,65,166,-0.0
70,65,167,-0.0
70,65,168,0.0
70,65,169,0.0
70,65,170,-0.0
70,65,171,-0.0
70,65,172,-0.0
70,65,173,-0.0
70,65,174,-0.0
70,65,175,-0.0
70,65,176,-0.0
70,65,177,-0.0
70,65,178,-0.0
70,65,179,-0.0
70,65,180,0.0
70,65,181,-0.0
70,65,182,-0.0
70,65,183,-0.0
70,65,184,-0.0
70,65,185,-0.0
70,65,186,-0.0
70,65,187,-0.0
70,65,188,-0.0
70,65,189,-0.0
70,65,190,-0.0
70,65,191,-0.0
70,65,192,-0.0
70,65,193,-0.0
70,65,194,-0.0
70,65,195,-0.0
70,65,196,-0.0
70,65,197,-0.0
70,65,198,-0.0
70,65,199,-0.0
70,65,200,-0.0
70,65,201,-0.0
70,65,202,-0.0
70,65,203,0.0
70,65,204,0.0
70,65,205,-0.0
70,65,206,-0.0
70,65,207,-0.0
70,65,208,-0.0
70,65,209,-0.0
70,65,210,-0.0
70,65,211,-0.0
70,65,212,-0.0
70,65,213,0.0
70,65,214,0.0
70,65,215,0.0
70,65,216,-0.0
70,65,217,-0.0
70,65,218,-0.0
70,65,219,-0.0
70,65,220,-0.0
70,65,221,-0.0
70,65,222,-0.0
70,65,223,-0.0
70,65,224,-0.0
70,65,225,-0.0
70,65,226,-0.0
70,65,227,-0.0
70,65,228,-0.0
70,65,229,-0.0
70,65,230,-0.0
70,65,231,-0.0
70,65,232,-0.0
70,65,233,-0.0
70,65,234,-0.0
70,65,235,-0.0
70,65,236,-0.0
70,65,237,0.0
70,65,238,-0.0
70,65,239,-0.0
70,65,240,-0.0
70,65,241,-0.0
70,65,242,-0.0
70,65,243,-0.0
70,65,244,-0.0
70,65,245,-0.0
70,65,246,-0.0
70,65,247,-0.0
70,65,248,-0.0
70,65,249,-0.0
70,65,250,-0.0
70,65,251,-0.0
70,65,252,-0.0
70,65,253,-0.0
70,65,254,-0.0
70,65,255,-0.0
70,65,256,-0.0
70,65,257,-0.0
70,65,258,-0.0
70,65,259,-0.0
70,65,260,-0.0
70,65,261,-0.0
70,65,262,-0.0
70,65,263,-0.0
70,65,264,-0.0
70,65,265,-0.0
70,65,266,-0.0
70,65,267,-0.0
70,65,268,-0.0
70,65,269,-0.0
70,65,270,-0.0
70,65,271,-0.0
70,65,272,-0.0
70,65,273,-0.0
70,65,274,-0.0
70,65,275,-0.0
70,65,276,-0.0
70,65,277,-0.0
70,65,278,-0.0
70,65,279,-0.0
70,65,280,-0.0
70,65,281,-0.0
70,65,282,-0.0
70,65,283,-0.0
70,65,284,-0.0
70,65,285,-0.0
70,65,286,-0.0
70,65,287,-0.0
70,65,288,-0.0
70,65,289,-0.0
70,65,290,-0.0
70,65,291,-0.0
70,65,292,-0.0
70,65,293,-0.0
70,65,294,-0.0
70,65,295,0.0
70,65,296,-0.0
70,65,297,-0.0
70,65,298,-0.0
70,65,299,-0.0
70,65,300,-0.0
70,65,301,-0.0
70,65,302,-0.0
70,65,303,0.0
70,65,304,-0.0
70,65,305,-0.0
70,65,306,-0.0
70,65,307,-0.0
70,65,308,-0.0
70,65,309,-0.0
70,65,310,-0.0
70,65,311,-0.0
70,65,312,-0.0
70,65,313,-0.0
70,65,314,-0.0
70,65,315,-0.0
70,65,316,-0.0
70,65,317,-0.0
70,65,318,-0.0
70,65,319,-0.0
70,65,320,-0.0
70,65,321,-0.0
70,65,322,-0.0
70,65,323,-0.0
70,65,324,-0.0
70,65,325,-0.0
70,65,326,-0.0
70,65,327,-0.0
70,65,328,-0.0
70,65,329,-0.0
70,65,330,-0.0
70,65,331,-0.0
70,65,332,-0.0
70,65,333,-0.0
70,65,334,-0.0
70,65,335,-0.0
70,65,336,-0.0
70,65,337,0.0
70,65,338,-0.0
70,65,339,0.0
70,65,340,-0.0
70,65,341,-0.0
70,65,342,-0.0
70,65,343,-0.0
70,65,344,-0.0
70,65,345,-0.0
70,65,346,-0.0
70,65,347,-0.0
70,65,348,-0.0
70,65,349,-0.0
70,65,350,-0.0
70,65,351,-0.0
70,65,352,-0.0
70,65,353,0.0
70,65,354,-0.0
70,65,355,-0.0
70,65,356,-0.0
70,65,357,0.0
70,65,358,0.0
70,65,359,-0.0
70,65,360,-0.0
4,74,0,0.0
4,74,1,3.0
4,74,2,0.0
4,74,3,0.0
4,74,4,2.0
4,74,5,3.0
4,74,6,0.0
4,74,7,0.0
4,74,8,0.0
4,74,9,3.0
4,74,10,3.0
4,74,11,3.0
4,74,12,3.0
4,74,13,3.0
4,74,14,3.0
4,74,15,0.0
4,74,16,3.0
4,74,17,0.0
4,74,18,3.0
4,74,19,0.0
4,74,20,-0.0
4,74,21,3.0
4,74,22,0.0
4,74,23,0.0
4,74,24,3.0
4,74,25,0.0
4,74,26,0.0
4,74,27,0.0
4,74,28,2.0
4,74,29,3.0
4,74,30,0.0
4,74,31,0.0
4,74,32,3.0
4,74,33,0.0
4,74,34,3.0
4,74,35,0.0
4,74,36,0.0
4,74,37,2.0
4,74,38,0.0
4,74,39,1.0
4,74,40,3.0
4,74,41,0.0
4,74,42,2.0
4,74,43,0.0
4,74,44,3.0
4,74,45,-0.0
4,74,46,0.0
4,74,47,2.0
4,74,48,3.0
4,74,49,0.0
4,74,50,0.0
4,74,51,0.0
4,74,52,3.0
4,74,53,0.0
4,74,54,0.0
4,74,55,3.0
4,74,56,2.0
4,74,57,3.0
4,74,58,1.0
4,74,59,2.0
4,74,60,0.0
4,74,61,2.0
4,74,62,0.0
4,74,63,0.0
4,74,64,0.0
4,74,65,2.0
4,74,66,0.0
4,74,67,0.0
4,74,68,0.0
4,74,69,0.0
4,74,70,3.0
4,74,71,3.0
4,74,72,0.0
4,74,73,0.0
4,74,74,0.0
4,74,75,0.0
4,74,76,0.0
4,74,77,3.0
4,74,78,0.0
4,74,79,3.0
4,74,80,3.0
4,74,81,0.0
4,74,82,3.0
4,74,83,3.0
4,74,84,0.0
4,74,85,0.0
4,74,86,0.0
4,74,87,0.0
4,74,88,0.0
4,74,89,3.0
4,74,90,3.0
4,74,91,-0.0
4,74,92,0.0
4,74,93,3.0
4,74,94,0.0
4,74,95,3.0
4,74,96,2.0
4,74,97,0.0
4,74,98,1.0
4,74,99,1.0
4,74,100,0.0
4,74,101,2.0
4,74,102,0.0
4,74,103,0.0
4,74,104,3.0
4,74,105,0.0
4,74,106,0.0
4,74,107,0.0
4,74,108,0.0
4,74,109,0.0
4,74,110,0.0
4,74,111,0.0
4,74,112,0.0
4,74,113,0.0
4,74,114,3.0
4,74,115,0.0
4,74,116,3.0
4,74,117,0.0
4,74,118,3.0
4,74,119,2.0
4,74,120,3.0
4,74,121,2.0
4,74,122,0.0
4,74,123,3.0
4,74,124,3.0
4,74,125,2.0
4,74,126,0.0
4,74,127,0.0
4,74,128,0.0
4,74,129,3.0
4,74,130,0.0
4,74,131,0.0
4,74,132,0.0
4,74,133,0.0
4,74,134,0.0
4,74,135,0.0
4,74,136,0.0
4,74,137,-0.0
4,74,138,2.0
4,74,139,3.0
4,74,140,3.0
4,74,141,3.0
4,74,142,3.0
4,74,143,3.0
4,74,144,2.0
4,74,145,3.0
4,74,146,2.0
4,74,147,3.0
4,74,148,2.0
4,74,149,3.0
4,74,150,3.0
4,74,151,0.0
4,74,152,2.0
4,74,153,3.0
4,74,154,0.0
4,74,155,0.0
4,74,156,0.0
4,74,157,0.0
4,74,158,0.0
4,74,159,1.0
4,74,160,0.0
4,74,161,3.0
4,74,162,3.0
4,74,163,-0.0
4,74,164,0.0
4,74,165,0.0
4,74,166,0.0
4,74,167,3.0
4,74,168,0.0
4,74,169,3.0
4,74,170,2.0
4,74,171,3.0
4,74,172,3.0
4,74,173,0.0
4,74,174,0.0
4,74,175,3.0
4,74,176,3.0
4,74,177,2.0
4,74,178,3.0
4,74,179,3.0
4,74,180,3.0
4,74,181,3.0
4,74,182,3.0
4,74,183,0.0
4,74,184,0.0
4,74,185,0.0
4,74,186,0.0
4,74,187,0.0
4,74,188,0.0
4,74,189,0.0
4,74,190,3.0
4,74,191,3.0
4,74,192,2.0
4,74,193,-0.0
4,74,194,2.0
4,74,195,3.0
4,74,196,0.0
4,74,197,0.0
4,74,198,0.0
4,74,199,3.0
4,74,200,0.0
4,74,201,1.0
4,74,202,3.0
4,74,203,0.0
4,74,204,0.0
4,74,205,2.0
4,74,206,0.0
4,74,207,0.0
4,74,208,3.0
4,74,209,0.0
4,74,210,0.0
4,74,211,1.0
4,74,212,0.0
4,74,213,0.0
4,74,214,0.0
4,74,215,2.0
4,74,216,0.0
4,74,217,3.0
4,74,218,0.0
4,74,219,0.0
4,74,220,0.0
4,74,221,1.0
4,74,222,3.0
4,74,223,0.0
4,74,224,3.0
4,74,225,0.0
4,74,226,0.0
4,74,227,3.0
4,74,228,0.0
4,74,229,0.0
4,74,230,0.0
4,74,231,0.0
4,74,232,0.0
4,74,233,0.0
4,74,234,0.0
4,74,235,0.0
4,74,236,0.0
4,74,237,0.0
4,74,238,2.0
4,74,239,-0.0
4,74,240,1.0
4,74,241,0.0
4,74,242,3.0
4,74,243,3.0
4,74,244,3.0
4,74,245,0.0
4,74,246,0.0
4,74,247,3.0
4,74,248,3.0
4,74,249,3.0
4,74,250,0.0
4,74,251,0.0
4,74,252,0.0
4,74,253,0.0
4,74,254,3.0
4,74,255,3.0
4,74,256,2.0
4,74,257,3.0
4,74,258,3.0
4,74,259,0.0
4,74,260,3.0
4,74,261,0.0
4,74,262,0.0
4,74,263,2.0
4,74,264,3.0
4,74,265,3.0
4,74,266,0.0
4,74,267,3.0
4,74,268,0.0
4,74,269,0.0
4,74,270,0.0
4,74,271,0.0
4,74,272,3.0
4,74,273,3.0
4,74,274,0.0
4,74,275,2.0
4,74,276,0.0
4,74,277,3.0
4,74,278,3.0
4,74,279,3.0
4,74,280,-0.0
4,74,281,3.0
4,74,282,3.0
4,74,283,3.0
4,74,284,0.0
4,74,285,0.0
4,74,286,2.0
4,74,287,0.0
4,74,288,-0.0
4,74,289,3.0
4,74,290,2.0
4,74,291,3.0
4,74,292,3.0
4,74,293,3.0
4,74,294,3.0
4,74,295,3.0
4,74,296,0.0
4,74,297,3.0
4,74,298,3.0
4,74,299,3.0
4,74,300,0.0
4,74,301,3.0
4,74,302,0.0
4,74,303,2.0
4,74,304,0.0
4,74,305,2.0
4,74,306,-0.0
4,74,307,3.0
4,74,308,0.0
4,74,309,0.0
4,74,310,0.0
4,74,311,0.0
4,74,312,3.0
4,74,313,0.0
4,74,314,3.0
4,74,315,-0.0
4,74,316,0.0
4,74,317,3.0
4,74,318,3.0
4,74,319,-0.0
4,74,320,0.0
4,74,321,3.0
4,74,322,0.0
4,74,323,0.0
4,74,324,3.0
4,74,325,3.0
4,74,326,2.0
4,74,327,1.0
4,74,328,3.0
4,74,329,0.0
4,74,330,3.0
4,74,331,3.0
4,74,332,0.0
4,74,333,3.0
4,74,334,3.0
4,74,335,3.0
4,74,336,2.0
4,74,337,0.0
4,74,338,0.0
4,74,339,0.0
4,74,340,3.0
4,74,341,0.0
4,74,342,2.0
4,74,343,0.0
4,74,344,0.0
4,74,345,3.0
4,74,346,3.0
4,74,347,2.0
4,74,348,3.0
4,74,349,0.0
4,74,350,3.0
4,74,351,3.0
4,74,352,0.0
4,74,353,3.0
4,74,354,3.0
4,74,355,2.0
4,74,356,0.0
4,74,357,0.0
4,74,358,0.0
4,74,359,0.0
4,74,360,-0.0
81,113,0,0.0
81,113,1,0.0
81,113,2,0.0
81,113,3,0.0
81,113,4,0.0
81,113,5,0.0
81,113,6,-0.0
81,113,7,-0.0
81,113,8,-0.0
81,113,9,-0.0
81,113,10,-0.0
81,113,11,-0.0
81,113,12,-0.0
81,113,13,-0.0
81,113,14,0.0
81,113,15,-0.0
81,113,16,-0.0
81,113,17,-0.0
81,113,18,-0.0
81,113,19,-0.0
81,113,20,-0.0
81,113,21,-0.0
81,113,22,-0.0
81,113,23,-0.0
81,113,24,-0.0
81,113,25,-0.0
81,113,26,-0.0
81,113,27,-0.0
81,113,28,-0.0
81,113,29,-0.0
81,113,30,-0.0
81,113,31,-0.0
81,113,32,0.0
81,113,33,0.0
81,113,34,-0.0
81,113,35,-0.0
81,113,36,0.0
81,113,37,-0.0
81,113,38,-0.0
81,113,39,-0.0
81,113,40,-0.0
81,113,41,-0.0
81,113,42,0.0
81,113,43,-0.0
81,113,44,0.0
81,113,45,-0.0
81,113,46,-0.0
81,113,47,-0.0
81,113,48,-0.0
81,113,49,-0.0
81,113,50,-0.0
81,113,51,-0.0
81,113,52,-0.0
81,113,53,-0.0
81,113,54,-0.0
81,113,55,-0.0
81,113,56,-0.0
81,113,57,0.0
81,113,58,-0.0
81,113,59,-0.0
81,113,60,-0.0
81,113,61,-0.0
81,113,62,-0.0
81,113,63,-0.0
81,113,64,-0.0
81,113,65,-0.0
81,113,66,-0.0
81,113,67,-0.0
81,113,68,-0.0
81,113,69,-0.0
81,113,70,-0.0
81,113,71,-0.0
81,113,72,-0.0
81,113,73,-0.0
81,113,74,-0.0
81,113,75,-0.0
81,113,76,-0.0
81,113,77,0.0
81,113,78,-0.0
81,113,79,-0.0
81,113,80,-0.0
81,113,81,0.0
81,113,82,0.0
81,113,83,-0.0
81,113,84,0.0
81,113,85,-0.0
81,113,86,-0.0
81,113,87,0.0
81,113,88,-0.0
81,113,89,-0.0
81,113,90,-0.0
81,113,91,-0.0
81,113,92,-0.0
81,113,93,-0.0
81,113,94,-0.0
81,113,95,-0.0
81,113,96,-0.0
81,113,97,0.0
81,113,98,0.0
81,113,99,-0.0
81,113,100,-0.0
81,113,101,-0.0
81,113,102,-0.0
81,113,103,-0.0
81,113,104,0.0
81,113,105,-0.0
81,113,106,-0.0
81,113,107,-0.0
81,113,108,-0.0
81,113,109,-0.0
81,113,110,-0.0
81,113,111,-0.0
81,113,112,-0.0
81,113,113,-0.0
81,113,114,-0.0
81,113,115,-0.0
81,113,116,-0.0
81,113,117,0.0
81,113,118,-0.0
81,113,119,0.0
81,113,120,-0.0
81,113,121,-0.0
81,113,122,0.0
81,113,123,-0.0
81,113,124,-0.0
81,113,125,-0.0
81,113,126,-0.0
81,113,127,-0.0
81,113,128,-0.0
81,113,129,0.0
81,113,130,0.0
81,113,131,-0.0
81,113,132,-0.0
81,113,133,-0.0
81,113,134,-0.0
81,113,135,-0.0
81,113,136,-0.0
81,113,137,-0.0
81,113,138,-0.0
81,113,139,-0.0
81,113,140,-0.0
81,113,141,-0.0
81,113,142,0.0
81,113,143,-0.0
81,113,144,-0.0
81,113,145,-0.0
81,113,146,-0.0
81,113,147,-0.0
81,113,148,-0.0
81,113,149,-0.0
81,113,150,-0.0
81,113,151,-0.0
81,113,152,-0.0
81,113,153,-0.0
81,113,154,-0.0
81,113,155,-0.0
81,113,156,-0.0
81,113,157,-0.0
81,113,158,-0.0
81,113,159,-0.0
81,113,160,0.0
81,113,161,-0.0
81,113,162,-0.0
81,113,163,-0.0
81,113,164,-0.0
81,113,165,-0.0
81,113,166,-0.0
81,113,167,-0.0
81,113,168,-0.0
81,113,169,-0.0
81,113,170,-0.0
81,113,171,0.0
81,113,172,-0.0
81,113,173,-0.0
81,113,174,-0.0
81,113,175,-0.0
81,113,176,-0.0
81,113,177,-0.0
81,113,178,-0.0
81,113,179,-0.0
81,113,180,-0.0
81,113,181,-0.0
81,113,182,-0.0
81,113,183,-0.0
81,113,184,-0.0
81,113,185,-0.0
81,113,186,-0.0
81,113,187,-0.0
81,113,188,-0.0
81,113,189,-0.0
81,113,190,-0.0
81,113,191,-0.0
81,113,192,-0.0
81,113,193,0.0
81,113,194,0.0
81,113,195,0.0
81,113,196,-0.0
81,113,197,-0.0
81,113,198,-0.0
81,113,199,0.0
81,113,200,-0.0
81,113,201,-0.0
81,113,202,-0.0
81,113,203,0.0
81,113,204,-0.0
81,113,205,-0.0
81,113,206,-0.0
81,113,207,-0.0
81,113,208,-0.0
81,113,209,-0.0
81,113,210,-0.0
81,113,211,0.0
81,113,212,-0.0
81,113,213,-0.0
81,113,214,-0.0
81,113,215,-0.0
81,113,216,-0.0
81,113,217,-0.0
81,113,218,-0.0
81,113,219,-0.0
81,113,220,-0.0
81,113,221,-0.0
81,113,222,-0.0
81,113,223,-0.0
81,113,224,-0.0
81,113,225,-0.0
81,113,226,-0.0
81,113,227,-0.0
81,113,228,-0.0
81,113,229,-0.0
81,113,230,-0.0
81,113,231,0.0
81,113,232,-0.0
81,113,233,-0.0
81,113,234,-0.0
81,113,235,-0.0
81,113,236,-0.0
81,113,237,-0.0
81,113,238,-0.0
81,113,239,-0.0
81,113,240,-0.0
81,113,241,-0.0
81,113,242,-0.0
81,113,243,-0.0
81,113,244,-0.0
81,113,245,-0.0
81,113,246,-0.0
81,113,247,-0.0
81,113,248,-0.0
81,113,249,-0.0
81,113,250,-0.0
81,113,251,-0.0
81,113,252,-0.0
81,113,253,-0.0
81,113,254,-0.0
81,113,255,-0.0
81,113,256,-0.0
81,113,257,-0.0
81,113,258,-0.0
81,113,259,-0.0
81,113,260,-0.0
81,113,261,-0.0
81,113,262,-0.0
81,113,263,-0.0
81,113,264,-0.0
81,113,265,-0.0
81,113,266,-0.0
81,113,267,-0.0
81,113,268,-0.0
81,113,269,-0.0
81,113,270,-0.0
81,113,271,-0.0
81,113,272,-0.0
81,113,273,-0.0
81,113,274,-0.0
81,113,275,-0.0
81,113,276,-0.0
81,113,277,-0.0
81,113,278,-0.0
81,113,279,0.0
81,113,280,-0.0
81,113,281,-0.0
81,113,282,-0.0
81,113,283,-0.0
81,113,284,-0.0
81,113,285,-0.0
81,113,286,-0.0
81,113,287,-0.0
81,113,288,-0.0
81,113,289,-0.0
81,113,290,-0.0
81,113,291,-0.0
81,113,292,-0.0
81,113,293,-0.0
81,113,294,-0.0
81,113,295,-0.0
81,113,296,-0.0
81,113,297,-0.0
81,113,298,-0.0
81,113,299,-0.0
81,113,300,-0.0
81,113,301,-0.0
81,113,302,-0.0
81,113,303,-0.0
81,113,304,-0.0
81,113,305,-0.0
81,113,306,-0.0
81,113,307,-0.0
81,113,308,-0.0
81,113,309,-0.0
81,113,310,-0.0
81,113,311,-0.0
81,113,312,-0.0
81,113,313,0.0
81,113,314,-0.0
81,113,315,-0.0
81,113,316,-0.0
81,113,317,-0.0
81,113,318,-0.0
81,113,319,-0.0
81,113,320,-0.0
81,113,321,-0.0
81,113,322,-0.0
81,113,323,-0.0
81,113,324,-0.0
81,113,325,-0.0
81,113,326,-0.0
81,113,327,-0.0
81,113,328,-0.0
81,113,329,-0.0
81,113,330,-0.0
81,113,331,-0.0
81,113,332,-0.0
81,113,333,-0.0
81,113,334,-0.0
81,113,335,-0.0
81,113,336,-0.0
81,113,337,-0.0
81,113,338,-0.0
81,113,339,-0.0
81,113,340,0.0
81,113,341,-0.0
81,113,342,-0.0
81,113,343,-0.0
81,113,344,-0.0
81,113,345,-0.0
81,113,346,-0.0
81,113,347,-0.0
81,113,348,-0.0
81,113,349,-0.0
81,113,350,-0.0
81,113,351,-0.0
81,113,352,-0.0
81,113,353,-0.0
81,113,354,-0.0
81,113,355,-0.0
81,113,356,-0.0
81,113,357,-0.0
81,113,358,0.0
81,113,359,0.0
81,113,360,-0.0
68,67,0,0.0
68,67,1,0.0
68,67,2,0.0
68,67,3,0.0
68,67,4,0.0
68,67,5,0.0
68,67,6,0.0
68,67,7,0.0
68,67,8,0.0
68,67,9,0.0
68,67,10,0.0
68,67,11,0.0
68,67,12,0.0
68,67,13,0.0
68,67,14,0.0
68,67,15,0.0
68,67,16,0.0
68,67,17,0.0
68,67,18,0.0
68,67,19,0.0
68,67,20,0.0
68,67,21,0.0
68,67,22,0.0
68,67,23,0.0
68,67,24,0.0
68,67,25,0.0
68,67,26,0.0
68,67,27,0.0
68,67,28,0.0
68,67,29,0.0
68,67,30,0.0
68,67,31,0.0
68,67,32,-0.0
68,67,33,0.0
68,67,34,0.0
68,67,35,0.0
68,67,36,0.0
68,67,37,0.0
68,67,38,0.0
68,67,39,0.0
68,67,40,0.0
68,67,41,0.0
68,67,42,0.0
68,67,43,0.0
68,67,44,0.0
68,67,45,0.0
68,67,46,-0.0
68,67,47,0.0
68,67,48,0.0
68,67,49,0.0
68,67,50,0.0
68,67,51,0.0
68,67,52,0.0
68,67,53,0.0
68,67,54,0.0
68,67,55,0.0
68,67,56,0.0
68,67,57,0.0
68,67,58,0.0
68,67,59,0.0
68,67,60,0.0
68,67,61,0.0
68,67,62,0.0
68,67,63,0.0
68,67,64,0.0
68,67,65,0.0
68,67,66,0.0
68,67,67,0.0
68,67,68,0.0
68,67,69,0.0
68,67,70,0.0
68,67,71,0.0
68,67,72,0.0
68,67,73,-0.0
68,67,74,0.0
68,67,75,0.0
68,67,76,0.0
68,67,77,0.0
68,67,78,0.0
68,67,79,0.0
68,67,80,-0.0
68,67,81,0.0
68,67,82,0.0
68,67,83,0.0
68,67,84,0.0
68,67,85,0.0
68,67,86,-0.0
68,67,87,0.0
68,67,88,0.0
68,67,89,0.0
68,67,90,0.0
68,67,91,0.0
68,67,92,0.0
68,67,93,0.0
68,67,94,0.0
68,67,95,0.0
68,67,96,0.0
68,67,97,0.0
68,67,98,0.0
68,67,99,0.0
68,67,100,0.0
68,67,101,0.0
68,67,102,0.0
68,67,103,0.0
68,67,104,0.0
68,67,105,0.0
68,67,106,0.0
68,67,107,-0.0
68,67,108,0.0
68,67,109,0.0
68,67,110,0.0
68,67,111,0.0
68,67,112,0.0
68,67,113,-0.0
68,67,114,0.0
68,67,115,0.0
68,67,116,0.0
68,67,117,0.0
68,67,118,0.0
68,67,119,0.0
68,67,120,0.0
68,67,121,0.0
68,67,122,0.0
68,67,123,0.0
68,67,124,0.0
68,67,125,-0.0
68,67,126,0.0
68,67,127,-0.0
68,67,128,-0.0
68,67,129,0.0
68,67,130,0.0
68,67,131,0.0
68,67,132,-0.0
68,67,133,0.0
68,67,134,-0.0
68,67,135,0.0
68,67,136,0.0
68,67,137,0.0
68,67,138,0.0
68,67,139,0.0
68,67,140,0.0
68,67,141,0.0
68,67,142,0.0
68,67,143,0.0
68,67,144,0.0
68,67,145,0.0
68,67,146,0.0
68,67,147,0.0
68,67,148,0.0
68,67,149,0.0
68,67,150,0.0
68,67,151,0.0
68,67,152,0.0
68,67,153,0.0
68,67,154,0.0
68,67,155,-0.0
68,67,156,0.0
68,67,157,0.0
68,67,158,0.0
68,67,159,0.0
68,67,160,0.0
68,67,161,-0.0
68,67,162,0.0
68,67,163,0.0
68,67,164,0.0
68,67,165,0.0
68,67,166,0.0
68,67,167,0.0
68,67,168,0.0
68,67,169,0.0
68,67,170,0.0
68,67,171,0.0
68,67,172,-0.0
68,67,173,0.0
68,67,174,0.0
68,67,175,0.0
68,67,176,0.0
68,67,177,0.0
68,67,178,0.0
68,67,179,0.0
68,67,180,0.0
68,67,181,0.0
68,67,182,0.0
68,67,183,0.0
68,67,184,0.0
68,67,185,0.0
68,67,186,0.0
68,67,187,0.0
68,67,188,0.0
68,67,189,0.0
68,67,190,0.0
68,67,191,0.0
68,67,192,0.0
68,67,193,0.0
68,67,194,-0.0
68,67,195,0.0
68,67,196,0.0
68,67,197,0.0
68,67,198,0.0
68,67,199,0.0
68,67,200,0.0
68,67,201,0.0
68,67,202,0.0
68,67,203,0.0
68,67,204,0.0
68,67,205,0.0
68,67,206,-0.0
68,67,207,0.0
68,67,208,0.0
68,67,209,0.0
68,67,210,0.0
68,67,211,0.0
68,67,212,0.0
68,67,213,0.0
68,67,214,0.0
68,67,215,0.0
68,67,216,0.0
68,67,217,0.0
68,67,218,0.0
68,67,219,0.0
68,67,220,0.0
68,67,221,0.0
68,67,222,0.0
68,67,223,0.0
68,67,224,0.0
68,67,225,0.0
68,67,226,-0.0
68,67,227,0.0
68,67,228,0.0
68,67,229,0.0
68,67,230,0.0
68,67,231,0.0
68,67,232,0.0
68,67,233,0.0
68,67,234,0.0
68,67,235,0.0
68,67,236,0.0
68,67,237,0.0
68,67,238,0.0
68,67,239,0.0
68,67,240,0.0
68,67,241,0.0
68,67,242,0.0
68,67,243,0.0
68,67,244,0.0
68,67,245,0.0
68,67,246,0.0
68,67,247,0.0
68,67,248,0.0
68,67,249,0.0
68,67,250,0.0
68,67,251,0.0
68,67,252,0.0
68,67,253,0.0
68,67,254,0.0
68,67,255,0.0
68,67,256,0.0
68,67,257,-0.0
68,67,258,0.0
68,67,259,0.0
68,67,260,-0.0
68,67,261,0.0
68,67,262,0.0
68,67,263,0.0
68,67,264,0.0
68,67,265,0.0
68,67,266,0.0
68,67,267,0.0
68,67,268,0.0
68,67,269,0.0
68,67,270,0.0
68,67,271,0.0
68,67,272,0.0
68,67,273,0.0
68,67,274,0.0
68,67,275,0.0
68,67,276,0.0
68,67,277,0.0
68,67,278,0.0
68,67,279,0.0
68,67,280,-0.0
68,67,281,0.0
68,67,282,0.0
68,67,283,0.0
68,67,284,0.0
68,67,285,0.0
68,67,286,0.0
68,67,287,0.0
68,67,288,0.0
68,67,289,0.0
68,67,290,0.0
68,67,291,0.0
68,67,292,0.0
68,67,293,0.0
68,67,294,0.0
68,67,295,0.0
68,67,296,0.0
68,67,297,0.0
68,67,298,0.0
68,67,299,0.0
68,67,300,0.0
68,67,301,-0.0
68,67,302,-0.0
68,67,303,0.0
68,67,304,0.0
68,67,305,0.0
68,67,306,0.0
68,67,307,0.0
68,67,308,0.0
68,67,309,0.0
68,67,310,-0.0
68,67,311,0.0
68,67,312,-0.0
68,67,313,0.0
68,67,314,0.0
68,67,315,0.0
68,67,316,0.0
68,67,317,0.0
68,67,318,0.0
68,67,319,0.0
68,67,320,0.0
68,67,321,-0.0
68,67,322,0.0
68,67,323,0.0
68,67,324,-0.0
68,67,325,0.0
68,67,326,0.0
68,67,327,0.0
68,67,328,0.0
68,67,329,0.0
68,67,330,0.0
68,67,331,0.0
68,67,332,0.0
68,67,333,0.0
68,67,334,0.0
68,67,335,0.0
68,67,336,0.0
68,67,337,0.0
68,67,338,0.0
68,67,339,0.0
68,67,340,0.0
68,67,341,0.0
68,67,342,0.0
68,67,343,0.0
68,67,344,0.0
68,67,345,0.0
68,67,346,0.0
68,67,347,0.0
68,67,348,0.0
68,67,349,0.0
68,67,350,0.0
68,67,351,0.0
68,67,352,-0.0
68,67,353,0.0
68,67,354,-0.0
68,67,355,0.0
68,67,356,0.0
68,67,357,0.0
68,67,358,0.0
68,67,359,-0.0
68,67,360,-0.0
91,99,0,0.0
91,99,1,0.0
91,99,2,0.0
91,99,3,6.0
91,99,4,0.0
91,99,5,-0.0
91,99,6,-0.0
91,99,7,6.0
91,99,8,0.0
91,99,9,-0.0
91,99,10,-0.0
91,99,11,6.0
91,99,12,-0.0
91,99,13,6.0
91,99,14,-0.0
91,99,15,0.0
91,99,16,0.0
91,99,17,5.0
91,99,18,6.0
91,99,19,0.0
91,99,20,0.0
91,99,21,0.0
91,99,22,0.0
91,99,23,6.0
91,99,24,-0.0
91,99,25,0.0
91,99,26,-0.0
91,99,27,0.0
91,99,28,-0.0
91,99,29,-0.0
91,99,30,-0.0
91,99,31,-0.0
91,99,32,0.0
91,99,33,0.0
91,99,34,6.0
91,99,35,-0.0
91,99,36,6.0
91,99,37,-0.0
91,99,38,-0.0
91,99,39,-0.0
91,99,40,-0.0
91,99,41,-0.0
91,99,42,-0.0
91,99,43,0.0
91,99,44,-0.0
91,99,45,0.0
91,99,46,-0.0
91,99,47,-0.0
91,99,48,-0.0
91,99,49,-0.0
91,99,50,-0.0
91,99,51,-0.0
91,99,52,-0.0
91,99,53,-0.0
91,99,54,6.0
91,99,55,-0.0
91,99,56,0.0
91,99,57,6.0
91,99,58,-0.0
91,99,59,6.0
91,99,60,-0.0
91,99,61,4.0
91,99,62,-0.0
91,99,63,-0.0
91,99,64,-0.0
91,99,65,-0.0
91,99,66,-0.0
91,99,67,-0.0
91,99,68,-0.0
91,99,69,-0.0
91,99,70,-0.0
91,99,71,6.0
91,99,72,0.0
91,99,73,0.0
91,99,74,-0.0
91,99,75,-0.0
91,99,76,-0.0
91,99,77,-0.0
91,99,78,0.0
91,99,79,0.0
91,99,80,0.0
91,99,81,-0.0
91,99,82,0.0
91,99,83,-0.0
91,99,84,0.0
91,99,85,6.0
91,99,86,-0.0
91,99,87,-0.0
91,99,88,0.0
91,99,89,0.0
91,99,90,-0.0
91,99,91,-0.0
91,99,92,0.0
91,99,93,0.0
91,99,94,0.0
91,99,95,1.0
91,99,96,-0.0
91,99,97,0.0
91,99,98,4.0
91,99,99,-0.0
91,99,100,1.0
91,99,101,-0.0
91,99,102,-0.0
91,99,103,-0.0
91,99,104,-0.0
91,99,105,-0.0
91,99,106,6.0
91,99,107,-0.0
91,99,108,0.0
91,99,109,-0.0
91,99,110,0.0
91,99,111,0.0
91,99,112,-0.0
91,99,113,-0.0
91,99,114,-0.0
91,99,115,-0.0
91,99,116,6.0
91,99,117,-0.0
91,99,118,6.0
91,99,119,-0.0
91,99,120,6.0
91,99,121,-0.0
91,99,122,-0.0
91,99,123,-0.0
91,99,124,-0.0
91,99,125,1.0
91,99,126,6.0
91,99,127,-0.0
91,99,128,0.0
91,99,129,-0.0
91,99,130,-0.0
91,99,131,6.0
91,99,132,-0.0
91,99,133,-0.0
91,99,134,-0.0
91,99,135,0.0
91,99,136,-0.0
91,99,137,-0.0
91,99,138,0.0
91,99,139,-0.0
91,99,140,-0.0
91,99,141,0.0
91,99,142,-0.0
91,99,143,6.0
91,99,144,0.0
91,99,145,6.0
91,99,146,-0.0
91,99,147,0.0
91,99,148,-0.0
91,99,149,6.0
91,99,150,0.0
91,99,151,-0.0
91,99,152,6.0
91,99,153,0.0
91,99,154,-0.0
91,99,155,0.0
91,99,156,-0.0
91,99,157,0.0
91,99,158,-0.0
91,99,159,-0.0
91,99,160,0.0
91,99,161,2.0
91,99,162,0.0
91,99,163,0.0
91,99,164,-0.0
91,99,165,0.0
91,99,166,-0.0
91,99,167,-0.0
91,99,168,-0.0
91,99,169,-0.0
91,99,170,-0.0
91,99,171,-0.0
91,99,172,4.0
91,99,173,6.0
91,99,174,6.0
91,99,175,-0.0
91,99,176,-0.0
91,99,177,6.0
91,99,178,6.0
91,99,179,3.0
91,99,180,-0.0
91,99,181,-0.0
91,99,182,0.0
91,99,183,-0.0
91,99,184,6.0
91,99,185,6.0
91,99,186,0.0
91,99,187,-0.0
91,99,188,-0.0
91,99,189,0.0
91,99,190,-0.0
91,99,191,0.0
91,99,192,-0.0
91,99,193,6.0
91,99,194,-0.0
91,99,195,-0.0
91,99,196,-0.0
91,99,197,0.0
91,99,198,0.0
91,99,199,-0.0
91,99,200,-0.0
91,99,201,6.0
91,99,202,-0.0
91,99,203,-0.0
91,99,204,0.0
91,99,205,0.0
91,99,206,-0.0
91,99,207,0.0
91,99,208,-0.0
91,99,209,-0.0
91,99,210,0.0
91,99,211,-0.0
91,99,212,6.0
91,99,213,6.0
91,99,214,-0.0
91,99,215,-0.0
91,99,216,-0.0
91,99,217,-0.0
91,99,218,-0.0
91,99,219,0.0
91,99,220,0.0
91,99,221,0.0
91,99,222,-0.0
91,99,223,-0.0
91,99,224,6.0
91,99,225,0.0
91,99,226,0.0
91,99,227,-0.0
91,99,228,-0.0
91,99,229,0.0
91,99,230,-0.0
91,99,231,-0.0
91,99,232,0.0
91,99,233,0.0
91,99,234,-0.0
91,99,235,-0.0
91,99,236,-0.0
91,99,237,-0.0
91,99,238,0.0
91,99,239,-0.0
91,99,240,0.0
91,99,241,-0.0
91,99,242,0.0
91,99,243,-0.0
91,99,244,1.0
91,99,245,0.0
91,99,246,-0.0
91,99,247,-0.0
91,99,248,6.0
91,99,249,6.0
91,99,250,-0.0
91,99,251,5.0
91,99,252,-0.0
91,99,253,-0.0
91,99,254,-0.0
91,99,255,-0.0
91,99,256,0.0
91,99,257,6.0
91,99,258,0.0
91,99,259,6.0
91,99,260,-0.0
91,99,261,0.0
91,99,262,6.0
91,99,263,-0.0
91,99,264,-0.0
91,99,265,4.0
91,99,266,0.0
91,99,267,-0.0
91,99,268,-0.0
91,99,269,-0.0
91,99,270,-0.0
91,99,271,-0.0
91,99,272,0.0
91,99,273,-0.0
91,99,274,6.0
91,99,275,-0.0
91,99,276,-0.0
91,99,277,-0.0
91,99,278,-0.0
91,99,279,6.0
91,99,280,-0.0
91,99,281,6.0
91,99,282,0.0
91,99,283,-0.0
91,99,284,6.0
91,99,285,6.0
91,99,286,-0.0
91,99,287,-0.0
91,99,288,-0.0
91,99,289,-0.0
91,99,290,-0.0
91,99,291,6.0
91,99,292,-0.0
91,99,293,6.0
91,99,294,6.0
91,99,295,0.0
91,99,296,6.0
91,99,297,5.0
91,99,298,-0.0
91,99,299,6.0
91,99,300,6.0
91,99,301,0.0
91,99,302,-0.0
91,99,303,1.0
91,99,304,0.0
91,99,305,-0.0
91,99,306,-0.0
91,99,307,-0.0
91,99,308,-0.0
91,99,309,6.0
91,99,310,-0.0
91,99,311,-0.0
91,99,312,-0.0
91,99,313,-0.0
91,99,314,-0.0
91,99,315,0.0
91,99,316,6.0
91,99,317,-0.0
91,99,318,-0.0
91,99,319,1.0
91,99,320,-0.0
91,99,321,0.0
91,99,322,3.0
91,99,323,6.0
91,99,324,6.0
91,99,325,0.0
91,99,326,6.0
91,99,327,6.0
91,99,328,4.0
91,99,329,6.0
91,99,330,6.0
91,99,331,-0.0
91,99,332,6.0
91,99,333,-0.0
91,99,334,0.0
91,99,335,6.0
91,99,336,-0.0
91,99,337,6.0
91,99,338,0.0
91,99,339,-0.0
91,99,340,6.0
91,99,341,0.0
91,99,342,0.0
91,99,343,-0.0
91,99,344,-0.0
91,99,345,-0.0
91,99,346,-0.0
91,99,347,1.0
91,99,348,6.0
91,99,349,-0.0
91,99,350,-0.0
91,99,351,-0.0
91,99,352,6.0
91,99,353,0.0
91,99,354,-0.0
91,99,355,-0.0
91,99,356,-0.0
91,99,357,0.0
91,99,358,-0.0
91,99,359,-0.0
91,99,360,-0.0
102,99,0,0.0
102,99,1,0.0
102,99,2,-0.0
102,99,3,-0.0
102,99,4,-0.0
102,99,5,5.0
102,99,6,6.0
102,99,7,0.0
102,99,8,-0.0
102,99,9,6.0
102,99,10,6.0
102,99,11,-0.0
102,99,12,6.0
102,99,13,0.0
102,99,14,6.0
102,99,15,6.0
102,99,16,6.0
102,99,17,1.0
102,99,18,-0.0
102,99,19,6.0
102,99,20,6.0
102,99,21,6.0
102,99,22,-0.0
102,99,23,-0.0
102,99,24,0.0
102,99,25,-0.0
102,99,26,-0.0
102,99,27,-0.0
102,99,28,0.0
102,99,29,6.0
102,99,30,6.0
102,99,31,6.0
102,99,32,6.0
102,99,33,-0.0
102,99,34,-0.0
102,99,35,6.0
102,99,36,-0.0
102,99,37,-0.0
102,99,38,-0.0
102,99,39,6.0
102,99,40,5.0
102,99,41,6.0
102,99,42,6.0
102,99,43,-0.0
102,99,44,6.0
102,99,45,6.0
102,99,46,6.0
102,99,47,6.0
102,99,48,6.0
102,99,49,6.0
102,99,50,-0.0
102,99,51,0.0
102,99,52,0.0
102,99,53,6.0
102,99,54,0.0
102,99,55,6.0
102,99,56,-0.0
102,99,57,0.0
102,99,58,6.0
102,99,59,-0.0
102,99,60,0.0
102,99,61,2.0
102,99,62,-0.0
102,99,63,6.0
102,99,64,6.0
102,99,65,6.0
102,99,66,0.0
102,99,67,-0.0
102,99,68,6.0
102,99,69,-0.0
102,99,70,6.0
102,99,71,-0.0
102,99,72,6.0
102,99,73,6.0
102,99,74,-0.0
102,99,75,2.0
102,99,76,-0.0
102,99,77,6.0
102,99,78,5.0
102,99,79,6.0
102,99,80,6.0
102,99,81,6.0
102,99,82,6.0
102,99,83,-0.0
102,99,84,6.0
102,99,85,0.0
102,99,86,0.0
102,99,87,6.0
102,99,88,6.0
102,99,89,6.0
102,99,90,0.0
102,99,91,-0.0
102,99,92,6.0
102,99,93,-0.0
102,99,94,6.0
102,99,95,5.0
102,99,96,6.0
102,99,97,6.0
102,99,98,-0.0
102,99,99,-0.0
102,99,100,-0.0
102,99,101,0.0
102,99,102,-0.0
102,99,103,6.0
102,99,104,-0.0
102,99,105,6.0
102,99,106,0.0
102,99,107,1.0
102,99,108,6.0
102,99,109,-0.0
102,99,110,6.0
102,99,111,0.0
102,99,112,-0.0
102,99,113,-0.0
102,99,114,0.0
102,99,115,0.0
102,99,116,-0.0
102,99,117,0.0
102,99,118,-0.0
102,99,119,-0.0
102,99,120,0.0
102,99,121,6.0
102,99,122,6.0
102,99,123,6.0
102,99,124,6.0
102,99,125,-0.0
102,99,126,-0.0
102,99,127,-0.0
102,99,128,-0.0
102,99,129,-0.0
102,99,130,6.0
102,99,131,-0.0
102,99,132,-0.0
102,99,133,6.0
102,99,134,6.0
102,99,135,-0.0
102,99,136,1.0
102,99,137,6.0
102,99,138,0.0
102,99,139,6.0
102,99,140,6.0
102,99,141,6.0
102,99,142,6.0
102,99,143,-0.0
102,99,144,0.0
102,99,145,-0.0
102,99,146,6.0
102,99,147,6.0
102,99,148,6.0
102,99,149,-0.0
102,99,150,-0.0
102,99,151,0.0
102,99,152,0.0
102,99,153,6.0
102,99,154,6.0
102,99,155,-0.0
102,99,156,5.0
102,99,157,-0.0
102,99,158,6.0
102,99,159,6.0
102,99,160,-0.0
102,99,161,4.0
102,99,162,6.0
102,99,163,6.0
102,99,164,6.0
102,99,165,6.0
102,99,166,0.0
102,99,167,-0.0
102,99,168,6.0
102,99,169,-0.0
102,99,170,-0.0
102,99,171,0.0
102,99,172,2.0
102,99,173,0.0
102,99,174,0.0
102,99,175,6.0
102,99,176,6.0
102,99,177,0.0
102,99,178,0.0
102,99,179,3.0
102,99,180,6.0
102,99,181,0.0
102,99,182,6.0
102,99,183,6.0
102,99,184,0.0
102,99,185,0.0
102,99,186,-0.0
102,99,187,6.0
102,99,188,6.0
102,99,189,6.0
102,99,190,6.0
102,99,191,-0.0
102,99,192,6.0
102,99,193,0.0
102,99,194,6.0
102,99,195,6.0
102,99,196,6.0
102,99,197,6.0
102,99,198,0.0
102,99,199,6.0
102,99,200,6.0
102,99,201,0.0
102,99,202,6.0
102,99,203,6.0
102,99,204,6.0
102,99,205,6.0
102,99,206,6.0
102,99,207,6.0
102,99,208,6.0
102,99,209,6.0
102,99,210,6.0
102,99,211,6.0
102,99,212,-0.0
102,99,213,0.0
102,99,214,6.0
102,99,215,6.0
102,99,216,6.0
102,99,217,6.0
102,99,218,6.0
102,99,219,6.0
102,99,220,6.0
102,99,221,6.0
102,99,222,6.0
102,99,223,6.0
102,99,224,0.0
102,99,225,6.0
102,99,226,6.0
102,99,227,6.0
102,99,228,6.0
102,99,229,6.0
102,99,230,6.0
102,99,231,6.0
102,99,232,6.0
102,99,233,-0.0
102,99,234,6.0
102,99,235,6.0
102,99,236,6.0
102,99,237,0.0
102,99,238,6.0
102,99,239,6.0
102,99,240,6.0
102,99,241,5.0
102,99,242,6.0
102,99,243,6.0
102,99,244,5.0
102,99,245,6.0
102,99,246,6.0
102,99,247,0.0
102,99,248,-0.0
102,99,249,0.0
102,99,250,6.0
102,99,251,-0.0
102,99,252,6.0
102,99,253,6.0
102,99,254,0.0
102,99,255,0.0
102,99,256,-0.0
102,99,257,0.0
102,99,258,6.0
102,99,259,-0.0
102,99,260,6.0
102,99,261,-0.0
102,99,262,-0.0
102,99,263,6.0
102,99,264,0.0
102,99,265,2.0
102,99,266,6.0
102,99,267,6.0
102,99,268,-0.0
102,99,269,6.0
102,99,270,6.0
102,99,271,-0.0
102,99,272,6.0
102,99,273,1.0
102,99,274,-0.0
102,99,275,6.0
102,99,276,-0.0
102,99,277,0.0
102,99,278,-0.0
102,99,279,-0.0
102,99,280,0.0
102,99,281,-0.0
102,99,282,-0.0
102,99,283,-0.0
102,99,284,-0.0
102,99,285,0.0
102,99,286,6.0
102,99,287,-0.0
102,99,288,-0.0
102,99,289,-0.0
102,99,290,0.0
102,99,291,0.0
102,99,292,6.0
102,99,293,0.0
102,99,294,-0.0
102,99,295,6.0
102,99,296,-0.0
102,99,297,1.0
102,99,298,4.0
102,99,299,-0.0
102,99,300,0.0
102,99,301,6.0
102,99,302,6.0
102,99,303,5.0
102,99,304,6.0
102,99,305,0.0
102,99,306,0.0
102,99,307,0.0
102,99,308,-0.0
102,99,309,-0.0
102,99,310,0.0
102,99,311,0.0
102,99,312,0.0
102,99,313,6.0
102,99,314,6.0
102,99,315,6.0
102,99,316,0.0
102,99,317,-0.0
102,99,318,-0.0
102,99,319,-0.0
102,99,320,6.0
102,99,321,6.0
102,99,322,-0.0
102,99,323,0.0
102,99,324,-0.0
102,99,325,0.0
102,99,326,-0.0
102,99,327,-0.0
102,99,328,1.0
102,99,329,0.0
102,99,330,-0.0
102,99,331,6.0
102,99,332,-0.0
102,99,333,6.0
102,99,334,0.0
102,99,335,0.0
102,99,336,6.0
102,99,337,0.0
102,99,338,6.0
102,99,339,-0.0
102,99,340,-0.0
102,99,341,-0.0
102,99,342,6.0
102,99,343,6.0
102,99,344,6.0
102,99,345,6.0
102,99,346,0.0
102,99,347,5.0
102,99,348,-0.0
102,99,349,6.0
102,99,350,6.0
102,99,351,6.0
102,99,352,0.0
102,99,353,6.0
102,99,354,6.0
102,99,355,6.0
102,99,356,6.0
102,99,357,6.0
102,99,358,-0.0
102,99,359,-0.0
102,99,360,-0.0
63,62,0,0.0
63,62,1,0.0
63,62,2,0.0
63,62,3,0.0
63,62,4,0.0
63,62,5,0.0
63,62,6,0.0
63,62,7,0.0
63,62,8,0.0
63,62,9,0.0
63,62,10,0.0
63,62,11,0.0
63,62,12,0.0
63,62,13,0.0
63,62,14,0.0
63,62,15,0.0
63,62,16,0.0
63,62,17,0.0
63,62,18,0.0
63,62,19,0.0
63,62,20,0.0
63,62,21,0.0
63,62,22,-0.0
63,62,23,0.0
63,62,24,0.0
63,62,25,0.0
63,62,26,0.0
63,62,27,0.0
63,62,28,0.0
63,62,29,0.0
63,62,30,0.0
63,62,31,0.0
63,62,32,0.0
63,62,33,0.0
63,62,34,0.0
63,62,35,0.0
63,62,36,0.0
63,62,37,0.0
63,62,38,0.0
63,62,39,0.0
63,62,40,-0.0
63,62,41,0.0
63,62,42,0.0
63,62,43,0.0
63,62,44,0.0
63,62,45,0.0
63,62,46,0.0
63,62,47,0.0
63,62,48,0.0
63,62,49,0.0
63,62,50,0.0
63,62,51,0.0
63,62,52,0.0
63,62,53,0.0
63,62,54,0.0
63,62,55,0.0
63,62,56,0.0
63,62,57,0.0
63,62,58,0.0
63,62,59,0.0
63,62,60,0.0
63,62,61,0.0
63,62,62,0.0
63,62,63,0.0
63,62,64,0.0
63,62,65,0.0
63,62,66,0.0
63,62,67,0.0
63,62,68,0.0
63,62,69,0.0
63,62,70,0.0
63,62,71,0.0
63,62,72,0.0
63,62,73,0.0
63,62,74,0.0
63,62,75,0.0
63,62,76,-0.0
63,62,77,0.0
63,62,78,0.0
63,62,79,0.0
63,62,80,0.0
63,62,81,0.0
63,62,82,0.0
63,62,83,0.0
63,62,84,0.0
63,62,85,0.0
63,62,86,0.0
63,62,87,0.0
63,62,88,0.0
63,62,89,0.0
63,62,90,0.0
63,62,91,0.0
63,62,92,0.0
63,62,93,0.0
63,62,94,0.0
63,62,95,0.0
63,62,96,0.0
63,62,97,0.0
63,62,98,0.0
63,62,99,0.0
63,62,100,0.0
63,62,101,0.0
63,62,102,0.0
63,62,103,0.0
63,62,104,0.0
63,62,105,0.0
63,62,106,0.0
63,62,107,0.0
63,62,108,0.0
63,62,109,0.0
63,62,110,0.0
63,62,111,0.0
63,62,112,0.0
63,62,113,0.0
63,62,114,0.0
63,62,115,0.0
63,62,116,0.0
63,62,117,0.0
63,62,118,0.0
63,62,119,0.0
63,62,120,0.0
63,62,121,0.0
63,62,122,0.0
63,62,123,0.0
63,62,124,0.0
63,62,125,0.0
63,62,126,0.0
63,62,127,0.0
63,62,128,0.0
63,62,129,0.0
63,62,130,0.0
63,62,131,0.0
63,62,132,0.0
63,62,133,0.0
63,62,134,0.0
63,62,135,0.0
63,62,136,0.0
63,62,137,0.0
63,62,138,0.0
63,62,139,0.0
63,62,140,0.0
63,62,141,0.0
63,62,142,0.0
63,62,143,-0.0
63,62,144,0.0
63,62,145,-0.0
63,62,146,0.0
63,62,147,0.0
63,62,148,0.0
63,62,149,0.0
63,62,150,0.0
63,62,151,0.0
63,62,152,0.0
63,62,153,0.0
63,62,154,0.0
63,62,155,0.0
63,62,156,0.0
63,62,157,0.0
63,62,158,0.0
63,62,159,0.0
63,62,160,0.0
63,62,161,0.0
63,62,162,0.0
63,62,163,0.0
63,62,164,0.0
63,62,165,0.0
63,62,166,0.0
63,62,167,0.0
63,62,168,0.0
63,62,169,0.0
63,62,170,0.0
63,62,171,0.0
63,62,172,0.0
63,62,173,0.0
63,62,174,-0.0
63,62,175,0.0
63,62,176,0.0
63,62,177,0.0
63,62,178,0.0
63,62,179,-0.0
63,62,180,0.0
63,62,181,0.0
63,62,182,0.0
63,62,183,-0.0
63,62,184,0.0
63,62,185,0.0
63,62,186,0.0
63,62,187,0.0
63,62,188,0.0
63,62,189,0.0
63,62,190,0.0
63,62,191,0.0
63,62,192,-0.0
63,62,193,0.0
63,62,194,0.0
63,62,195,0.0
63,62,196,0.0
63,62,197,0.0
63,62,198,0.0
63,62,199,0.0
63,62,200,0.0
63,62,201,0.0
63,62,202,0.0
63,62,203,0.0
63,62,204,0.0
63,62,205,0.0
63,62,206,0.0
63,62,207,0.0
63,62,208,0.0
63,62,209,0.0
63,62,210,0.0
63,62,211,0.0
63,62,212,0.0
63,62,213,0.0
63,62,214,0.0
63,62,215,0.0
63,62,216,0.0
63,62,217,0.0
63,62,218,0.0
63,62,219,0.0
63,62,220,0.0
63,62,221,0.0
63,62,222,0.0
63,62,223,0.0
63,62,224,0.0
63,62,225,0.0
63,62,226,0.0
63,62,227,0.0
63,62,228,0.0
63,62,229,0.0
63,62,230,0.0
63,62,231,0.0
63,62,232,0.0
63,62,233,0.0
63,62,234,0.0
63,62,235,0.0
63,62,236,0.0
63,62,237,0.0
63,62,238,0.0
63,62,239,0.0
63,62,240,0.0
63,62,241,0.0
63,62,242,0.0
63,62,243,0.0
63,62,244,0.0
63,62,245,0.0
63,62,246,0.0
63,62,247,0.0
63,62,248,0.0
63,62,249,0.0
63,62,250,0.0
63,62,251,0.0
63,62,252,0.0
63,62,253,0.0
63,62,254,0.0
63,62,255,0.0
63,62,256,0.0
63,62,257,0.0
63,62,258,0.0
63,62,259,0.0
63,62,260,0.0
63,62,261,0.0
63,62,262,0.0
63,62,263,0.0
63,62,264,0.0
63,62,265,0.0
63,62,266,0.0
63,62,267,0.0
63,62,268,0.0
63,62,269,0.0
63,62,270,0.0
63,62,271,0.0
63,62,272,0.0
63,62,273,0.0
63,62,274,0.0
63,62,275,0.0
63,62,276,0.0
63,62,277,0.0
63,62,278,0.0
63,62,279,0.0
63,62,280,0.0
63,62,281,0.0
63,62,282,0.0
63,62,283,0.0
63,62,284,0.0
63,62,285,0.0
63,62,286,0.0
63,62,287,0.0
63,62,288,-0.0
63,62,289,0.0
63,62,290,0.0
63,62,291,0.0
63,62,292,0.0
63,62,293,0.0
63,62,294,0.0
63,62,295,0.0
63,62,296,-0.0
63,62,297,0.0
63,62,298,0.0
63,62,299,0.0
63,62,300,0.0
63,62,301,0.0
63,62,302,0.0
63,62,303,0.0
63,62,304,0.0
63,62,305,0.0
63,62,306,0.0
63,62,307,0.0
63,62,308,0.0
63,62,309,0.0
63,62,310,0.0
63,62,311,0.0
63,62,312,0.0
63,62,313,0.0
63,62,314,0.0
63,62,315,0.0
63,62,316,0.0
63,62,317,0.0
63,62,318,0.0
63,62,319,0.0
63,62,320,0.0
63,62,321,0.0
63,62,322,0.0
63,62,323,0.0
63,62,324,0.0
63,62,325,-0.0
63,62,326,0.0
63,62,327,0.0
63,62,328,0.0
63,62,329,-0.0
63,62,330,0.0
63,62,331,0.0
63,62,332,0.0
63,62,333,0.0
63,62,334,0.0
63,62,335,0.0
63,62,336,0.0
63,62,337,0.0
63,62,338,0.0
63,62,339,0.0
63,62,340,0.0
63,62,341,0.0
63,62,342,0.0
63,62,343,0.0
63,62,344,0.0
63,62,345,0.0
63,62,346,0.0
63,62,347,0.0
63,62,348,0.0
63,62,349,0.0
63,62,350,0.0
63,62,351,0.0
63,62,352,0.0
63,62,353,0.0
63,62,354,0.0
63,62,355,0.0
63,62,356,0.0
63,62,357,0.0
63,62,358,0.0
63,62,359,-0.0
63,62,360,-0.0
94,95,0,0.0
94,95,1,3.0
94,95,2,0.0
94,95,3,0.0
94,95,4,0.0
94,95,5,0.0
94,95,6,0.0
94,95,7,0.0
94,95,8,0.0
94,95,9,0.0
94,95,10,0.0
94,95,11,0.0
94,95,12,0.0
94,95,13,0.0
94,95,14,0.0
94,95,15,0.0
94,95,16,0.0
94,95,17,0.0
94,95,18,0.0
94,95,19,0.0
94,95,20,0.0
94,95,21,0.0
94,95,22,0.0
94,95,23,0.0
94,95,24,0.0
94,95,25,0.0
94,95,26,0.0
94,95,27,0.0
94,95,28,0.0
94,95,29,2.0
94,95,30,0.0
94,95,31,0.0
94,95,32,2.0
94,95,33,0.0
94,95,34,0.0
94,95,35,0.0
94,95,36,0.0
94,95,37,0.0
94,95,38,0.0
94,95,39,0.0
94,95,40,0.0
94,95,41,0.0
94,95,42,2.0
94,95,43,0.0
94,95,44,0.0
94,95,45,0.0
94,95,46,0.0
94,95,47,0.0
94,95,48,0.0
94,95,49,0.0
94,95,50,0.0
94,95,51,0.0
94,95,52,0.0
94,95,53,0.0
94,95,54,0.0
94,95,55,0.0
94,95,56,0.0
94,95,57,0.0
94,95,58,0.0
94,95,59,0.0
94,95,60,0.0
94,95,61,0.0
94,95,62,0.0
94,95,63,0.0
94,95,64,0.0
94,95,65,0.0
94,95,66,0.0
94,95,67,0.0
94,95,68,0.0
94,95,69,0.0
94,95,70,3.0
94,95,71,0.0
94,95,72,0.0
94,95,73,0.0
94,95,74,0.0
94,95,75,0.0
94,95,76,0.0
94,95,77,0.0
94,95,78,0.0
94,95,79,0.0
94,95,80,0.0
94,95,81,0.0
94,95,82,1.0
94,95,83,0.0
94,95,84,0.0
94,95,85,0.0
94,95,86,0.0
94,95,87,0.0
94,95,88,0.0
94,95,89,0.0
94,95,90,0.0
94,95,91,0.0
94,95,92,0.0
94,95,93,0.0
94,95,94,0.0
94,95,95,0.0
94,95,96,0.0
94,95,97,0.0
94,95,98,0.0
94,95,99,1.0
94,95,100,0.0
94,95,101,0.0
94,95,102,0.0
94,95,103,0.0
94,95,104,1.0
94,95,105,0.0
94,95,106,0.0
94,95,107,0.0
94,95,108,0.0
94,95,109,0.0
94,95,110,0.0
94,95,111,0.0
94,95,112,0.0
94,95,113,0.0
94,95,114,2.0
94,95,115,0.0
94,95,116,0.0
94,95,117,0.0
94,95,118,0.0
94,95,119,1.0
94,95,120,0.0
94,95,121,0.0
94,95,122,0.0
94,95,123,0.0
94,95,124,0.0
94,95,125,0.0
94,95,126,0.0
94,95,127,0.0
94,95,128,0.0
94,95,129,1.0
94,95,130,0.0
94,95,131,0.0
94,95,132,0.0
94,95,133,0.0
94,95,134,0.0
94,95,135,0.0
94,95,136,0.0
94,95,137,0.0
94,95,138,0.0
94,95,139,0.0
94,95,140,0.0
94,95,141,0.0
94,95,142,0.0
94,95,143,0.0
94,95,144,0.0
94,95,145,0.0
94,95,146,0.0
94,95,147,2.0
94,95,148,0.0
94,95,149,0.0
94,95,150,0.0
94,95,151,0.0
94,95,152,0.0
94,95,153,0.0
94,95,154,0.0
94,95,155,0.0
94,95,156,0.0
94,95,157,0.0
94,95,158,0.0
94,95,159,0.0
94,95,160,0.0
94,95,161,0.0
94,95,162,0.0
94,95,163,0.0
94,95,164,1.0
94,95,165,0.0
94,95,166,0.0
94,95,167,3.0
94,95,168,0.0
94,95,169,0.0
94,95,170,0.0
94,95,171,0.0
94,95,172,0.0
94,95,173,0.0
94,95,174,0.0
94,95,175,3.0
94,95,176,2.0
94,95,177,1.0
94,95,178,0.0
94,95,179,0.0
94,95,180,0.0
94,95,181,0.0
94,95,182,0.0
94,95,183,0.0
94,95,184,0.0
94,95,185,0.0
94,95,186,0.0
94,95,187,0.0
94,95,188,0.0
94,95,189,0.0
94,95,190,0.0
94,95,191,0.0
94,95,192,0.0
94,95,193,0.0
94,95,194,1.0
94,95,195,3.0
94,95,196,0.0
94,95,197,0.0
94,95,198,0.0
94,95,199,0.0
94,95,200,0.0
94,95,201,0.0
94,95,202,0.0
94,95,203,0.0
94,95,204,0.0
94,95,205,0.0
94,95,206,0.0
94,95,207,0.0
94,95,208,3.0
94,95,209,0.0
94,95,210,0.0
94,95,211,0.0
94,95,212,0.0
94,95,213,0.0
94,95,214,0.0
94,95,215,0.0
94,95,216,0.0
94,95,217,0.0
94,95,218,0.0
94,95,219,0.0
94,95,220,0.0
94,95,221,0.0
94,95,222,0.0
94,95,223,0.0
94,95,224,0.0
94,95,225,0.0
94,95,226,0.0
94,95,227,0.0
94,95,228,0.0
94,95,229,0.0
94,95,230,0.0
94,95,231,0.0
94,95,232,0.0
94,95,233,0.0
94,95,234,0.0
94,95,235,0.0
94,95,236,0.0
94,95,237,0.0
94,95,238,0.0
94,95,239,0.0
94,95,240,0.0
94,95,241,0.0
94,95,242,0.0
94,95,243,0.0
94,95,244,0.0
94,95,245,0.0
94,95,246,0.0
94,95,247,1.0
94,95,248,0.0
94,95,249,3.0
94,95,250,0.0
94,95,251,0.0
94,95,252,0.0
94,95,253,0.0
94,95,254,0.0
94,95,255,0.0
94,95,256,0.0
94,95,257,0.0
94,95,258,0.0
94,95,259,0.0
94,95,260,0.0
94,95,261,0.0
94,95,262,0.0
94,95,263,0.0
94,95,264,0.0
94,95,265,0.0
94,95,266,0.0
94,95,267,0.0
94,95,268,0.0
94,95,269,0.0
94,95,270,0.0
94,95,271,0.0
94,95,272,0.0
94,95,273,0.0
94,95,274,0.0
94,95,275,0.0
94,95,276,0.0
94,95,277,3.0
94,95,278,0.0
94,95,279,0.0
94,95,280,0.0
94,95,281,0.0
94,95,282,0.0
94,95,283,0.0
94,95,284,0.0
94,95,285,0.0
94,95,286,0.0
94,95,287,0.0
94,95,288,0.0
94,95,289,0.0
94,95,290,0.0
94,95,291,0.0
94,95,292,0.0
94,95,293,0.0
94,95,294,0.0
94,95,295,0.0
94,95,296,0.0
94,95,297,0.0
94,95,298,0.0
94,95,299,2.0
94,95,300,0.0
94,95,301,0.0
94,95,302,0.0
94,95,303,0.0
94,95,304,0.0
94,95,305,0.0
94,95,306,0.0
94,95,307,2.0
94,95,308,0.0
94,95,309,0.0
94,95,310,0.0
94,95,311,0.0
94,95,312,0.0
94,95,313,0.0
94,95,314,0.0
94,95,315,0.0
94,95,316,0.0
94,95,317,0.0
94,95,318,0.0
94,95,319,0.0
94,95,320,0.0
94,95,321,0.0
94,95,322,0.0
94,95,323,0.0
94,95,324,0.0
94,95,325,0.0
94,95,326,0.0
94,95,327,0.0
94,95,328,2.0
94,95,329,0.0
94,95,330,2.0
94,95,331,0.0
94,95,332,0.0
94,95,333,0.0
94,95,334,0.0
94,95,335,0.0
94,95,336,0.0
94,95,337,0.0
94,95,338,0.0
94,95,339,0.0
94,95,340,0.0
94,95,341,0.0
94,95,342,2.0
94,95,343,0.0
94,95,344,0.0
94,95,345,0.0
94,95,346,0.0
94,95,347,2.0
94,95,348,0.0
94,95,349,0.0
94,95,350,2.0
94,95,351,0.0
94,95,352,0.0
94,95,353,0.0
94,95,354,2.0
94,95,355,2.0
94,95,356,0.0
94,95,357,0.0
94,95,358,0.0
94,95,359,-0.0
94,95,360,-0.0
110,112,0,0.0
110,112,1,6.0
110,112,2,5.0
110,112,3,6.0
110,112,4,6.0
110,112,5,6.0
110,112,6,6.0
110,112,7,6.0
110,112,8,0.0
110,112,9,0.0
110,112,10,0.0
110,112,11,0.0
110,112,12,0.0
110,112,13,0.0
110,112,14,0.0
110,112,15,0.0
110,112,16,0.0
110,112,17,0.0
110,112,18,0.0
110,112,19,0.0
110,112,20,5.0
110,112,21,6.0
110,112,22,0.0
110,112,23,5.0
110,112,24,6.0
110,112,25,0.0
110,112,26,6.0
110,112,27,5.0
110,112,28,6.0
110,112,29,6.0
110,112,30,0.0
110,112,31,6.0
110,112,32,0.0
110,112,33,6.0
110,112,34,6.0
110,112,35,6.0
110,112,36,0.0
110,112,37,6.0
110,112,38,0.0
110,112,39,6.0
110,112,40,6.0
110,112,41,6.0
110,112,42,3.0
110,112,43,6.0
110,112,44,6.0
110,112,45,6.0
110,112,46,5.0
110,112,47,6.0
110,112,48,0.0
110,112,49,6.0
110,112,50,1.0
110,112,51,5.0
110,112,52,6.0
110,112,53,4.0
110,112,54,6.0
110,112,55,5.0
110,112,56,6.0
110,112,57,6.0
110,112,58,6.0
110,112,59,6.0
110,112,60,6.0
110,112,61,6.0
110,112,62,6.0
110,112,63,6.0
110,112,64,6.0
110,112,65,6.0
110,112,66,6.0
110,112,67,6.0
110,112,68,6.0
110,112,69,0.0
110,112,70,0.0
110,112,71,0.0
110,112,72,6.0
110,112,73,0.0
110,112,74,6.0
110,112,75,6.0
110,112,76,6.0
110,112,77,0.0
110,112,78,6.0
110,112,79,5.0
110,112,80,6.0
110,112,81,5.0
110,112,82,0.0
110,112,83,5.0
110,112,84,0.0
110,112,85,0.0
110,112,86,5.0
110,112,87,6.0
110,112,88,0.0
110,112,89,6.0
110,112,90,6.0
110,112,91,0.0
110,112,92,5.0
110,112,93,6.0
110,112,94,6.0
110,112,95,6.0
110,112,96,0.0
110,112,97,6.0
110,112,98,5.0
110,112,99,0.0
110,112,100,3.0
110,112,101,6.0
110,112,102,0.0
110,112,103,6.0
110,112,104,6.0
110,112,105,6.0
110,112,106,6.0
110,112,107,6.0
110,112,108,6.0
110,112,109,0.0
110,112,110,6.0
110,112,111,0.0
110,112,112,0.0
110,112,113,0.0
110,112,114,0.0
110,112,115,6.0
110,112,116,6.0
110,112,117,6.0
110,112,118,6.0
110,112,119,6.0
110,112,120,6.0
110,112,121,6.0
110,112,122,0.0
110,112,123,6.0
110,112,124,6.0
110,112,125,6.0
110,112,126,6.0
110,112,127,6.0
110,112,128,6.0
110,112,129,6.0
110,112,130,6.0
110,112,131,0.0
110,112,132,6.0
110,112,133,0.0
110,112,134,6.0
110,112,135,6.0
110,112,136,6.0
110,112,137,6.0
110,112,138,5.0
110,112,139,6.0
110,112,140,6.0
110,112,141,0.0
110,112,142,6.0
110,112,143,6.0
110,112,144,5.0
110,112,145,6.0
110,112,146,6.0
110,112,147,0.0
110,112,148,6.0
110,112,149,6.0
110,112,150,6.0
110,112,151,0.0
110,112,152,5.0
110,112,153,6.0
110,112,154,6.0
110,112,155,0.0
110,112,156,6.0
110,112,157,6.0
110,112,158,6.0
110,112,159,0.0
110,112,160,6.0
110,112,161,6.0
110,112,162,6.0
110,112,163,5.0
110,112,164,0.0
110,112,165,6.0
110,112,166,6.0
110,112,167,6.0
110,112,168,6.0
110,112,169,5.0
110,112,170,6.0
110,112,171,0.0
110,112,172,6.0
110,112,173,0.0
110,112,174,6.0
110,112,175,6.0
110,112,176,6.0
110,112,177,6.0
110,112,178,0.0
110,112,179,0.0
110,112,180,5.0
110,112,181,0.0
110,112,182,6.0
110,112,183,0.0
110,112,184,6.0
110,112,185,5.0
110,112,186,0.0
110,112,187,0.0
110,112,188,6.0
110,112,189,6.0
110,112,190,6.0
110,112,191,5.0
110,112,192,0.0
110,112,193,0.0
110,112,194,6.0
110,112,195,0.0
110,112,196,6.0
110,112,197,1.0
110,112,198,6.0
110,112,199,0.0
110,112,200,6.0
110,112,201,0.0
110,112,202,6.0
110,112,203,6.0
110,112,204,3.0
110,112,205,0.0
110,112,206,6.0
110,112,207,6.0
110,112,208,6.0
110,112,209,0.0
110,112,210,6.0
110,112,211,5.0
110,112,212,6.0
110,112,213,5.0
110,112,214,6.0
110,112,215,0.0
110,112,216,6.0
110,112,217,6.0
110,112,218,6.0
110,112,219,5.0
110,112,220,6.0
110,112,221,0.0
110,112,222,6.0
110,112,223,0.0
110,112,224,6.0
110,112,225,6.0
110,112,226,6.0
110,112,227,6.0
110,112,228,6.0
110,112,229,5.0
110,112,230,6.0
110,112,231,0.0
110,112,232,6.0
110,112,233,6.0
110,112,234,6.0
110,112,235,0.0
110,112,236,6.0
110,112,237,6.0
110,112,238,6.0
110,112,239,6.0
110,112,240,6.0
110,112,241,6.0
110,112,242,0.0
110,112,243,0.0
110,112,244,6.0
110,112,245,0.0
110,112,246,0.0
110,112,247,5.0
110,112,248,6.0
110,112,249,0.0
110,112,250,0.0
110,112,251,5.0
110,112,252,6.0
110,112,253,0.0
110,112,254,6.0
110,112,255,0.0
110,112,256,5.0
110,112,257,6.0
110,112,258,6.0
110,112,259,6.0
110,112,260,5.0
110,112,261,6.0
110,112,262,6.0
110,112,263,6.0
110,112,264,5.0
110,112,265,0.0
110,112,266,6.0
110,112,267,0.0
110,112,268,6.0
110,112,269,5.0
110,112,270,6.0
110,112,271,6.0
110,112,272,6.0
110,112,273,6.0
110,112,274,6.0
110,112,275,6.0
110,112,276,0.0
110,112,277,6.0
110,112,278,6.0
110,112,279,0.0
110,112,280,5.0
110,112,281,6.0
110,112,282,5.0
110,112,283,0.0
110,112,284,6.0
110,112,285,6.0
110,112,286,6.0
110,112,287,0.0
110,112,288,6.0
110,112,289,6.0
110,112,290,5.0
110,112,291,0.0
110,112,292,0.0
110,112,293,6.0
110,112,294,0.0
110,112,295,6.0
110,112,296,5.0
110,112,297,6.0
110,112,298,6.0
110,112,299,0.0
110,112,300,5.0
110,112,301,0.0
110,112,302,0.0
110,112,303,6.0
110,112,304,6.0
110,112,305,6.0
110,112,306,6.0
110,112,307,6.0
110,112,308,6.0
110,112,309,5.0
110,112,310,0.0
110,112,311,0.0
110,112,312,5.0
110,112,313,6.0
110,112,314,5.0
110,112,315,6.0
110,112,316,6.0
110,112,317,6.0
110,112,318,6.0
110,112,319,6.0
110,112,320,0.0
110,112,321,6.0
110,112,322,5.0
110,112,323,6.0
110,112,324,5.0
110,112,325,6.0
110,112,326,6.0
110,112,327,6.0
110,112,328,6.0
110,112,329,6.0
110,112,330,0.0
110,112,331,6.0
110,112,332,6.0
110,112,333,5.0
110,112,334,0.0
110,112,335,0.0
110,112,336,6.0
110,112,337,6.0
110,112,338,6.0
110,112,339,6.0
110,112,340,6.0
110,112,341,0.0
110,112,342,5.0
110,112,343,6.0
110,112,344,6.0
110,112,345,6.0
110,112,346,0.0
110,112,347,6.0
110,112,348,6.0
110,112,349,6.0
110,112,350,0.0
110,112,351,6.0
110,112,352,6.0
110,112,353,5.0
110,112,354,6.0
110,112,355,5.0
110,112,356,0.0
110,112,357,6.0
110,112,358,0.0
110,112,359,-0.0
110,112,360,-0.0
73,72,0,0.0
73,72,1,0.0
73,72,2,-0.0
73,72,3,-0.0
73,72,4,0.0
73,72,5,0.0
73,72,6,0.0
73,72,7,0.0
73,72,8,0.0
73,72,9,0.0
73,72,10,0.0
73,72,11,0.0
73,72,12,-0.0
73,72,13,-0.0
73,72,14,-0.0
73,72,15,0.0
73,72,16,0.0
73,72,17,0.0
73,72,18,0.0
73,72,19,0.0
73,72,20,0.0
73,72,21,0.0
73,72,22,0.0
73,72,23,0.0
73,72,24,0.0
73,72,25,0.0
73,72,26,0.0
73,72,27,0.0
73,72,28,0.0
73,72,29,0.0
73,72,30,0.0
73,72,31,0.0
73,72,32,0.0
73,72,33,0.0
73,72,34,0.0
73,72,35,0.0
73,72,36,0.0
73,72,37,0.0
73,72,38,0.0
73,72,39,0.0
73,72,40,0.0
73,72,41,0.0
73,72,42,0.0
73,72,43,0.0
73,72,44,0.0
73,72,45,0.0
73,72,46,0.0
73,72,47,0.0
73,72,48,0.0
73,72,49,0.0
73,72,50,0.0
73,72,51,0.0
73,72,52,0.0
73,72,53,0.0
73,72,54,0.0
73,72,55,0.0
73,72,56,0.0
73,72,57,0.0
73,72,58,0.0
73,72,59,0.0
73,72,60,0.0
73,72,61,0.0
73,72,62,0.0
73,72,63,-0.0
73,72,64,0.0
73,72,65,0.0
73,72,66,0.0
73,72,67,0.0
73,72,68,0.0
73,72,69,0.0
73,72,70,0.0
73,72,71,0.0
73,72,72,0.0
73,72,73,0.0
73,72,74,0.0
73,72,75,0.0
73,72,76,0.0
73,72,77,0.0
73,72,78,0.0
73,72,79,0.0
73,72,80,0.0
73,72,81,0.0
73,72,82,0.0
73,72,83,0.0
73,72,84,0.0
73,72,85,0.0
73,72,86,0.0
73,72,87,0.0
73,72,88,0.0
73,72,89,0.0
73,72,90,0.0
73,72,91,0.0
73,72,92,0.0
73,72,93,0.0
73,72,94,0.0
73,72,95,0.0
73,72,96,0.0
73,72,97,-0.0
73,72,98,0.0
73,72,99,0.0
73,72,100,0.0
73,72,101,0.0
73,72,102,0.0
73,72,103,0.0
73,72,104,0.0
73,72,105,0.0
73,72,106,0.0
73,72,107,0.0
73,72,108,0.0
73,72,109,0.0
73,72,110,0.0
73,72,111,0.0
73,72,112,0.0
73,72,113,0.0
73,72,114,0.0
73,72,115,0.0
73,72,116,0.0
73,72,117,0.0
73,72,118,0.0
73,72,119,0.0
73,72,120,0.0
73,72,121,0.0
73,72,122,0.0
73,72,123,0.0
73,72,124,0.0
73,72,125,0.0
73,72,126,0.0
73,72,127,0.0
73,72,128,-0.0
73,72,129,0.0
73,72,130,0.0
73,72,131,0.0
73,72,132,0.0
73,72,133,-0.0
73,72,134,-0.0
73,72,135,-0.0
73,72,136,-0.0
73,72,137,0.0
73,72,138,0.0
73,72,139,0.0
73,72,140,0.0
73,72,141,0.0
73,72,142,0.0
73,72,143,0.0
73,72,144,0.0
73,72,145,0.0
73,72,146,0.0
73,72,147,0.0
73,72,148,0.0
73,72,149,0.0
73,72,150,0.0
73,72,151,0.0
73,72,152,0.0
73,72,153,0.0
73,72,154,0.0
73,72,155,0.0
73,72,156,0.0
73,72,157,0.0
73,72,158,0.0
73,72,159,0.0
73,72,160,0.0
73,72,161,0.0
73,72,162,0.0
73,72,163,0.0
73,72,164,0.0
73,72,165,0.0
73,72,166,0.0
73,72,167,0.0
73,72,168,0.0
73,72,169,0.0
73,72,170,0.0
73,72,171,0.0
73,72,172,0.0
73,72,173,0.0
73,72,174,0.0
73,72,175,0.0
73,72,176,0.0
73,72,177,0.0
73,72,178,0.0
73,72,179,0.0
73,72,180,-0.0
73,72,181,0.0
73,72,182,0.0
73,72,183,0.0
73,72,184,-0.0
73,72,185,0.0
73,72,186,0.0
73,72,187,0.0
73,72,188,0.0
73,72,189,0.0
73,72,190,0.0
73,72,191,0.0
73,72,192,0.0
73,72,193,0.0
73,72,194,0.0
73,72,195,0.0
73,72,196,0.0
73,72,197,0.0
73,72,198,0.0
73,72,199,0.0
73,72,200,0.0
73,72,201,0.0
73,72,202,0.0
73,72,203,0.0
73,72,204,0.0
73,72,205,0.0
73,72,206,0.0
73,72,207,0.0
73,72,208,-0.0
73,72,209,-0.0
73,72,210,-0.0
73,72,211,0.0
73,72,212,0.0
73,72,213,0.0
73,72,214,0.0
73,72,215,0.0
73,72,216,0.0
73,72,217,0.0
73,72,218,0.0
73,72,219,0.0
73,72,220,0.0
73,72,221,0.0
73,72,222,0.0
73,72,223,0.0
73,72,224,0.0
73,72,225,0.0
73,72,226,0.0
73,72,227,0.0
73,72,228,0.0
73,72,229,0.0
73,72,230,0.0
73,72,231,0.0
73,72,232,0.0
73,72,233,0.0
73,72,234,0.0
73,72,235,0.0
73,72,236,0.0
73,72,237,0.0
73,72,238,-0.0
73,72,239,0.0
73,72,240,0.0
73,72,241,0.0
73,72,242,0.0
73,72,243,0.0
73,72,244,0.0
73,72,245,0.0
73,72,246,0.0
73,72,247,0.0
73,72,248,0.0
73,72,249,0.0
73,72,250,0.0
73,72,251,0.0
73,72,252,0.0
73,72,253,0.0
73,72,254,0.0
73,72,255,0.0
73,72,256,0.0
73,72,257,0.0
73,72,258,0.0
73,72,259,0.0
73,72,260,0.0
73,72,261,-0.0
73,72,262,-0.0
73,72,263,-0.0
73,72,264,0.0
73,72,265,-0.0
73,72,266,-0.0
73,72,267,-0.0
73,72,268,0.0
73,72,269,-0.0
73,72,270,0.0
73,72,271,0.0
73,72,272,0.0
73,72,273,0.0
73,72,274,0.0
73,72,275,0.0
73,72,276,0.0
73,72,277,0.0
73,72,278,0.0
73,72,279,0.0
73,72,280,0.0
73,72,281,-0.0
73,72,282,0.0
73,72,283,0.0
73,72,284,0.0
73,72,285,0.0
73,72,286,0.0
73,72,287,0.0
73,72,288,0.0
73,72,289,0.0
73,72,290,0.0
73,72,291,0.0
73,72,292,0.0
73,72,293,0.0
73,72,294,0.0
73,72,295,0.0
73,72,296,0.0
73,72,297,0.0
73,72,298,0.0
73,72,299,0.0
73,72,300,0.0
73,72,301,0.0
73,72,302,0.0
73,72,303,0.0
73,72,304,0.0
73,72,305,-0.0
73,72,306,0.0
73,72,307,0.0
73,72,308,0.0
73,72,309,0.0
73,72,310,0.0
73,72,311,0.0
73,72,312,0.0
73,72,313,0.0
73,72,314,0.0
73,72,315,0.0
73,72,316,0.0
73,72,317,0.0
73,72,318,0.0
73,72,319,0.0
73,72,320,0.0
73,72,321,-0.0
73,72,322,-0.0
73,72,323,-0.0
73,72,324,-0.0
73,72,325,0.0
73,72,326,0.0
73,72,327,0.0
73,72,328,0.0
73,72,329,0.0
73,72,330,0.0
73,72,331,0.0
73,72,332,0.0
73,72,333,-0.0
73,72,334,0.0
73,72,335,0.0
73,72,336,0.0
73,72,337,0.0
73,72,338,0.0
73,72,339,0.0
73,72,340,0.0
73,72,341,0.0
73,72,342,0.0
73,72,343,0.0
73,72,344,0.0
73,72,345,0.0
73,72,346,0.0
73,72,347,0.0
73,72,348,0.0
73,72,349,0.0
73,72,350,0.0
73,72,351,0.0
73,72,352,0.0
73,72,353,0.0
73,72,354,0.0
73,72,355,0.0
73,72,356,0.0
73,72,357,0.0
73,72,358,0.0
73,72,359,-0.0
73,72,360,-0.0
120,50,0,0.0
120,50,1,0.0
120,50,2,0.0
120,50,3,0.0
120,50,4,0.0
120,50,5,0.0
120,50,6,0.0
120,50,7,0.0
120,50,8,0.0
120,50,9,0.0
120,50,10,0.0
120,50,11,-0.0
120,50,12,0.0
120,50,13,0.0
120,50,14,0.0
120,50,15,0.0
120,50,16,0.0
120,50,17,0.0
120,50,18,0.0
120,50,19,0.0
120,50,20,0.0
120,50,21,0.0
120,50,22,0.0
120,50,23,-0.0
120,50,24,-0.0
120,50,25,0.0
120,50,26,0.0
120,50,27,0.0
120,50,28,0.0
120,50,29,0.0
120,50,30,0.0
120,50,31,0.0
120,50,32,0.0
120,50,33,0.0
120,50,34,0.0
120,50,35,0.0
120,50,36,0.0
120,50,37,0.0
120,50,38,0.0
120,50,39,0.0
120,50,40,0.0
120,50,41,0.0
120,50,42,0.0
120,50,43,0.0
120,50,44,-0.0
120,50,45,0.0
120,50,46,0.0
120,50,47,0.0
120,50,48,0.0
120,50,49,0.0
120,50,50,0.0
120,50,51,-0.0
120,50,52,-0.0
120,50,53,0.0
120,50,54,0.0
120,50,55,0.0
120,50,56,0.0
120,50,57,-0.0
120,50,58,0.0
120,50,59,0.0
120,50,60,0.0
120,50,61,0.0
120,50,62,0.0
120,50,63,0.0
120,50,64,0.0
120,50,65,0.0
120,50,66,0.0
120,50,67,-0.0
120,50,68,0.0
120,50,69,0.0
120,50,70,0.0
120,50,71,0.0
120,50,72,0.0
120,50,73,-0.0
120,50,74,0.0
120,50,75,0.0
120,50,76,0.0
120,50,77,0.0
120,50,78,0.0
120,50,79,0.0
120,50,80,0.0
120,50,81,0.0
120,50,82,0.0
120,50,83,0.0
120,50,84,0.0
120,50,85,-0.0
120,50,86,0.0
120,50,87,0.0
120,50,88,0.0
120,50,89,0.0
120,50,90,0.0
120,50,91,0.0
120,50,92,0.0
120,50,93,0.0
120,50,94,0.0
120,50,95,0.0
120,50,96,0.0
120,50,97,0.0
120,50,98,0.0
120,50,99,0.0
120,50,100,0.0
120,50,101,0.0
120,50,102,0.0
120,50,103,0.0
120,50,104,0.0
120,50,105,0.0
120,50,106,0.0
120,50,107,0.0
120,50,108,0.0
120,50,109,0.0
120,50,110,0.0
120,50,111,0.0
120,50,112,0.0
120,50,113,0.0
120,50,114,0.0
120,50,115,0.0
120,50,116,0.0
120,50,117,0.0
120,50,118,0.0
120,50,119,0.0
120,50,120,0.0
120,50,121,0.0
120,50,122,0.0
120,50,123,0.0
120,50,124,0.0
120,50,125,0.0
120,50,126,0.0
120,50,127,0.0
120,50,128,0.0
120,50,129,0.0
120,50,130,0.0
120,50,131,0.0
120,50,132,0.0
120,50,133,0.0
120,50,134,0.0
120,50,135,0.0
120,50,136,0.0
120,50,137,0.0
120,50,138,-0.0
120,50,139,0.0
120,50,140,0.0
120,50,141,0.0
120,50,142,0.0
120,50,143,0.0
120,50,144,0.0
120,50,145,0.0
120,50,146,0.0
120,50,147,0.0
120,50,148,0.0
120,50,149,0.0
120,50,150,0.0
120,50,151,0.0
120,50,152,0.0
120,50,153,0.0
120,50,154,-0.0
120,50,155,0.0
120,50,156,0.0
120,50,157,0.0
120,50,158,0.0
120,50,159,0.0
120,50,160,0.0
120,50,161,0.0
120,50,162,0.0
120,50,163,-0.0
120,50,164,-0.0
120,50,165,0.0
120,50,166,0.0
120,50,167,0.0
120,50,168,0.0
120,50,169,0.0
120,50,170,0.0
120,50,171,0.0
120,50,172,0.0
120,50,173,-0.0
120,50,174,-0.0
120,50,175,0.0
120,50,176,0.0
120,50,177,0.0
120,50,178,0.0
120,50,179,0.0
120,50,180,0.0
120,50,181,0.0
120,50,182,0.0
120,50,183,0.0
120,50,184,0.0
120,50,185,0.0
120,50,186,0.0
120,50,187,0.0
120,50,188,0.0
120,50,189,0.0
120,50,190,0.0
120,50,191,0.0
120,50,192,-0.0
120,50,193,0.0
120,50,194,0.0
120,50,195,-0.0
120,50,196,0.0
120,50,197,0.0
120,50,198,0.0
120,50,199,0.0
120,50,200,0.0
120,50,201,0.0
120,50,202,0.0
120,50,203,0.0
120,50,204,0.0
120,50,205,0.0
120,50,206,0.0
120,50,207,0.0
120,50,208,0.0
120,50,209,0.0
120,50,210,0.0
120,50,211,0.0
120,50,212,0.0
120,50,213,0.0
120,50,214,0.0
120,50,215,0.0
120,50,216,0.0
120,50,217,0.0
120,50,218,-0.0
120,50,219,0.0
120,50,220,-0.0
120,50,221,-0.0
120,50,222,0.0
120,50,223,0.0
120,50,224,-0.0
120,50,225,0.0
120,50,226,-0.0
120,50,227,-0.0
120,50,228,-0.0
120,50,229,0.0
120,50,230,0.0
120,50,231,0.0
120,50,232,0.0
120,50,233,0.0
120,50,234,-0.0
120,50,235,-0.0
120,50,236,-0.0
120,50,237,-0.0
120,50,238,-0.0
120,50,239,0.0
120,50,240,0.0
120,50,241,0.0
120,50,242,-0.0
120,50,243,0.0
120,50,244,0.0
120,50,245,0.0
120,50,246,0.0
120,50,247,0.0
120,50,248,0.0
120,50,249,-0.0
120,50,250,-0.0
120,50,251,0.0
120,50,252,0.0
120,50,253,0.0
120,50,254,0.0
120,50,255,0.0
120,50,256,0.0
120,50,257,0.0
120,50,258,0.0
120,50,259,0.0
120,50,260,0.0
120,50,261,0.0
120,50,262,-0.0
120,50,263,0.0
120,50,264,0.0
120,50,265,0.0
120,50,266,0.0
120,50,267,0.0
120,50,268,0.0
120,50,269,-0.0
120,50,270,0.0
120,50,271,-0.0
120,50,272,0.0
120,50,273,0.0
120,50,274,0.0
120,50,275,0.0
120,50,276,0.0
120,50,277,0.0
120,50,278,0.0
120,50,279,0.0
120,50,280,0.0
120,50,281,0.0
120,50,282,0.0
120,50,283,0.0
120,50,284,0.0
120,50,285,0.0
120,50,286,0.0
120,50,287,0.0
120,50,288,0.0
120,50,289,0.0
120,50,290,0.0
120,50,291,0.0
120,50,292,0.0
120,50,293,0.0
120,50,294,0.0
120,50,295,0.0
120,50,296,0.0
120,50,297,0.0
120,50,298,0.0
120,50,299,0.0
120,50,300,0.0
120,50,301,0.0
120,50,302,0.0
120,50,303,0.0
120,50,304,0.0
120,50,305,0.0
120,50,306,0.0
120,50,307,0.0
120,50,308,0.0
120,50,309,0.0
120,50,310,0.0
120,50,311,-0.0
120,50,312,0.0
120,50,313,0.0
120,50,314,0.0
120,50,315,-0.0
120,50,316,0.0
120,50,317,0.0
120,50,318,0.0
120,50,319,0.0
120,50,320,0.0
120,50,321,0.0
120,50,322,0.0
120,50,323,0.0
120,50,324,0.0
120,50,325,-0.0
120,50,326,-0.0
120,50,327,0.0
120,50,328,0.0
120,50,329,0.0
120,50,330,0.0
120,50,331,0.0
120,50,332,0.0
120,50,333,0.0
120,50,334,0.0
120,50,335,0.0
120,50,336,0.0
120,50,337,0.0
120,50,338,0.0
120,50,339,0.0
120,50,340,0.0
120,50,341,0.0
120,50,342,0.0
120,50,343,0.0
120,50,344,0.0
120,50,345,0.0
120,50,346,0.0
120,50,347,0.0
120,50,348,0.0
120,50,349,0.0
120,50,350,0.0
120,50,351,0.0
120,50,352,0.0
120,50,353,0.0
120,50,354,0.0
120,50,355,0.0
120,50,356,0.0
120,50,357,0.0
120,50,358,-0.0
120,50,359,-0.0
120,50,360,-0.0
5,111,0,0.0
5,111,1,0.0
5,111,2,0.0
5,111,3,0.0
5,111,4,0.0
5,111,5,-0.0
5,111,6,-0.0
5,111,7,0.0
5,111,8,0.0
5,111,9,0.0
5,111,10,0.0
5,111,11,0.0
5,111,12,0.0
5,111,13,0.0
5,111,14,0.0
5,111,15,0.0
5,111,16,0.0
5,111,17,0.0
5,111,18,0.0
5,111,19,-0.0
5,111,20,0.0
5,111,21,0.0
5,111,22,0.0
5,111,23,0.0
5,111,24,-0.0
5,111,25,0.0
5,111,26,0.0
5,111,27,0.0
5,111,28,0.0
5,111,29,0.0
5,111,30,0.0
5,111,31,0.0
5,111,32,0.0
5,111,33,0.0
5,111,34,0.0
5,111,35,0.0
5,111,36,0.0
5,111,37,0.0
5,111,38,0.0
5,111,39,0.0
5,111,40,0.0
5,111,41,0.0
5,111,42,0.0
5,111,43,0.0
5,111,44,0.0
5,111,45,0.0
5,111,46,0.0
5,111,47,0.0
5,111,48,0.0
5,111,49,0.0
5,111,50,0.0
5,111,51,-0.0
5,111,52,0.0
5,111,53,0.0
5,111,54,0.0
5,111,55,0.0
5,111,56,0.0
5,111,57,0.0
5,111,58,0.0
5,111,59,0.0
5,111,60,0.0
5,111,61,0.0
5,111,62,-0.0
5,111,63,-0.0
5,111,64,0.0
5,111,65,0.0
5,111,66,0.0
5,111,67,0.0
5,111,68,0.0
5,111,69,-0.0
5,111,70,0.0
5,111,71,0.0
5,111,72,0.0
5,111,73,0.0
5,111,74,0.0
5,111,75,0.0
5,111,76,0.0
5,111,77,0.0
5,111,78,0.0
5,111,79,0.0
5,111,80,0.0
5,111,81,0.0
5,111,82,0.0
5,111,83,0.0
5,111,84,0.0
5,111,85,0.0
5,111,86,0.0
5,111,87,0.0
5,111,88,0.0
5,111,89,0.0
5,111,90,0.0
5,111,91,0.0
5,111,92,0.0
5,111,93,0.0
5,111,94,0.0
5,111,95,0.0
5,111,96,0.0
5,111,97,0.0
5,111,98,0.0
5,111,99,0.0
5,111,100,0.0
5,111,101,0.0
5,111,102,0.0
5,111,103,0.0
5,111,104,0.0
5,111,105,0.0
5,111,106,0.0
5,111,107,0.0
5,111,108,0.0
5,111,109,0.0
5,111,110,0.0
5,111,111,0.0
5,111,112,0.0
5,111,113,0.0
5,111,114,0.0
5,111,115,0.0
5,111,116,0.0
5,111,117,0.0
5,111,118,0.0
5,111,119,0.0
5,111,120,0.0
5,111,121,0.0
5,111,122,0.0
5,111,123,0.0
5,111,124,-0.0
5,111,125,0.0
5,111,126,0.0
5,111,127,0.0
5,111,128,0.0
5,111,129,0.0
5,111,130,0.0
5,111,131,0.0
5,111,132,0.0
5,111,133,0.0
5,111,134,0.0
5,111,135,0.0
5,111,136,0.0
5,111,137,0.0
5,111,138,0.0
5,111,139,0.0
5,111,140,0.0
5,111,141,0.0
5,111,142,0.0
5,111,143,0.0
5,111,144,-0.0
5,111,145,0.0
5,111,146,0.0
5,111,147,0.0
5,111,148,0.0
5,111,149,-0.0
5,111,150,0.0
5,111,151,0.0
5,111,152,0.0
5,111,153,0.0
5,111,154,0.0
5,111,155,0.0
5,111,156,0.0
5,111,157,0.0
5,111,158,0.0
5,111,159,0.0
5,111,160,0.0
5,111,161,0.0
5,111,162,0.0
5,111,163,-0.0
5,111,164,0.0
5,111,165,0.0
5,111,166,0.0
5,111,167,0.0
5,111,168,-0.0
5,111,169,-0.0
5,111,170,0.0
5,111,171,0.0
5,111,172,0.0
5,111,173,0.0
5,111,174,0.0
5,111,175,0.0
5,111,176,0.0
5,111,177,0.0
5,111,178,-0.0
5,111,179,0.0
5,111,180,0.0
5,111,181,0.0
5,111,182,0.0
5,111,183,0.0
5,111,184,0.0
5,111,185,-0.0
5,111,186,0.0
5,111,187,0.0
5,111,188,0.0
5,111,189,0.0
5,111,190,0.0
5,111,191,0.0
5,111,192,0.0
5,111,193,0.0
5,111,194,0.0
5,111,195,0.0
5,111,196,0.0
5,111,197,0.0
5,111,198,0.0
5,111,199,0.0
5,111,200,-0.0
5,111,201,0.0
5,111,202,0.0
5,111,203,0.0
5,111,204,0.0
5,111,205,0.0
5,111,206,0.0
5,111,207,0.0
5,111,208,0.0
5,111,209,0.0
5,111,210,-0.0
5,111,211,0.0
5,111,212,0.0
5,111,213,-0.0
5,111,214,0.0
5,111,215,0.0
5,111,216,0.0
5,111,217,-0.0
5,111,218,0.0
5,111,219,-0.0
5,111,220,0.0
5,111,221,0.0
5,111,222,0.0
5,111,223,0.0
5,111,224,0.0
5,111,225,-0.0
5,111,226,-0.0
5,111,227,0.0
5,111,228,-0.0
5,111,229,0.0
5,111,230,0.0
5,111,231,-0.0
5,111,232,0.0
5,111,233,0.0
5,111,234,0.0
5,111,235,-0.0
5,111,236,-0.0
5,111,237,0.0
5,111,238,-0.0
5,111,239,-0.0
5,111,240,-0.0
5,111,241,0.0
5,111,242,0.0
5,111,243,0.0
5,111,244,0.0
5,111,245,-0.0
5,111,246,-0.0
5,111,247,-0.0
5,111,248,-0.0
5,111,249,0.0
5,111,250,0.0
5,111,251,0.0
5,111,252,0.0
5,111,253,0.0
5,111,254,0.0
5,111,255,-0.0
5,111,256,-0.0
5,111,257,-0.0
5,111,258,0.0
5,111,259,-0.0
5,111,260,-0.0
5,111,261,-0.0
5,111,262,0.0
5,111,263,0.0
5,111,264,0.0
5,111,265,0.0
5,111,266,0.0
5,111,267,0.0
5,111,268,0.0
5,111,269,0.0
5,111,270,-0.0
5,111,271,0.0
5,111,272,-0.0
5,111,273,-0.0
5,111,274,-0.0
5,111,275,0.0
5,111,276,0.0
5,111,277,0.0
5,111,278,0.0
5,111,279,0.0
5,111,280,-0.0
5,111,281,0.0
5,111,282,0.0
5,111,283,-0.0
5,111,284,-0.0
5,111,285,-0.0
5,111,286,0.0
5,111,287,-0.0
5,111,288,-0.0
5,111,289,-0.0
5,111,290,-0.0
5,111,291,-0.0
5,111,292,-0.0
5,111,293,-0.0
5,111,294,0.0
5,111,295,-0.0
5,111,296,0.0
5,111,297,0.0
5,111,298,0.0
5,111,299,-0.0
5,111,300,-0.0
5,111,301,-0.0
5,111,302,-0.0
5,111,303,0.0
5,111,304,-0.0
5,111,305,-0.0
5,111,306,-0.0
5,111,307,-0.0
5,111,308,-0.0
5,111,309,-0.0
5,111,310,-0.0
5,111,311,0.0
5,111,312,0.0
5,111,313,-0.0
5,111,314,0.0
5,111,315,0.0
5,111,316,0.0
5,111,317,-0.0
5,111,318,0.0
5,111,319,-0.0
5,111,320,-0.0
5,111,321,0.0
5,111,322,-0.0
5,111,323,-0.0
5,111,324,-0.0
5,111,325,-0.0
5,111,326,-0.0
5,111,327,-0.0
5,111,328,-0.0
5,111,329,0.0
5,111,330,0.0
5,111,331,0.0
5,111,332,0.0
5,111,333,0.0
5,111,334,-0.0
5,111,335,0.0
5,111,336,0.0
5,111,337,0.0
5,111,338,0.0
5,111,339,0.0
5,111,340,0.0
5,111,341,0.0
5,111,342,-0.0
5,111,343,-0.0
5,111,344,-0.0
5,111,345,-0.0
5,111,346,-0.0
5,111,347,0.0
5,111,348,-0.0
5,111,349,-0.0
5,111,350,-0.0
5,111,351,-0.0
5,111,352,-0.0
5,111,353,-0.0
5,111,354,-0.0
5,111,355,0.0
5,111,356,0.0
5,111,357,0.0
5,111,358,0.0
5,111,359,-0.0
5,111,360,-0.0
3,59,0,0.0
3,59,1,0.0
3,59,2,0.0
3,59,3,0.0
3,59,4,0.0
3,59,5,0.0
3,59,6,0.0
3,59,7,0.0
3,59,8,0.0
3,59,9,0.0
3,59,10,5.0
3,59,11,0.0
3,59,12,0.0
3,59,13,5.0
3,59,14,0.0
3,59,15,0.0
3,59,16,6.0
3,59,17,5.0
3,59,18,0.0
3,59,19,0.0
3,59,20,0.0
3,59,21,0.0
3,59,22,6.0
3,59,23,0.0
3,59,24,5.0
3,59,25,0.0
3,59,26,5.0
3,59,27,0.0
3,59,28,0.0
3,59,29,5.0
3,59,30,0.0
3,59,31,0.0
3,59,32,0.0
3,59,33,0.0
3,59,34,5.0
3,59,35,0.0
3,59,36,0.0
3,59,37,0.0
3,59,38,5.0
3,59,39,0.0
3,59,40,0.0
3,59,41,0.0
3,59,42,0.0
3,59,43,0.0
3,59,44,0.0
3,59,45,0.0
3,59,46,0.0
3,59,47,0.0
3,59,48,0.0
3,59,49,5.0
3,59,50,0.0
3,59,51,5.0
3,59,52,5.0
3,59,53,0.0
3,59,54,0.0
3,59,55,0.0
3,59,56,0.0
3,59,57,0.0
3,59,58,0.0
3,59,59,1.0
3,59,60,6.0
3,59,61,0.0
3,59,62,0.0
3,59,63,0.0
3,59,64,0.0
3,59,65,0.0
3,59,66,0.0
3,59,67,6.0
3,59,68,0.0
3,59,69,3.0
3,59,70,0.0
3,59,71,0.0
3,59,72,0.0
3,59,73,0.0
3,59,74,0.0
3,59,75,0.0
3,59,76,0.0
3,59,77,6.0
3,59,78,5.0
3,59,79,1.0
3,59,80,0.0
3,59,81,5.0
3,59,82,5.0
3,59,83,6.0
3,59,84,0.0
3,59,85,4.0
3,59,86,0.0
3,59,87,-0.0
3,59,88,0.0
3,59,89,0.0
3,59,90,5.0
3,59,91,6.0
3,59,92,0.0
3,59,93,0.0
3,59,94,0.0
3,59,95,0.0
3,59,96,0.0
3,59,97,0.0
3,59,98,5.0
3,59,99,0.0
3,59,100,0.0
3,59,101,4.0
3,59,102,5.0
3,59,103,0.0
3,59,104,0.0
3,59,105,6.0
3,59,106,0.0
3,59,107,6.0
3,59,108,0.0
3,59,109,0.0
3,59,110,0.0
3,59,111,5.0
3,59,112,6.0
3,59,113,0.0
3,59,114,6.0
3,59,115,0.0
3,59,116,0.0
3,59,117,0.0
3,59,118,5.0
3,59,119,0.0
3,59,120,0.0
3,59,121,5.0
3,59,122,0.0
3,59,123,0.0
3,59,124,0.0
3,59,125,0.0
3,59,126,0.0
3,59,127,6.0
3,59,128,5.0
3,59,129,0.0
3,59,130,0.0
3,59,131,0.0
3,59,132,0.0
3,59,133,0.0
3,59,134,0.0
3,59,135,0.0
3,59,136,0.0
3,59,137,0.0
3,59,138,0.0
3,59,139,0.0
3,59,140,0.0
3,59,141,0.0
3,59,142,0.0
3,59,143,0.0
3,59,144,0.0
3,59,145,0.0
3,59,146,0.0
3,59,147,5.0
3,59,148,5.0
3,59,149,0.0
3,59,150,0.0
3,59,151,4.0
3,59,152,0.0
3,59,153,0.0
3,59,154,0.0
3,59,155,0.0
3,59,156,0.0
3,59,157,0.0
3,59,158,0.0
3,59,159,0.0
3,59,160,6.0
3,59,161,0.0
3,59,162,0.0
3,59,163,0.0
3,59,164,0.0
3,59,165,0.0
3,59,166,0.0
3,59,167,0.0
3,59,168,0.0
3,59,169,0.0
3,59,170,0.0
3,59,171,0.0
3,59,172,0.0
3,59,173,0.0
3,59,174,3.0
3,59,175,0.0
3,59,176,0.0
3,59,177,0.0
3,59,178,0.0
3,59,179,0.0
3,59,180,0.0
3,59,181,5.0
3,59,182,0.0
3,59,183,5.0
3,59,184,0.0
3,59,185,0.0
3,59,186,6.0
3,59,187,6.0
3,59,188,0.0
3,59,189,0.0
3,59,190,0.0
3,59,191,0.0
3,59,192,0.0
3,59,193,5.0
3,59,194,0.0
3,59,195,0.0
3,59,196,0.0
3,59,197,0.0
3,59,198,0.0
3,59,199,0.0
3,59,200,5.0
3,59,201,5.0
3,59,202,0.0
3,59,203,0.0
3,59,204,0.0
3,59,205,0.0
3,59,206,5.0
3,59,207,0.0
3,59,208,6.0
3,59,209,4.0
3,59,210,0.0
3,59,211,0.0
3,59,212,0.0
3,59,213,0.0
3,59,214,5.0
3,59,215,5.0
3,59,216,0.0
3,59,217,0.0
3,59,218,0.0
3,59,219,0.0
3,59,220,0.0
3,59,221,0.0
3,59,222,0.0
3,59,223,0.0
3,59,224,0.0
3,59,225,0.0
3,59,226,0.0
3,59,227,0.0
3,59,228,0.0
3,59,229,0.0
3,59,230,0.0
3,59,231,0.0
3,59,232,0.0
3,59,233,0.0
3,59,234,6.0
3,59,235,0.0
3,59,236,0.0
3,59,237,0.0
3,59,238,5.0
3,59,239,6.0
3,59,240,0.0
3,59,241,0.0
3,59,242,0.0
3,59,243,0.0
3,59,244,5.0
3,59,245,0.0
3,59,246,0.0
3,59,247,0.0
3,59,248,0.0
3,59,249,0.0
3,59,250,0.0
3,59,251,0.0
3,59,252,0.0
3,59,253,0.0
3,59,254,0.0
3,59,255,0.0
3,59,256,6.0
3,59,257,0.0
3,59,258,0.0
3,59,259,6.0
3,59,260,5.0
3,59,261,0.0
3,59,262,0.0
3,59,263,6.0
3,59,264,5.0
3,59,265,6.0
3,59,266,5.0
3,59,267,0.0
3,59,268,0.0
3,59,269,6.0
3,59,270,5.0
3,59,271,0.0
3,59,272,0.0
3,59,273,0.0
3,59,274,0.0
3,59,275,0.0
3,59,276,3.0
3,59,277,6.0
3,59,278,0.0
3,59,279,0.0
3,59,280,0.0
3,59,281,0.0
3,59,282,0.0
3,59,283,0.0
3,59,284,0.0
3,59,285,0.0
3,59,286,-0.0
3,59,287,0.0
3,59,288,0.0
3,59,289,0.0
3,59,290,0.0
3,59,291,0.0
3,59,292,0.0
3,59,293,0.0
3,59,294,0.0
3,59,295,-0.0
3,59,296,5.0
3,59,297,5.0
3,59,298,0.0
3,59,299,5.0
3,59,300,5.0
3,59,301,0.0
3,59,302,0.0
3,59,303,5.0
3,59,304,0.0
3,59,305,0.0
3,59,306,0.0
3,59,307,5.0
3,59,308,0.0
3,59,309,0.0
3,59,310,0.0
3,59,311,0.0
3,59,312,0.0
3,59,313,0.0
3,59,314,6.0
3,59,315,6.0
3,59,316,0.0
3,59,317,6.0
3,59,318,0.0
3,59,319,0.0
3,59,320,5.0
3,59,321,0.0
3,59,322,0.0
3,59,323,0.0
3,59,324,6.0
3,59,325,5.0
3,59,326,2.0
3,59,327,0.0
3,59,328,0.0
3,59,329,0.0
3,59,330,0.0
3,59,331,0.0
3,59,332,0.0
3,59,333,0.0
3,59,334,0.0
3,59,335,0.0
3,59,336,6.0
3,59,337,0.0
3,59,338,6.0
3,59,339,0.0
3,59,340,6.0
3,59,341,0.0
3,59,342,5.0
3,59,343,0.0
3,59,344,0.0
3,59,345,5.0
3,59,346,0.0
3,59,347,0.0
3,59,348,5.0
3,59,349,0.0
3,59,350,5.0
3,59,351,0.0
3,59,352,5.0
3,59,353,0.0
3,59,354,0.0
3,59,355,0.0
3,59,356,0.0
3,59,357,0.0
3,59,358,0.0
3,59,359,-0.0
3,59,360,-0.0
23,7,0,0.0
23,7,1,0.0
23,7,2,0.0
23,7,3,0.0
23,7,4,0.0
23,7,5,-0.0
23,7,6,0.0
23,7,7,-0.0
23,7,8,-0.0
23,7,9,-0.0
23,7,10,-0.0
23,7,11,-0.0
23,7,12,0.0
23,7,13,-0.0
23,7,14,-0.0
23,7,15,-0.0
23,7,16,-0.0
23,7,17,-0.0
23,7,18,-0.0
23,7,19,0.0
23,7,20,0.0
23,7,21,0.0
23,7,22,-0.0
23,7,23,-0.0
23,7,24,-0.0
23,7,25,-0.0
23,7,26,-0.0
23,7,27,-0.0
23,7,28,-0.0
23,7,29,-0.0
23,7,30,-0.0
23,7,31,-0.0
23,7,32,-0.0
23,7,33,-0.0
23,7,34,0.0
23,7,35,-0.0
23,7,36,-0.0
23,7,37,-0.0
23,7,38,0.0
23,7,39,-0.0
23,7,40,-0.0
23,7,41,-0.0
23,7,42,-0.0
23,7,43,0.0
23,7,44,0.0
23,7,45,0.0
23,7,46,-0.0
23,7,47,0.0
23,7,48,-0.0
23,7,49,-0.0
23,7,50,-0.0
23,7,51,-0.0
23,7,52,-0.0
23,7,53,-0.0
23,7,54,-0.0
23,7,55,-0.0
23,7,56,-0.0
23,7,57,0.0
23,7,58,0.0
23,7,59,-0.0
23,7,60,-0.0
23,7,61,-0.0
23,7,62,-0.0
23,7,63,-0.0
23,7,64,0.0
23,7,65,-0.0
23,7,66,-0.0
23,7,67,-0.0
23,7,68,-0.0
23,7,69,-0.0
23,7,70,-0.0
23,7,71,-0.0
23,7,72,0.0
23,7,73,-0.0
23,7,74,-0.0
23,7,75,-0.0
23,7,76,-0.0
23,7,77,-0.0
23,7,78,0.0
23,7,79,0.0
23,7,80,-0.0
23,7,81,-0.0
23,7,82,-0.0
23,7,83,-0.0
23,7,84,-0.0
23,7,85,-0.0
23,7,86,-0.0
23,7,87,0.0
23,7,88,-0.0
23,7,89,-0.0
23,7,90,0.0
23,7,91,-0.0
23,7,92,-0.0
23,7,93,-0.0
23,7,94,0.0
23,7,95,0.0
23,7,96,-0.0
23,7,97,0.0
23,7,98,-0.0
23,7,99,-0.0
23,7,100,-0.0
23,7,101,0.0
23,7,102,-0.0
23,7,103,-0.0
23,7,104,-0.0
23,7,105,-0.0
23,7,106,-0.0
23,7,107,-0.0
23,7,108,-0.0
23,7,109,-0.0
23,7,110,-0.0
23,7,111,0.0
23,7,112,-0.0
23,7,113,-0.0
23,7,114,-0.0
23,7,115,-0.0
23,7,116,-0.0
23,7,117,-0.0
23,7,118,0.0
23,7,119,0.0
23,7,120,0.0
23,7,121,-0.0
23,7,122,-0.0
23,7,123,-0.0
23,7,124,-0.0
23,7,125,-0.0
23,7,126,-0.0
23,7,127,-0.0
23,7,128,-0.0
23,7,129,-0.0
23,7,130,-0.0
23,7,131,-0.0
23,7,132,-0.0
23,7,133,-0.0
23,7,134,-0.0
23,7,135,-0.0
23,7,136,-0.0
23,7,137,-0.0
23,7,138,-0.0
23,7,139,-0.0
23,7,140,-0.0
23,7,141,-0.0
23,7,142,-0.0
23,7,143,-0.0
23,7,144,-0.0
23,7,145,-0.0
23,7,146,-0.0
23,7,147,-0.0
23,7,148,-0.0
23,7,149,-0.0
23,7,150,-0.0
23,7,151,-0.0
23,7,152,0.0
23,7,153,0.0
23,7,154,-0.0
23,7,155,-0.0
23,7,156,-0.0
23,7,157,-0.0
23,7,158,-0.0
23,7,159,-0.0
23,7,160,-0.0
23,7,161,0.0
23,7,162,0.0
23,7,163,-0.0
23,7,164,-0.0
23,7,165,-0.0
23,7,166,-0.0
23,7,167,-0.0
23,7,168,-0.0
23,7,169,-0.0
23,7,170,-0.0
23,7,171,-0.0
23,7,172,0.0
23,7,173,-0.0
23,7,174,-0.0
23,7,175,-0.0
23,7,176,-0.0
23,7,177,-0.0
23,7,178,-0.0
23,7,179,-0.0
23,7,180,-0.0
23,7,181,-0.0
23,7,182,-0.0
23,7,183,-0.0
23,7,184,-0.0
23,7,185,-0.0
23,7,186,-0.0
23,7,187,-0.0
23,7,188,-0.0
23,7,189,-0.0
23,7,190,-0.0
23,7,191,-0.0
23,7,192,-0.0
23,7,193,-0.0
23,7,194,-0.0
23,7,195,-0.0
23,7,196,-0.0
23,7,197,-0.0
23,7,198,-0.0
23,7,199,-0.0
23,7,200,-0.0
23,7,201,0.0
23,7,202,-0.0
23,7,203,-0.0
23,7,204,-0.0
23,7,205,-0.0
23,7,206,-0.0
23,7,207,-0.0
23,7,208,0.0
23,7,209,-0.0
23,7,210,0.0
23,7,211,-0.0
23,7,212,-0.0
23,7,213,-0.0
23,7,214,-0.0
23,7,215,-0.0
23,7,216,-0.0
23,7,217,-0.0
23,7,218,-0.0
23,7,219,-0.0
23,7,220,-0.0
23,7,221,-0.0
23,7,222,-0.0
23,7,223,-0.0
23,7,224,-0.0
23,7,225,-0.0
23,7,226,0.0
23,7,227,-0.0
23,7,228,-0.0
23,7,229,-0.0
23,7,230,-0.0
23,7,231,-0.0
23,7,232,-0.0
23,7,233,-0.0
23,7,234,0.0
23,7,235,0.0
23,7,236,0.0
23,7,237,-0.0
23,7,238,-0.0
23,7,239,-0.0
23,7,240,-0.0
23,7,241,-0.0
23,7,242,-0.0
23,7,243,-0.0
23,7,244,-0.0
23,7,245,-0.0
23,7,246,0.0
23,7,247,-0.0
23,7,248,0.0
23,7,249,-0.0
23,7,250,-0.0
23,7,251,0.0
23,7,252,0.0
23,7,253,-0.0
23,7,254,-0.0
23,7,255,-0.0
23,7,256,-0.0
23,7,257,-0.0
23,7,258,-0.0
23,7,259,-0.0
23,7,260,-0.0
23,7,261,-0.0
23,7,262,-0.0
23,7,263,-0.0
23,7,264,-0.0
23,7,265,-0.0
23,7,266,-0.0
23,7,267,-0.0
23,7,268,-0.0
23,7,269,-0.0
23,7,270,-0.0
23,7,271,0.0
23,7,272,-0.0
23,7,273,-0.0
23,7,274,-0.0
23,7,275,-0.0
23,7,276,-0.0
23,7,277,-0.0
23,7,278,-0.0
23,7,279,-0.0
23,7,280,-0.0
23,7,281,-0.0
23,7,282,-0.0
23,7,283,-0.0
23,7,284,0.0
23,7,285,0.0
23,7,286,-0.0
23,7,287,-0.0
23,7,288,-0.0
23,7,289,-0.0
23,7,290,-0.0
23,7,291,0.0
23,7,292,0.0
23,7,293,0.0
23,7,294,0.0
23,7,295,-0.0
23,7,296,-0.0
23,7,297,-0.0
23,7,298,-0.0
23,7,299,0.0
23,7,300,0.0
23,7,301,0.0
23,7,302,-0.0
23,7,303,-0.0
23,7,304,-0.0
23,7,305,-0.0
23,7,306,0.0
23,7,307,0.0
23,7,308,-0.0
23,7,309,-0.0
23,7,310,-0.0
23,7,311,-0.0
23,7,312,-0.0
23,7,313,-0.0
23,7,314,-0.0
23,7,315,-0.0
23,7,316,-0.0
23,7,317,-0.0
23,7,318,-0.0
23,7,319,-0.0
23,7,320,-0.0
23,7,321,-0.0
23,7,322,-0.0
23,7,323,-0.0
23,7,324,-0.0
23,7,325,-0.0
23,7,326,-0.0
23,7,327,-0.0
23,7,328,-0.0
23,7,329,0.0
23,7,330,0.0
23,7,331,-0.0
23,7,332,-0.0
23,7,333,-0.0
23,7,334,-0.0
23,7,335,-0.0
23,7,336,-0.0
23,7,337,-0.0
23,7,338,-0.0
23,7,339,-0.0
23,7,340,-0.0
23,7,341,-0.0
23,7,342,-0.0
23,7,343,-0.0
23,7,344,-0.0
23,7,345,-0.0
23,7,346,-0.0
23,7,347,-0.0
23,7,348,-0.0
23,7,349,0.0
23,7,350,-0.0
23,7,351,-0.0
23,7,352,-0.0
23,7,353,-0.0
23,7,354,-0.0
23,7,355,-0.0
23,7,356,-0.0
23,7,357,-0.0
23,7,358,-0.0
23,7,359,0.0
23,7,360,-0.0
18,20,0,0.0
18,20,1,0.0
18,20,2,-0.0
18,20,3,-0.0
18,20,4,-0.0
18,20,5,-0.0
18,20,6,-0.0
18,20,7,-0.0
18,20,8,0.0
18,20,9,-0.0
18,20,10,-0.0
18,20,11,-0.0
18,20,12,0.0
18,20,13,-0.0
18,20,14,-0.0
18,20,15,0.0
18,20,16,0.0
18,20,17,0.0
18,20,18,0.0
18,20,19,0.0
18,20,20,-0.0
18,20,21,-0.0
18,20,22,0.0
18,20,23,-0.0
18,20,24,-0.0
18,20,25,-0.0
18,20,26,-0.0
18,20,27,0.0
18,20,28,-0.0
18,20,29,-0.0
18,20,30,0.0
18,20,31,-0.0
18,20,32,0.0
18,20,33,-0.0
18,20,34,-0.0
18,20,35,-0.0
18,20,36,-0.0
18,20,37,-0.0
18,20,38,-0.0
18,20,39,-0.0
18,20,40,0.0
18,20,41,-0.0
18,20,42,-0.0
18,20,43,-0.0
18,20,44,-0.0
18,20,45,-0.0
18,20,46,-0.0
18,20,47,0.0
18,20,48,0.0
18,20,49,0.0
18,20,50,0.0
18,20,51,-0.0
18,20,52,-0.0
18,20,53,-0.0
18,20,54,-0.0
18,20,55,-0.0
18,20,56,-0.0
18,20,57,-0.0
18,20,58,0.0
18,20,59,0.0
18,20,60,0.0
18,20,61,-0.0
18,20,62,0.0
18,20,63,-0.0
18,20,64,0.0
18,20,65,-0.0
18,20,66,0.0
18,20,67,-0.0
18,20,68,-0.0
18,20,69,-0.0
18,20,70,-0.0
18,20,71,0.0
18,20,72,-0.0
18,20,73,0.0
18,20,74,-0.0
18,20,75,0.0
18,20,76,0.0
18,20,77,-0.0
18,20,78,0.0
18,20,79,-0.0
18,20,80,0.0
18,20,81,-0.0
18,20,82,-0.0
18,20,83,-0.0
18,20,84,-0.0
18,20,85,-0.0
18,20,86,-0.0
18,20,87,0.0
18,20,88,-0.0
18,20,89,-0.0
18,20,90,0.0
18,20,91,-0.0
18,20,92,0.0
18,20,93,-0.0
18,20,94,-0.0
18,20,95,0.0
18,20,96,0.0
18,20,97,0.0
18,20,98,0.0
18,20,99,-0.0
18,20,100,-0.0
18,20,101,0.0
18,20,102,0.0
18,20,103,-0.0
18,20,104,0.0
18,20,105,0.0
18,20,106,0.0
18,20,107,-0.0
18,20,108,0.0
18,20,109,0.0
18,20,110,0.0
18,20,111,-0.0
18,20,112,-0.0
18,20,113,0.0
18,20,114,-0.0
18,20,115,0.0
18,20,116,-0.0
18,20,117,-0.0
18,20,118,-0.0
18,20,119,-0.0
18,20,120,0.0
18,20,121,0.0
18,20,122,-0.0
18,20,123,-0.0
18,20,124,-0.0
18,20,125,-0.0
18,20,126,-0.0
18,20,127,-0.0
18,20,128,0.0
18,20,129,-0.0
18,20,130,0.0
18,20,131,0.0
18,20,132,0.0
18,20,133,-0.0
18,20,134,-0.0
18,20,135,-0.0
18,20,136,-0.0
18,20,137,-0.0
18,20,138,-0.0
18,20,139,0.0
18,20,140,-0.0
18,20,141,0.0
18,20,142,-0.0
18,20,143,-0.0
18,20,144,-0.0
18,20,145,-0.0
18,20,146,0.0
18,20,147,-0.0
18,20,148,-0.0
18,20,149,-0.0
18,20,150,-0.0
18,20,151,-0.0
18,20,152,-0.0
18,20,153,-0.0
18,20,154,-0.0
18,20,155,-0.0
18,20,156,-0.0
18,20,157,0.0
18,20,158,-0.0
18,20,159,-0.0
18,20,160,-0.0
18,20,161,-0.0
18,20,162,0.0
18,20,163,0.0
18,20,164,0.0
18,20,165,0.0
18,20,166,0.0
18,20,167,-0.0
18,20,168,-0.0
18,20,169,-0.0
18,20,170,0.0
18,20,171,-0.0
18,20,172,0.0
18,20,173,-0.0
18,20,174,0.0
18,20,175,-0.0
18,20,176,0.0
18,20,177,-0.0
18,20,178,-0.0
18,20,179,0.0
18,20,180,-0.0
18,20,181,-0.0
18,20,182,-0.0
18,20,183,-0.0
18,20,184,-0.0
18,20,185,-0.0
18,20,186,-0.0
18,20,187,-0.0
18,20,188,-0.0
18,20,189,0.0
18,20,190,-0.0
18,20,191,0.0
18,20,192,-0.0
18,20,193,-0.0
18,20,194,0.0
18,20,195,-0.0
18,20,196,-0.0
18,20,197,-0.0
18,20,198,0.0
18,20,199,-0.0
18,20,200,-0.0
18,20,201,-0.0
18,20,202,-0.0
18,20,203,0.0
18,20,204,0.0
18,20,205,0.0
18,20,206,0.0
18,20,207,-0.0
18,20,208,-0.0
18,20,209,-0.0
18,20,210,-0.0
18,20,211,-0.0
18,20,212,0.0
18,20,213,0.0
18,20,214,0.0
18,20,215,-0.0
18,20,216,0.0
18,20,217,-0.0
18,20,218,-0.0
18,20,219,0.0
18,20,220,0.0
18,20,221,-0.0
18,20,222,-0.0
18,20,223,0.0
18,20,224,-0.0
18,20,225,-0.0
18,20,226,-0.0
18,20,227,-0.0
18,20,228,0.0
18,20,229,-0.0
18,20,230,-0.0
18,20,231,-0.0
18,20,232,0.0
18,20,233,0.0
18,20,234,-0.0
18,20,235,-0.0
18,20,236,0.0
18,20,237,-0.0
18,20,238,-0.0
18,20,239,0.0
18,20,240,-0.0
18,20,241,0.0
18,20,242,-0.0
18,20,243,-0.0
18,20,244,-0.0
18,20,245,0.0
18,20,246,-0.0
18,20,247,-0.0
18,20,248,-0.0
18,20,249,-0.0
18,20,250,-0.0
18,20,251,-0.0
18,20,252,-0.0
18,20,253,-0.0
18,20,254,-0.0
18,20,255,-0.0
18,20,256,0.0
18,20,257,-0.0
18,20,258,-0.0
18,20,259,-0.0
18,20,260,-0.0
18,20,261,0.0
18,20,262,-0.0
18,20,263,-0.0
18,20,264,0.0
18,20,265,0.0
18,20,266,-0.0
18,20,267,0.0
18,20,268,-0.0
18,20,269,-0.0
18,20,270,0.0
18,20,271,-0.0
18,20,272,0.0
18,20,273,-0.0
18,20,274,0.0
18,20,275,-0.0
18,20,276,-0.0
18,20,277,-0.0
18,20,278,0.0
18,20,279,0.0
18,20,280,0.0
18,20,281,0.0
18,20,282,-0.0
18,20,283,-0.0
18,20,284,-0.0
18,20,285,0.0
18,20,286,0.0
18,20,287,0.0
18,20,288,-0.0
18,20,289,-0.0
18,20,290,0.0
18,20,291,-0.0
18,20,292,-0.0
18,20,293,-0.0
18,20,294,0.0
18,20,295,0.0
18,20,296,-0.0
18,20,297,0.0
18,20,298,-0.0
18,20,299,-0.0
18,20,300,-0.0
18,20,301,0.0
18,20,302,-0.0
18,20,303,0.0
18,20,304,-0.0
18,20,305,0.0
18,20,306,-0.0
18,20,307,-0.0
18,20,308,-0.0
18,20,309,0.0
18,20,310,0.0
18,20,311,-0.0
18,20,312,-0.0
18,20,313,-0.0
18,20,314,-0.0
18,20,315,-0.0
18,20,316,-0.0
18,20,317,0.0
18,20,318,-0.0
18,20,319,-0.0
18,20,320,0.0
18,20,321,0.0
18,20,322,0.0
18,20,323,0.0
18,20,324,-0.0
18,20,325,-0.0
18,20,326,-0.0
18,20,327,-0.0
18,20,328,-0.0
18,20,329,-0.0
18,20,330,0.0
18,20,331,0.0
18,20,332,0.0
18,20,333,-0.0
18,20,334,0.0
18,20,335,-0.0
18,20,336,0.0
18,20,337,0.0
18,20,338,-0.0
18,20,339,0.0
18,20,340,-0.0
18,20,341,0.0
18,20,342,-0.0
18,20,343,-0.0
18,20,344,0.0
18,20,345,-0.0
18,20,346,-0.0
18,20,347,-0.0
18,20,348,-0.0
18,20,349,-0.0
18,20,350,-0.0
18,20,351,-0.0
18,20,352,-0.0
18,20,353,-0.0
18,20,354,0.0
18,20,355,-0.0
18,20,356,-0.0
18,20,357,-0.0
18,20,358,0.0
18,20,359,-0.0
18,20,360,-0.0
59,58,0,0.0
59,58,1,0.0
59,58,2,0.0
59,58,3,0.0
59,58,4,0.0
59,58,5,0.0
59,58,6,0.0
59,58,7,0.0
59,58,8,0.0
59,58,9,0.0
59,58,10,0.0
59,58,11,5.0
59,58,12,0.0
59,58,13,0.0
59,58,14,5.0
59,58,15,0.0
59,58,16,0.0
59,58,17,6.0
59,58,18,5.0
59,58,19,0.0
59,58,20,0.0
59,58,21,0.0
59,58,22,0.0
59,58,23,6.0
59,58,24,0.0
59,58,25,5.0
59,58,26,0.0
59,58,27,5.0
59,58,28,0.0
59,58,29,0.0
59,58,30,5.0
59,58,31,0.0
59,58,32,0.0
59,58,33,0.0
59,58,34,0.0
59,58,35,5.0
59,58,36,0.0
59,58,37,0.0
59,58,38,0.0
59,58,39,5.0
59,58,40,0.0
59,58,41,0.0
59,58,42,0.0
59,58,43,0.0
59,58,44,0.0
59,58,45,0.0
59,58,46,0.0
59,58,47,0.0
59,58,48,0.0
59,58,49,0.0
59,58,50,5.0
59,58,51,0.0
59,58,52,5.0
59,58,53,5.0
59,58,54,0.0
59,58,55,0.0
59,58,56,0.0
59,58,57,0.0
59,58,58,0.0
59,58,59,0.0
59,58,60,1.0
59,58,61,6.0
59,58,62,0.0
59,58,63,0.0
59,58,64,0.0
59,58,65,0.0
59,58,66,0.0
59,58,67,0.0
59,58,68,6.0
59,58,69,0.0
59,58,70,3.0
59,58,71,0.0
59,58,72,0.0
59,58,73,0.0
59,58,74,0.0
59,58,75,0.0
59,58,76,0.0
59,58,77,0.0
59,58,78,6.0
59,58,79,5.0
59,58,80,1.0
59,58,81,0.0
59,58,82,5.0
59,58,83,5.0
59,58,84,6.0
59,58,85,0.0
59,58,86,4.0
59,58,87,0.0
59,58,88,0.0
59,58,89,0.0
59,58,90,0.0
59,58,91,5.0
59,58,92,6.0
59,58,93,0.0
59,58,94,0.0
59,58,95,0.0
59,58,96,0.0
59,58,97,0.0
59,58,98,0.0
59,58,99,5.0
59,58,100,0.0
59,58,101,0.0
59,58,102,4.0
59,58,103,5.0
59,58,104,0.0
59,58,105,0.0
59,58,106,6.0
59,58,107,0.0
59,58,108,6.0
59,58,109,0.0
59,58,110,0.0
59,58,111,0.0
59,58,112,5.0
59,58,113,6.0
59,58,114,0.0
59,58,115,6.0
59,58,116,0.0
59,58,117,0.0
59,58,118,0.0
59,58,119,5.0
59,58,120,0.0
59,58,121,0.0
59,58,122,5.0
59,58,123,0.0
59,58,124,0.0
59,58,125,0.0
59,58,126,0.0
59,58,127,0.0
59,58,128,6.0
59,58,129,5.0
59,58,130,0.0
59,58,131,0.0
59,58,132,0.0
59,58,133,0.0
59,58,134,0.0
59,58,135,0.0
59,58,136,0.0
59,58,137,0.0
59,58,138,0.0
59,58,139,0.0
59,58,140,0.0
59,58,141,0.0
59,58,142,0.0
59,58,143,0.0
59,58,144,0.0
59,58,145,0.0
59,58,146,0.0
59,58,147,0.0
59,58,148,5.0
59,58,149,5.0
59,58,150,0.0
59,58,151,0.0
59,58,152,4.0
59,58,153,0.0
59,58,154,0.0
59,58,155,0.0
59,58,156,0.0
59,58,157,0.0
59,58,158,0.0
59,58,159,0.0
59,58,160,0.0
59,58,161,6.0
59,58,162,0.0
59,58,163,0.0
59,58,164,0.0
59,58,165,0.0
59,58,166,0.0
59,58,167,0.0
59,58,168,0.0
59,58,169,0.0
59,58,170,0.0
59,58,171,0.0
59,58,172,0.0
59,58,173,0.0
59,58,174,0.0
59,58,175,3.0
59,58,176,0.0
59,58,177,0.0
59,58,178,0.0
59,58,179,0.0
59,58,180,0.0
59,58,181,0.0
59,58,182,5.0
59,58,183,0.0
59,58,184,5.0
59,58,185,0.0
59,58,186,0.0
59,58,187,6.0
59,58,188,6.0
59,58,189,0.0
59,58,190,0.0
59,58,191,0.0
59,58,192,0.0
59,58,193,0.0
59,58,194,5.0
59,58,195,0.0
59,58,196,0.0
59,58,197,0.0
59,58,198,0.0
59,58,199,0.0
59,58,200,0.0
59,58,201,5.0
59,58,202,5.0
59,58,203,0.0
59,58,204,0.0
59,58,205,0.0
59,58,206,0.0
59,58,207,5.0
59,58,208,0.0
59,58,209,6.0
59,58,210,4.0
59,58,211,0.0
59,58,212,0.0
59,58,213,0.0
59,58,214,0.0
59,58,215,5.0
59,58,216,5.0
59,58,217,0.0
59,58,218,0.0
59,58,219,0.0
59,58,220,0.0
59,58,221,0.0
59,58,222,0.0
59,58,223,0.0
59,58,224,0.0
59,58,225,0.0
59,58,226,0.0
59,58,227,0.0
59,58,228,0.0
59,58,229,0.0
59,58,230,0.0
59,58,231,0.0
59,58,232,0.0
59,58,233,0.0
59,58,234,0.0
59,58,235,6.0
59,58,236,0.0
59,58,237,0.0
59,58,238,0.0
59,58,239,5.0
59,58,240,6.0
59,58,241,0.0
59,58,242,0.0
59,58,243,0.0
59,58,244,0.0
59,58,245,5.0
59,58,246,0.0
59,58,247,0.0
59,58,248,0.0
59,58,249,0.0
59,58,250,0.0
59,58,251,0.0
59,58,252,0.0
59,58,253,0.0
59,58,254,0.0
59,58,255,0.0
59,58,256,0.0
59,58,257,6.0
59,58,258,0.0
59,58,259,0.0
59,58,260,6.0
59,58,261,5.0
59,58,262,0.0
59,58,263,0.0
59,58,264,6.0
59,58,265,5.0
59,58,266,6.0
59,58,267,5.0
59,58,268,0.0
59,58,269,0.0
59,58,270,6.0
59,58,271,5.0
59,58,272,0.0
59,58,273,0.0
59,58,274,0.0
59,58,275,0.0
59,58,276,0.0
59,58,277,3.0
59,58,278,6.0
59,58,279,0.0
59,58,280,0.0
59,58,281,0.0
59,58,282,0.0
59,58,283,0.0
59,58,284,0.0
59,58,285,0.0
59,58,286,0.0
59,58,287,0.0
59,58,288,0.0
59,58,289,0.0
59,58,290,0.0
59,58,291,0.0
59,58,292,0.0
59,58,293,0.0
59,58,294,0.0
59,58,295,0.0
59,58,296,0.0
59,58,297,5.0
59,58,298,5.0
59,58,299,0.0
59,58,300,5.0
59,58,301,5.0
59,58,302,0.0
59,58,303,0.0
59,58,304,5.0
59,58,305,0.0
59,58,306,0.0
59,58,307,0.0
59,58,308,5.0
59,58,309,0.0
59,58,310,0.0
59,58,311,0.0
59,58,312,0.0
59,58,313,0.0
59,58,314,0.0
59,58,315,6.0
59,58,316,6.0
59,58,317,0.0
59,58,318,6.0
59,58,319,0.0
59,58,320,0.0
59,58,321,5.0
59,58,322,0.0
59,58,323,0.0
59,58,324,0.0
59,58,325,6.0
59,58,326,5.0
59,58,327,2.0
59,58,328,0.0
59,58,329,0.0
59,58,330,0.0
59,58,331,0.0
59,58,332,0.0
59,58,333,0.0
59,58,334,0.0
59,58,335,0.0
59,58,336,0.0
59,58,337,6.0
59,58,338,0.0
59,58,339,6.0
59,58,340,0.0
59,58,341,6.0
59,58,342,0.0
59,58,343,5.0
59,58,344,0.0
59,58,345,0.0
59,58,346,5.0
59,58,347,0.0
59,58,348,0.0
59,58,349,5.0
59,58,350,0.0
59,58,351,5.0
59,58,352,0.0
59,58,353,5.0
59,58,354,0.0
59,58,355,0.0
59,58,356,0.0
59,58,357,0.0
59,58,358,0.0
59,58,359,-0.0
59,58,360,-0.0
81,88,0,0.0
81,88,1,0.0
81,88,2,0.0
81,88,3,0.0
81,88,4,0.0
81,88,5,0.0
81,88,6,-0.0
81,88,7,0.0
81,88,8,-0.0
81,88,9,-0.0
81,88,10,-0.0
81,88,11,-0.0
81,88,12,-0.0
81,88,13,-0.0
81,88,14,-0.0
81,88,15,-0.0
81,88,16,-0.0
81,88,17,-0.0
81,88,18,-0.0
81,88,19,-0.0
81,88,20,-0.0
81,88,21,0.0
81,88,22,-0.0
81,88,23,-0.0
81,88,24,-0.0
81,88,25,-0.0
81,88,26,-0.0
81,88,27,-0.0
81,88,28,-0.0
81,88,29,-0.0
81,88,30,-0.0
81,88,31,-0.0
81,88,32,0.0
81,88,33,0.0
81,88,34,-0.0
81,88,35,-0.0
81,88,36,0.0
81,88,37,-0.0
81,88,38,0.0
81,88,39,-0.0
81,88,40,-0.0
81,88,41,-0.0
81,88,42,-0.0
81,88,43,-0.0
81,88,44,-0.0
81,88,45,-0.0
81,88,46,-0.0
81,88,47,-0.0
81,88,48,-0.0
81,88,49,-0.0
81,88,50,-0.0
81,88,51,0.0
81,88,52,0.0
81,88,53,0.0
81,88,54,-0.0
81,88,55,0.0
81,88,56,0.0
81,88,57,-0.0
81,88,58,-0.0
81,88,59,-0.0
81,88,60,-0.0
81,88,61,0.0
81,88,62,-0.0
81,88,63,-0.0
81,88,64,-0.0
81,88,65,-0.0
81,88,66,-0.0
81,88,67,-0.0
81,88,68,-0.0
81,88,69,0.0
81,88,70,-0.0
81,88,71,-0.0
81,88,72,-0.0
81,88,73,-0.0
81,88,74,0.0
81,88,75,-0.0
81,88,76,0.0
81,88,77,-0.0
81,88,78,-0.0
81,88,79,-0.0
81,88,80,-0.0
81,88,81,-0.0
81,88,82,-0.0
81,88,83,0.0
81,88,84,0.0
81,88,85,0.0
81,88,86,0.0
81,88,87,0.0
81,88,88,0.0
81,88,89,-0.0
81,88,90,-0.0
81,88,91,-0.0
81,88,92,-0.0
81,88,93,0.0
81,88,94,-0.0
81,88,95,-0.0
81,88,96,-0.0
81,88,97,-0.0
81,88,98,0.0
81,88,99,-0.0
81,88,100,0.0
81,88,101,-0.0
81,88,102,-0.0
81,88,103,-0.0
81,88,104,-0.0
81,88,105,-0.0
81,88,106,-0.0
81,88,107,-0.0
81,88,108,-0.0
81,88,109,-0.0
81,88,110,-0.0
81,88,111,0.0
81,88,112,-0.0
81,88,113,0.0
81,88,114,-0.0
81,88,115,-0.0
81,88,116,-0.0
81,88,117,-0.0
81,88,118,-0.0
81,88,119,-0.0
81,88,120,-0.0
81,88,121,-0.0
81,88,122,0.0
81,88,123,-0.0
81,88,124,-0.0
81,88,125,-0.0
81,88,126,-0.0
81,88,127,0.0
81,88,128,-0.0
81,88,129,-0.0
81,88,130,-0.0
81,88,131,-0.0
81,88,132,-0.0
81,88,133,0.0
81,88,134,-0.0
81,88,135,-0.0
81,88,136,-0.0
81,88,137,-0.0
81,88,138,0.0
81,88,139,-0.0
81,88,140,0.0
81,88,141,-0.0
81,88,142,-0.0
81,88,143,-0.0
81,88,144,-0.0
81,88,145,-0.0
81,88,146,-0.0
81,88,147,-0.0
81,88,148,-0.0
81,88,149,-0.0
81,88,150,0.0
81,88,151,-0.0
81,88,152,-0.0
81,88,153,-0.0
81,88,154,-0.0
81,88,155,0.0
81,88,156,-0.0
81,88,157,-0.0
81,88,158,-0.0
81,88,159,-0.0
81,88,160,-0.0
81,88,161,-0.0
81,88,162,-0.0
81,88,163,-0.0
81,88,164,-0.0
81,88,165,0.0
81,88,166,-0.0
81,88,167,0.0
81,88,168,-0.0
81,88,169,-0.0
81,88,170,-0.0
81,88,171,0.0
81,88,172,-0.0
81,88,173,-0.0
81,88,174,0.0
81,88,175,0.0
81,88,176,-0.0
81,88,177,-0.0
81,88,178,0.0
81,88,179,-0.0
81,88,180,0.0
81,88,181,-0.0
81,88,182,-0.0
81,88,183,-0.0
81,88,184,0.0
81,88,185,0.0
81,88,186,0.0
81,88,187,-0.0
81,88,188,-0.0
81,88,189,0.0
81,88,190,-0.0
81,88,191,-0.0
81,88,192,0.0
81,88,193,-0.0
81,88,194,-0.0
81,88,195,-0.0
81,88,196,-0.0
81,88,197,-0.0
81,88,198,-0.0
81,88,199,-0.0
81,88,200,-0.0
81,88,201,-0.0
81,88,202,-0.0
81,88,203,-0.0
81,88,204,0.0
81,88,205,0.0
81,88,206,-0.0
81,88,207,-0.0
81,88,208,-0.0
81,88,209,-0.0
81,88,210,-0.0
81,88,211,0.0
81,88,212,-0.0
81,88,213,0.0
81,88,214,-0.0
81,88,215,-0.0
81,88,216,-0.0
81,88,217,-0.0
81,88,218,-0.0
81,88,219,-0.0
81,88,220,-0.0
81,88,221,-0.0
81,88,222,-0.0
81,88,223,-0.0
81,88,224,-0.0
81,88,225,-0.0
81,88,226,-0.0
81,88,227,-0.0
81,88,228,-0.0
81,88,229,-0.0
81,88,230,-0.0
81,88,231,0.0
81,88,232,-0.0
81,88,233,-0.0
81,88,234,-0.0
81,88,235,-0.0
81,88,236,-0.0
81,88,237,0.0
81,88,238,-0.0
81,88,239,-0.0
81,88,240,-0.0
81,88,241,0.0
81,88,242,-0.0
81,88,243,-0.0
81,88,244,-0.0
81,88,245,-0.0
81,88,246,0.0
81,88,247,0.0
81,88,248,-0.0
81,88,249,0.0
81,88,250,-0.0
81,88,251,0.0
81,88,252,-0.0
81,88,253,-0.0
81,88,254,-0.0
81,88,255,-0.0
81,88,256,-0.0
81,88,257,0.0
81,88,258,0.0
81,88,259,-0.0
81,88,260,0.0
81,88,261,0.0
81,88,262,-0.0
81,88,263,-0.0
81,88,264,-0.0
81,88,265,0.0
81,88,266,0.0
81,88,267,-0.0
81,88,268,-0.0
81,88,269,-0.0
81,88,270,-0.0
81,88,271,-0.0
81,88,272,0.0
81,88,273,-0.0
81,88,274,-0.0
81,88,275,-0.0
81,88,276,-0.0
81,88,277,-0.0
81,88,278,-0.0
81,88,279,0.0
81,88,280,-0.0
81,88,281,0.0
81,88,282,-0.0
81,88,283,-0.0
81,88,284,0.0
81,88,285,0.0
81,88,286,-0.0
81,88,287,0.0
81,88,288,-0.0
81,88,289,-0.0
81,88,290,0.0
81,88,291,-0.0
81,88,292,-0.0
81,88,293,-0.0
81,88,294,-0.0
81,88,295,-0.0
81,88,296,-0.0
81,88,297,-0.0
81,88,298,-0.0
81,88,299,-0.0
81,88,300,-0.0
81,88,301,-0.0
81,88,302,0.0
81,88,303,-0.0
81,88,304,-0.0
81,88,305,0.0
81,88,306,0.0
81,88,307,-0.0
81,88,308,-0.0
81,88,309,-0.0
81,88,310,0.0
81,88,311,-0.0
81,88,312,-0.0
81,88,313,-0.0
81,88,314,0.0
81,88,315,0.0
81,88,316,-0.0
81,88,317,-0.0
81,88,318,-0.0
81,88,319,0.0
81,88,320,-0.0
81,88,321,0.0
81,88,322,-0.0
81,88,323,-0.0
81,88,324,-0.0
81,88,325,0.0
81,88,326,-0.0
81,88,327,0.0
81,88,328,0.0
81,88,329,-0.0
81,88,330,-0.0
81,88,331,-0.0
81,88,332,-0.0
81,88,333,0.0
81,88,334,0.0
81,88,335,0.0
81,88,336,-0.0
81,88,337,-0.0
81,88,338,-0.0
81,88,339,-0.0
81,88,340,-0.0
81,88,341,-0.0
81,88,342,-0.0
81,88,343,-0.0
81,88,344,-0.0
81,88,345,-0.0
81,88,346,-0.0
81,88,347,-0.0
81,88,348,0.0
81,88,349,-0.0
81,88,350,-0.0
81,88,351,-0.0
81,88,352,0.0
81,88,353,-0.0
81,88,354,-0.0
81,88,355,0.0
81,88,356,-0.0
81,88,357,0.0
81,88,358,-0.0
81,88,359,-0.0
81,88,360,-0.0
69,68,0,0.0
69,68,1,0.0
69,68,2,0.0
69,68,3,0.0
69,68,4,0.0
69,68,5,0.0
69,68,6,0.0
69,68,7,0.0
69,68,8,0.0
69,68,9,0.0
69,68,10,0.0
69,68,11,0.0
69,68,12,0.0
69,68,13,0.0
69,68,14,0.0
69,68,15,0.0
69,68,16,0.0
69,68,17,0.0
69,68,18,0.0
69,68,19,0.0
69,68,20,0.0
69,68,21,0.0
69,68,22,0.0
69,68,23,0.0
69,68,24,0.0
69,68,25,0.0
69,68,26,-0.0
69,68,27,0.0
69,68,28,0.0
69,68,29,0.0
69,68,30,0.0
69,68,31,0.0
69,68,32,0.0
69,68,33,0.0
69,68,34,0.0
69,68,35,0.0
69,68,36,0.0
69,68,37,0.0
69,68,38,0.0
69,68,39,0.0
69,68,40,0.0
69,68,41,0.0
69,68,42,0.0
69,68,43,-0.0
69,68,44,0.0
69,68,45,0.0
69,68,46,0.0
69,68,47,0.0
69,68,48,0.0
69,68,49,0.0
69,68,50,0.0
69,68,51,0.0
69,68,52,0.0
69,68,53,0.0
69,68,54,0.0
69,68,55,0.0
69,68,56,0.0
69,68,57,0.0
69,68,58,0.0
69,68,59,0.0
69,68,60,0.0
69,68,61,0.0
69,68,62,0.0
69,68,63,0.0
69,68,64,0.0
69,68,65,0.0
69,68,66,0.0
69,68,67,0.0
69,68,68,0.0
69,68,69,0.0
69,68,70,0.0
69,68,71,0.0
69,68,72,0.0
69,68,73,0.0
69,68,74,0.0
69,68,75,0.0
69,68,76,0.0
69,68,77,0.0
69,68,78,0.0
69,68,79,0.0
69,68,80,0.0
69,68,81,0.0
69,68,82,0.0
69,68,83,0.0
69,68,84,0.0
69,68,85,0.0
69,68,86,0.0
69,68,87,0.0
69,68,88,0.0
69,68,89,0.0
69,68,90,0.0
69,68,91,-0.0
69,68,92,0.0
69,68,93,0.0
69,68,94,0.0
69,68,95,0.0
69,68,96,0.0
69,68,97,0.0
69,68,98,0.0
69,68,99,0.0
69,68,100,0.0
69,68,101,0.0
69,68,102,0.0
69,68,103,0.0
69,68,104,0.0
69,68,105,0.0
69,68,106,0.0
69,68,107,0.0
69,68,108,0.0
69,68,109,-0.0
69,68,110,0.0
69,68,111,0.0
69,68,112,0.0
69,68,113,0.0
69,68,114,0.0
69,68,115,0.0
69,68,116,0.0
69,68,117,0.0
69,68,118,0.0
69,68,119,0.0
69,68,120,0.0
69,68,121,0.0
69,68,122,0.0
69,68,123,0.0
69,68,124,0.0
69,68,125,0.0
69,68,126,0.0
69,68,127,0.0
69,68,128,0.0
69,68,129,0.0
69,68,130,0.0
69,68,131,-0.0
69,68,132,0.0
69,68,133,0.0
69,68,134,0.0
69,68,135,0.0
69,68,136,0.0
69,68,137,0.0
69,68,138,0.0
69,68,139,-0.0
69,68,140,0.0
69,68,141,0.0
69,68,142,0.0
69,68,143,0.0
69,68,144,0.0
69,68,145,0.0
69,68,146,-0.0
69,68,147,0.0
69,68,148,0.0
69,68,149,0.0
69,68,150,0.0
69,68,151,0.0
69,68,152,0.0
69,68,153,0.0
69,68,154,0.0
69,68,155,0.0
69,68,156,0.0
69,68,157,0.0
69,68,158,0.0
69,68,159,0.0
69,68,160,0.0
69,68,161,0.0
69,68,162,0.0
69,68,163,0.0
69,68,164,0.0
69,68,165,0.0
69,68,166,0.0
69,68,167,0.0
69,68,168,0.0
69,68,169,0.0
69,68,170,0.0
69,68,171,0.0
69,68,172,0.0
69,68,173,0.0
69,68,174,0.0
69,68,175,0.0
69,68,176,0.0
69,68,177,0.0
69,68,178,0.0
69,68,179,0.0
69,68,180,0.0
69,68,181,0.0
69,68,182,0.0
69,68,183,0.0
69,68,184,0.0
69,68,185,0.0
69,68,186,0.0
69,68,187,0.0
69,68,188,0.0
69,68,189,0.0
69,68,190,0.0
69,68,191,0.0
69,68,192,0.0
69,68,193,0.0
69,68,194,0.0
69,68,195,0.0
69,68,196,0.0
69,68,197,0.0
69,68,198,0.0
69,68,199,0.0
69,68,200,0.0
69,68,201,0.0
69,68,202,0.0
69,68,203,0.0
69,68,204,0.0
69,68,205,0.0
69,68,206,-0.0
69,68,207,0.0
69,68,208,0.0
69,68,209,0.0
69,68,210,0.0
69,68,211,0.0
69,68,212,0.0
69,68,213,0.0
69,68,214,0.0
69,68,215,0.0
69,68,216,0.0
69,68,217,0.0
69,68,218,0.0
69,68,219,0.0
69,68,220,0.0
69,68,221,0.0
69,68,222,0.0
69,68,223,0.0
69,68,224,0.0
69,68,225,0.0
69,68,226,0.0
69,68,227,0.0
69,68,228,0.0
69,68,229,0.0
69,68,230,0.0
69,68,231,0.0
69,68,232,0.0
69,68,233,0.0
69,68,234,0.0
69,68,235,0.0
69,68,236,0.0
69,68,237,0.0
69,68,238,0.0
69,68,239,0.0
69,68,240,0.0
69,68,241,0.0
69,68,242,0.0
69,68,243,0.0
69,68,244,0.0
69,68,245,0.0
69,68,246,0.0
69,68,247,0.0
69,68,248,0.0
69,68,249,0.0
69,68,250,0.0
69,68,251,0.0
69,68,252,0.0
69,68,253,0.0
69,68,254,0.0
69,68,255,0.0
69,68,256,0.0
69,68,257,0.0
69,68,258,0.0
69,68,259,0.0
69,68,260,0.0
69,68,261,0.0
69,68,262,0.0
69,68,263,0.0
69,68,264,0.0
69,68,265,0.0
69,68,266,0.0
69,68,267,0.0
69,68,268,0.0
69,68,269,0.0
69,68,270,0.0
69,68,271,0.0
69,68,272,0.0
69,68,273,0.0
69,68,274,-0.0
69,68,275,0.0
69,68,276,0.0
69,68,277,0.0
69,68,278,0.0
69,68,279,-0.0
69,68,280,-0.0
69,68,281,-0.0
69,68,282,0.0
69,68,283,0.0
69,68,284,0.0
69,68,285,0.0
69,68,286,0.0
69,68,287,-0.0
69,68,288,-0.0
69,68,289,0.0
69,68,290,0.0
69,68,291,0.0
69,68,292,0.0
69,68,293,0.0
69,68,294,0.0
69,68,295,0.0
69,68,296,0.0
69,68,297,0.0
69,68,298,0.0
69,68,299,-0.0
69,68,300,0.0
69,68,301,0.0
69,68,302,0.0
69,68,303,0.0
69,68,304,0.0
69,68,305,-0.0
69,68,306,0.0
69,68,307,0.0
69,68,308,0.0
69,68,309,0.0
69,68,310,0.0
69,68,311,0.0
69,68,312,0.0
69,68,313,0.0
69,68,314,0.0
69,68,315,0.0
69,68,316,0.0
69,68,317,0.0
69,68,318,0.0
69,68,319,0.0
69,68,320,0.0
69,68,321,0.0
69,68,322,0.0
69,68,323,0.0
69,68,324,0.0
69,68,325,0.0
69,68,326,0.0
69,68,327,0.0
69,68,328,0.0
69,68,329,0.0
69,68,330,0.0
69,68,331,0.0
69,68,332,0.0
69,68,333,0.0
69,68,334,0.0
69,68,335,0.0
69,68,336,0.0
69,68,337,0.0
69,68,338,0.0
69,68,339,0.0
69,68,340,0.0
69,68,341,0.0
69,68,342,0.0
69,68,343,0.0
69,68,344,0.0
69,68,345,0.0
69,68,346,0.0
69,68,347,0.0
69,68,348,0.0
69,68,349,0.0
69,68,350,0.0
69,68,351,0.0
69,68,352,0.0
69,68,353,0.0
69,68,354,0.0
69,68,355,0.0
69,68,356,0.0
69,68,357,0.0
69,68,358,0.0
69,68,359,-0.0
69,68,360,-0.0
35,36,0,0.0
35,36,1,0.0
35,36,2,0.0
35,36,3,0.0
35,36,4,5.0
35,36,5,0.0
35,36,6,6.0
35,36,7,3.0
35,36,8,0.0
35,36,9,0.0
35,36,10,5.0
35,36,11,0.0
35,36,12,5.0
35,36,13,5.0
35,36,14,0.0
35,36,15,5.0
35,36,16,3.0
35,36,17,-0.0
35,36,18,5.0
35,36,19,5.0
35,36,20,0.0
35,36,21,0.0
35,36,22,0.0
35,36,23,1.0
35,36,24,0.0
35,36,25,0.0
35,36,26,6.0
35,36,27,0.0
35,36,28,-0.0
35,36,29,3.0
35,36,30,5.0
35,36,31,0.0
35,36,32,1.0
35,36,33,0.0
35,36,34,-0.0
35,36,35,-0.0
35,36,36,5.0
35,36,37,0.0
35,36,38,6.0
35,36,39,-0.0
35,36,40,5.0
35,36,41,6.0
35,36,42,-0.0
35,36,43,0.0
35,36,44,-0.0
35,36,45,3.0
35,36,46,-0.0
35,36,47,5.0
35,36,48,-0.0
35,36,49,-0.0
35,36,50,0.0
35,36,51,-0.0
35,36,52,0.0
35,36,53,0.0
35,36,54,0.0
35,36,55,0.0
35,36,56,5.0
35,36,57,0.0
35,36,58,-0.0
35,36,59,5.0
35,36,60,0.0
35,36,61,-0.0
35,36,62,0.0
35,36,63,-0.0
35,36,64,5.0
35,36,65,-0.0
35,36,66,0.0
35,36,67,0.0
35,36,68,0.0
35,36,69,3.0
35,36,70,0.0
35,36,71,-0.0
35,36,72,0.0
35,36,73,0.0
35,36,74,-0.0
35,36,75,0.0
35,36,76,0.0
35,36,77,0.0
35,36,78,3.0
35,36,79,3.0
35,36,80,-0.0
35,36,81,0.0
35,36,82,-0.0
35,36,83,0.0
35,36,84,0.0
35,36,85,-0.0
35,36,86,0.0
35,36,87,0.0
35,36,88,-0.0
35,36,89,0.0
35,36,90,1.0
35,36,91,-0.0
35,36,92,3.0
35,36,93,3.0
35,36,94,0.0
35,36,95,-0.0
35,36,96,0.0
35,36,97,0.0
35,36,98,0.0
35,36,99,-0.0
35,36,100,-0.0
35,36,101,0.0
35,36,102,-0.0
35,36,103,0.0
35,36,104,3.0
35,36,105,0.0
35,36,106,0.0
35,36,107,0.0
35,36,108,0.0
35,36,109,1.0
35,36,110,0.0
35,36,111,-0.0
35,36,112,-0.0
35,36,113,0.0
35,36,114,0.0
35,36,115,-0.0
35,36,116,0.0
35,36,117,0.0
35,36,118,0.0
35,36,119,-0.0
35,36,120,0.0
35,36,121,3.0
35,36,122,0.0
35,36,123,-0.0
35,36,124,-0.0
35,36,125,5.0
35,36,126,-0.0
35,36,127,0.0
35,36,128,6.0
35,36,129,-0.0
35,36,130,0.0
35,36,131,-0.0
35,36,132,0.0
35,36,133,0.0
35,36,134,-0.0
35,36,135,0.0
35,36,136,3.0
35,36,137,0.0
35,36,138,0.0
35,36,139,0.0
35,36,140,3.0
35,36,141,0.0
35,36,142,5.0
35,36,143,0.0
35,36,144,0.0
35,36,145,3.0
35,36,146,0.0
35,36,147,0.0
35,36,148,3.0
35,36,149,0.0
35,36,150,0.0
35,36,151,-0.0
35,36,152,0.0
35,36,153,0.0
35,36,154,3.0
35,36,155,0.0
35,36,156,1.0
35,36,157,6.0
35,36,158,6.0
35,36,159,0.0
35,36,160,0.0
35,36,161,0.0
35,36,162,-0.0
35,36,163,1.0
35,36,164,-0.0
35,36,165,0.0
35,36,166,0.0
35,36,167,0.0
35,36,168,0.0
35,36,169,0.0
35,36,170,0.0
35,36,171,-0.0
35,36,172,0.0
35,36,173,0.0
35,36,174,-0.0
35,36,175,0.0
35,36,176,3.0
35,36,177,3.0
35,36,178,0.0
35,36,179,-0.0
35,36,180,-0.0
35,36,181,5.0
35,36,182,-0.0
35,36,183,0.0
35,36,184,0.0
35,36,185,-0.0
35,36,186,4.0
35,36,187,0.0
35,36,188,5.0
35,36,189,0.0
35,36,190,0.0
35,36,191,0.0
35,36,192,0.0
35,36,193,0.0
35,36,194,0.0
35,36,195,-0.0
35,36,196,0.0
35,36,197,0.0
35,36,198,0.0
35,36,199,0.0
35,36,200,0.0
35,36,201,-0.0
35,36,202,3.0
35,36,203,3.0
35,36,204,0.0
35,36,205,0.0
35,36,206,0.0
35,36,207,0.0
35,36,208,0.0
35,36,209,3.0
35,36,210,0.0
35,36,211,5.0
35,36,212,0.0
35,36,213,-0.0
35,36,214,3.0
35,36,215,0.0
35,36,216,-0.0
35,36,217,3.0
35,36,218,0.0
35,36,219,-0.0
35,36,220,-0.0
35,36,221,3.0
35,36,222,0.0
35,36,223,0.0
35,36,224,0.0
35,36,225,0.0
35,36,226,-0.0
35,36,227,0.0
35,36,228,0.0
35,36,229,3.0
35,36,230,-0.0
35,36,231,-0.0
35,36,232,5.0
35,36,233,0.0
35,36,234,3.0
35,36,235,0.0
35,36,236,0.0
35,36,237,0.0
35,36,238,3.0
35,36,239,0.0
35,36,240,0.0
35,36,241,3.0
35,36,242,3.0
35,36,243,1.0
35,36,244,0.0
35,36,245,-0.0
35,36,246,3.0
35,36,247,0.0
35,36,248,0.0
35,36,249,0.0
35,36,250,5.0
35,36,251,-0.0
35,36,252,6.0
35,36,253,-0.0
35,36,254,0.0
35,36,255,-0.0
35,36,256,3.0
35,36,257,0.0
35,36,258,0.0
35,36,259,5.0
35,36,260,3.0
35,36,261,0.0
35,36,262,0.0
35,36,263,-0.0
35,36,264,-0.0
35,36,265,-0.0
35,36,266,3.0
35,36,267,3.0
35,36,268,0.0
35,36,269,-0.0
35,36,270,0.0
35,36,271,0.0
35,36,272,0.0
35,36,273,0.0
35,36,274,0.0
35,36,275,0.0
35,36,276,-0.0
35,36,277,0.0
35,36,278,0.0
35,36,279,0.0
35,36,280,0.0
35,36,281,-0.0
35,36,282,0.0
35,36,283,0.0
35,36,284,6.0
35,36,285,3.0
35,36,286,0.0
35,36,287,-0.0
35,36,288,0.0
35,36,289,0.0
35,36,290,-0.0
35,36,291,0.0
35,36,292,0.0
35,36,293,3.0
35,36,294,0.0
35,36,295,-0.0
35,36,296,0.0
35,36,297,3.0
35,36,298,-0.0
35,36,299,0.0
35,36,300,-0.0
35,36,301,0.0
35,36,302,-0.0
35,36,303,0.0
35,36,304,-0.0
35,36,305,0.0
35,36,306,0.0
35,36,307,-0.0
35,36,308,0.0
35,36,309,0.0
35,36,310,0.0
35,36,311,-0.0
35,36,312,-0.0
35,36,313,0.0
35,36,314,0.0
35,36,315,3.0
35,36,316,0.0
35,36,317,0.0
35,36,318,3.0
35,36,319,0.0
35,36,320,0.0
35,36,321,0.0
35,36,322,0.0
35,36,323,0.0
35,36,324,-0.0
35,36,325,-0.0
35,36,326,0.0
35,36,327,0.0
35,36,328,3.0
35,36,329,-0.0
35,36,330,-0.0
35,36,331,0.0
35,36,332,0.0
35,36,333,-0.0
35,36,334,5.0
35,36,335,0.0
35,36,336,3.0
35,36,337,0.0
35,36,338,-0.0
35,36,339,0.0
35,36,340,0.0
35,36,341,0.0
35,36,342,0.0
35,36,343,0.0
35,36,344,1.0
35,36,345,5.0
35,36,346,-0.0
35,36,347,0.0
35,36,348,-0.0
35,36,349,0.0
35,36,350,0.0
35,36,351,0.0
35,36,352,-0.0
35,36,353,0.0
35,36,354,0.0
35,36,355,0.0
35,36,356,5.0
35,36,357,1.0
35,36,358,4.0
35,36,359,0.0
35,36,360,-0.0
113,111,0,0.0
113,111,1,0.0
113,111,2,0.0
113,111,3,-0.0
113,111,4,0.0
113,111,5,0.0
113,111,6,0.0
113,111,7,0.0
113,111,8,-0.0
113,111,9,-0.0
113,111,10,-0.0
113,111,11,-0.0
113,111,12,0.0
113,111,13,-0.0
113,111,14,-0.0
113,111,15,-0.0
113,111,16,-0.0
113,111,17,-0.0
113,111,18,0.0
113,111,19,0.0
113,111,20,0.0
113,111,21,0.0
113,111,22,-0.0
113,111,23,-0.0
113,111,24,-0.0
113,111,25,-0.0
113,111,26,-0.0
113,111,27,0.0
113,111,28,-0.0
113,111,29,0.0
113,111,30,-0.0
113,111,31,-0.0
113,111,32,-0.0
113,111,33,-0.0
113,111,34,0.0
113,111,35,-0.0
113,111,36,-0.0
113,111,37,0.0
113,111,38,-0.0
113,111,39,-0.0
113,111,40,-0.0
113,111,41,-0.0
113,111,42,-0.0
113,111,43,-0.0
113,111,44,-0.0
113,111,45,-0.0
113,111,46,-0.0
113,111,47,0.0
113,111,48,-0.0
113,111,49,0.0
113,111,50,0.0
113,111,51,0.0
113,111,52,0.0
113,111,53,-0.0
113,111,54,0.0
113,111,55,0.0
113,111,56,-0.0
113,111,57,-0.0
113,111,58,0.0
113,111,59,-0.0
113,111,60,-0.0
113,111,61,0.0
113,111,62,0.0
113,111,63,0.0
113,111,64,0.0
113,111,65,-0.0
113,111,66,-0.0
113,111,67,-0.0
113,111,68,-0.0
113,111,69,-0.0
113,111,70,-0.0
113,111,71,-0.0
113,111,72,-0.0
113,111,73,0.0
113,111,74,-0.0
113,111,75,-0.0
113,111,76,-0.0
113,111,77,-0.0
113,111,78,0.0
113,111,79,-0.0
113,111,80,-0.0
113,111,81,-0.0
113,111,82,-0.0
113,111,83,-0.0
113,111,84,-0.0
113,111,85,-0.0
113,111,86,-0.0
113,111,87,-0.0
113,111,88,0.0
113,111,89,0.0
113,111,90,-0.0
113,111,91,-0.0
113,111,92,-0.0
113,111,93,-0.0
113,111,94,-0.0
113,111,95,-0.0
113,111,96,-0.0
113,111,97,-0.0
113,111,98,-0.0
113,111,99,-0.0
113,111,100,0.0
113,111,101,-0.0
113,111,102,-0.0
113,111,103,-0.0
113,111,104,-0.0
113,111,105,0.0
113,111,106,0.0
113,111,107,-0.0
113,111,108,-0.0
113,111,109,0.0
113,111,110,-0.0
113,111,111,-0.0
113,111,112,-0.0
113,111,113,-0.0
113,111,114,-0.0
113,111,115,0.0
113,111,116,-0.0
113,111,117,-0.0
113,111,118,-0.0
113,111,119,-0.0
113,111,120,-0.0
113,111,121,-0.0
113,111,122,-0.0
113,111,123,0.0
113,111,124,0.0
113,111,125,-0.0
113,111,126,-0.0
113,111,127,-0.0
113,111,128,-0.0
113,111,129,-0.0
113,111,130,-0.0
113,111,131,0.0
113,111,132,0.0
113,111,133,0.0
113,111,134,-0.0
113,111,135,-0.0
113,111,136,-0.0
113,111,137,-0.0
113,111,138,-0.0
113,111,139,0.0
113,111,140,-0.0
113,111,141,-0.0
113,111,142,-0.0
113,111,143,0.0
113,111,144,0.0
113,111,145,0.0
113,111,146,0.0
113,111,147,-0.0
113,111,148,-0.0
113,111,149,0.0
113,111,150,-0.0
113,111,151,-0.0
113,111,152,-0.0
113,111,153,-0.0
113,111,154,-0.0
113,111,155,0.0
113,111,156,-0.0
113,111,157,0.0
113,111,158,-0.0
113,111,159,-0.0
113,111,160,-0.0
113,111,161,-0.0
113,111,162,-0.0
113,111,163,0.0
113,111,164,-0.0
113,111,165,-0.0
113,111,166,-0.0
113,111,167,0.0
113,111,168,0.0
113,111,169,-0.0
113,111,170,-0.0
113,111,171,-0.0
113,111,172,0.0
113,111,173,0.0
113,111,174,-0.0
113,111,175,-0.0
113,111,176,-0.0
113,111,177,-0.0
113,111,178,0.0
113,111,179,-0.0
113,111,180,-0.0
113,111,181,0.0
113,111,182,0.0
113,111,183,-0.0
113,111,184,-0.0
113,111,185,0.0
113,111,186,0.0
113,111,187,-0.0
113,111,188,0.0
113,111,189,-0.0
113,111,190,-0.0
113,111,191,0.0
113,111,192,-0.0
113,111,193,-0.0
113,111,194,-0.0
113,111,195,-0.0
113,111,196,0.0
113,111,197,-0.0
113,111,198,-0.0
113,111,199,-0.0
113,111,200,0.0
113,111,201,-0.0
113,111,202,-0.0
113,111,203,-0.0
113,111,204,0.0
113,111,205,-0.0
113,111,206,-0.0
113,111,207,0.0
113,111,208,0.0
113,111,209,-0.0
113,111,210,-0.0
113,111,211,-0.0
113,111,212,0.0
113,111,213,0.0
113,111,214,0.0
113,111,215,-0.0
113,111,216,0.0
113,111,217,0.0
113,111,218,0.0
113,111,219,-0.0
113,111,220,0.0
113,111,221,-0.0
113,111,222,0.0
113,111,223,-0.0
113,111,224,0.0
113,111,225,0.0
113,111,226,0.0
113,111,227,0.0
113,111,228,0.0
113,111,229,0.0
113,111,230,-0.0
113,111,231,-0.0
113,111,232,-0.0
113,111,233,-0.0
113,111,234,0.0
113,111,235,0.0
113,111,236,-0.0
113,111,237,0.0
113,111,238,0.0
113,111,239,-0.0
113,111,240,0.0
113,111,241,0.0
113,111,242,0.0
113,111,243,0.0
113,111,244,0.0
113,111,245,0.0
113,111,246,0.0
113,111,247,0.0
113,111,248,0.0
113,111,249,0.0
113,111,250,-0.0
113,111,251,-0.0
113,111,252,-0.0
113,111,253,0.0
113,111,254,0.0
113,111,255,0.0
113,111,256,0.0
113,111,257,0.0
113,111,258,0.0
113,111,259,0.0
113,111,260,0.0
113,111,261,0.0
113,111,262,0.0
113,111,263,0.0
113,111,264,0.0
113,111,265,-0.0
113,111,266,0.0
113,111,267,-0.0
113,111,268,0.0
113,111,269,0.0
113,111,270,0.0
113,111,271,-0.0
113,111,272,0.0
113,111,273,0.0
113,111,274,0.0
113,111,275,-0.0
113,111,276,-0.0
113,111,277,-0.0
113,111,278,-0.0
113,111,279,-0.0
113,111,280,0.0
113,111,281,-0.0
113,111,282,-0.0
113,111,283,0.0
113,111,284,0.0
113,111,285,0.0
113,111,286,0.0
113,111,287,0.0
113,111,288,0.0
113,111,289,0.0
113,111,290,-0.0
113,111,291,-0.0
113,111,292,0.0
113,111,293,0.0
113,111,294,0.0
113,111,295,0.0
113,111,296,0.0
113,111,297,0.0
113,111,298,0.0
113,111,299,0.0
113,111,300,0.0
113,111,301,0.0
113,111,302,0.0
113,111,303,0.0
113,111,304,0.0
113,111,305,0.0
113,111,306,0.0
113,111,307,0.0
113,111,308,0.0
113,111,309,0.0
113,111,310,0.0
113,111,311,0.0
113,111,312,-0.0
113,111,313,0.0
113,111,314,-0.0
113,111,315,-0.0
113,111,316,0.0
113,111,317,0.0
113,111,318,0.0
113,111,319,0.0
113,111,320,0.0
113,111,321,0.0
113,111,322,0.0
113,111,323,0.0
113,111,324,0.0
113,111,325,0.0
113,111,326,0.0
113,111,327,-0.0
113,111,328,0.0
113,111,329,0.0
113,111,330,-0.0
113,111,331,0.0
113,111,332,0.0
113,111,333,-0.0
113,111,334,0.0
113,111,335,0.0
113,111,336,-0.0
113,111,337,-0.0
113,111,338,-0.0
113,111,339,-0.0
113,111,340,-0.0
113,111,341,0.0
113,111,342,0.0
113,111,343,0.0
113,111,344,0.0
113,111,345,0.0
113,111,346,0.0
113,111,347,0.0
113,111,348,0.0
113,111,349,0.0
113,111,350,-0.0
113,111,351,0.0
113,111,352,0.0
113,111,353,0.0
113,111,354,-0.0
113,111,355,-0.0
113,111,356,-0.0
113,111,357,-0.0
113,111,358,-0.0
113,111,359,-0.0
113,111,360,-0.0
106,105,0,0.0
106,105,1,0.0
106,105,2,0.0
106,105,3,0.0
106,105,4,0.0
106,105,5,0.0
106,105,6,0.0
106,105,7,0.0
106,105,8,0.0
106,105,9,0.0
106,105,10,0.0
106,105,11,0.0
106,105,12,0.0
106,105,13,0.0
106,105,14,0.0
106,105,15,-0.0
106,105,16,-0.0
106,105,17,-0.0
106,105,18,0.0
106,105,19,0.0
106,105,20,0.0
106,105,21,0.0
106,105,22,-0.0
106,105,23,0.0
106,105,24,0.0
106,105,25,-0.0
106,105,26,0.0
106,105,27,-0.0
106,105,28,0.0
106,105,29,-0.0
106,105,30,-0.0
106,105,31,0.0
106,105,32,0.0
106,105,33,0.0
106,105,34,-0.0
106,105,35,0.0
106,105,36,0.0
106,105,37,0.0
106,105,38,0.0
106,105,39,0.0
106,105,40,0.0
106,105,41,0.0
106,105,42,0.0
106,105,43,0.0
106,105,44,0.0
106,105,45,0.0
106,105,46,0.0
106,105,47,0.0
106,105,48,0.0
106,105,49,0.0
106,105,50,0.0
106,105,51,0.0
106,105,52,0.0
106,105,53,0.0
106,105,54,0.0
106,105,55,0.0
106,105,56,0.0
106,105,57,0.0
106,105,58,0.0
106,105,59,0.0
106,105,60,0.0
106,105,61,0.0
106,105,62,0.0
106,105,63,0.0
106,105,64,0.0
106,105,65,0.0
106,105,66,0.0
106,105,67,0.0
106,105,68,0.0
106,105,69,0.0
106,105,70,0.0
106,105,71,0.0
106,105,72,0.0
106,105,73,0.0
106,105,74,0.0
106,105,75,0.0
106,105,76,0.0
106,105,77,0.0
106,105,78,0.0
106,105,79,0.0
106,105,80,0.0
106,105,81,0.0
106,105,82,0.0
106,105,83,0.0
106,105,84,0.0
106,105,85,0.0
106,105,86,0.0
106,105,87,0.0
106,105,88,0.0
106,105,89,0.0
106,105,90,0.0
106,105,91,0.0
106,105,92,0.0
106,105,93,0.0
106,105,94,0.0
106,105,95,0.0
106,105,96,0.0
106,105,97,0.0
106,105,98,0.0
106,105,99,0.0
106,105,100,0.0
106,105,101,0.0
106,105,102,0.0
106,105,103,0.0
106,105,104,0.0
106,105,105,0.0
106,105,106,0.0
106,105,107,0.0
106,105,108,0.0
106,105,109,0.0
106,105,110,0.0
106,105,111,0.0
106,105,112,0.0
106,105,113,0.0
106,105,114,0.0
106,105,115,-0.0
106,105,116,0.0
106,105,117,0.0
106,105,118,0.0
106,105,119,0.0
106,105,120,0.0
106,105,121,0.0
106,105,122,0.0
106,105,123,0.0
106,105,124,0.0
106,105,125,0.0
106,105,126,0.0
106,105,127,0.0
106,105,128,0.0
106,105,129,0.0
106,105,130,0.0
106,105,131,0.0
106,105,132,0.0
106,105,133,0.0
106,105,134,0.0
106,105,135,0.0
106,105,136,0.0
106,105,137,0.0
106,105,138,0.0
106,105,139,0.0
106,105,140,0.0
106,105,141,0.0
106,105,142,0.0
106,105,143,0.0
106,105,144,0.0
106,105,145,0.0
106,105,146,0.0
106,105,147,0.0
106,105,148,0.0
106,105,149,0.0
106,105,150,0.0
106,105,151,0.0
106,105,152,0.0
106,105,153,0.0
106,105,154,0.0
106,105,155,0.0
106,105,156,0.0
106,105,157,0.0
106,105,158,0.0
106,105,159,0.0
106,105,160,0.0
106,105,161,0.0
106,105,162,0.0
106,105,163,0.0
106,105,164,0.0
106,105,165,0.0
106,105,166,0.0
106,105,167,0.0
106,105,168,0.0
106,105,169,0.0
106,105,170,0.0
106,105,171,0.0
106,105,172,0.0
106,105,173,0.0
106,105,174,0.0
106,105,175,0.0
106,105,176,0.0
106,105,177,0.0
106,105,178,0.0
106,105,179,0.0
106,105,180,0.0
106,105,181,0.0
106,105,182,0.0
106,105,183,-0.0
106,105,184,0.0
106,105,185,-0.0
106,105,186,-0.0
106,105,187,0.0
106,105,188,0.0
106,105,189,0.0
106,105,190,0.0
106,105,191,0.0
106,105,192,0.0
106,105,193,0.0
106,105,194,0.0
106,105,195,-0.0
106,105,196,-0.0
106,105,197,-0.0
106,105,198,-0.0
106,105,199,-0.0
106,105,200,0.0
106,105,201,0.0
106,105,202,0.0
106,105,203,0.0
106,105,204,0.0
106,105,205,0.0
106,105,206,0.0
106,105,207,0.0
106,105,208,0.0
106,105,209,-0.0
106,105,210,-0.0
106,105,211,0.0
106,105,212,0.0
106,105,213,0.0
106,105,214,0.0
106,105,215,0.0
106,105,216,0.0
106,105,217,0.0
106,105,218,-0.0
106,105,219,-0.0
106,105,220,0.0
106,105,221,0.0
106,105,222,0.0
106,105,223,0.0
106,105,224,0.0
106,105,225,0.0
106,105,226,-0.0
106,105,227,-0.0
106,105,228,0.0
106,105,229,0.0
106,105,230,0.0
106,105,231,0.0
106,105,232,0.0
106,105,233,0.0
106,105,234,0.0
106,105,235,0.0
106,105,236,-0.0
106,105,237,-0.0
106,105,238,-0.0
106,105,239,-0.0
106,105,240,0.0
106,105,241,0.0
106,105,242,-0.0
106,105,243,0.0
106,105,244,0.0
106,105,245,0.0
106,105,246,0.0
106,105,247,0.0
106,105,248,0.0
106,105,249,-0.0
106,105,250,0.0
106,105,251,0.0
106,105,252,0.0
106,105,253,0.0
106,105,254,0.0
106,105,255,0.0
106,105,256,0.0
106,105,257,0.0
106,105,258,0.0
106,105,259,0.0
106,105,260,0.0
106,105,261,0.0
106,105,262,0.0
106,105,263,0.0
106,105,264,0.0
106,105,265,0.0
106,105,266,0.0
106,105,267,0.0
106,105,268,0.0
106,105,269,0.0
106,105,270,0.0
106,105,271,0.0
106,105,272,0.0
106,105,273,0.0
106,105,274,0.0
106,105,275,-0.0
106,105,276,0.0
106,105,277,0.0
106,105,278,0.0
106,105,279,0.0
106,105,280,0.0
106,105,281,0.0
106,105,282,0.0
106,105,283,0.0
106,105,284,0.0
106,105,285,0.0
106,105,286,0.0
106,105,287,0.0
106,105,288,0.0
106,105,289,0.0
106,105,290,0.0
106,105,291,0.0
106,105,292,0.0
106,105,293,0.0
106,105,294,0.0
106,105,295,-0.0
106,105,296,0.0
106,105,297,0.0
106,105,298,0.0
106,105,299,-0.0
106,105,300,0.0
106,105,301,-0.0
106,105,302,0.0
106,105,303,0.0
106,105,304,0.0
106,105,305,0.0
106,105,306,0.0
106,105,307,0.0
106,105,308,0.0
106,105,309,0.0
106,105,310,0.0
106,105,311,0.0
106,105,312,0.0
106,105,313,0.0
106,105,314,0.0
106,105,315,0.0
106,105,316,0.0
106,105,317,0.0
106,105,318,-0.0
106,105,319,0.0
106,105,320,0.0
106,105,321,0.0
106,105,322,0.0
106,105,323,0.0
106,105,324,0.0
106,105,325,0.0
106,105,326,0.0
106,105,327,-0.0
106,105,328,-0.0
106,105,329,0.0
106,105,330,0.0
106,105,331,0.0
106,105,332,0.0
106,105,333,0.0
106,105,334,0.0
106,105,335,0.0
106,105,336,0.0
106,105,337,0.0
106,105,338,0.0
106,105,339,0.0
106,105,340,0.0
106,105,341,0.0
106,105,342,0.0
106,105,343,0.0
106,105,344,0.0
106,105,345,0.0
106,105,346,0.0
106,105,347,0.0
106,105,348,0.0
106,105,349,0.0
106,105,350,0.0
106,105,351,0.0
106,105,352,0.0
106,105,353,0.0
106,105,354,0.0
106,105,355,-0.0
106,105,356,0.0
106,105,357,0.0
106,105,358,0.0
106,105,359,-0.0
106,105,360,-0.0
65,64,0,0.0
65,64,1,0.0
65,64,2,0.0
65,64,3,0.0
65,64,4,0.0
65,64,5,0.0
65,64,6,0.0
65,64,7,0.0
65,64,8,0.0
65,64,9,-0.0
65,64,10,0.0
65,64,11,0.0
65,64,12,0.0
65,64,13,-0.0
65,64,14,0.0
65,64,15,0.0
65,64,16,0.0
65,64,17,0.0
65,64,18,0.0
65,64,19,0.0
65,64,20,0.0
65,64,21,0.0
65,64,22,0.0
65,64,23,0.0
65,64,24,0.0
65,64,25,0.0
65,64,26,0.0
65,64,27,0.0
65,64,28,0.0
65,64,29,0.0
65,64,30,0.0
65,64,31,-0.0
65,64,32,0.0
65,64,33,0.0
65,64,34,0.0
65,64,35,0.0
65,64,36,0.0
65,64,37,0.0
65,64,38,0.0
65,64,39,0.0
65,64,40,0.0
65,64,41,0.0
65,64,42,0.0
65,64,43,0.0
65,64,44,0.0
65,64,45,0.0
65,64,46,0.0
65,64,47,0.0
65,64,48,0.0
65,64,49,0.0
65,64,50,0.0
65,64,51,0.0
65,64,52,0.0
65,64,53,0.0
65,64,54,0.0
65,64,55,0.0
65,64,56,0.0
65,64,57,0.0
65,64,58,0.0
65,64,59,0.0
65,64,60,0.0
65,64,61,0.0
65,64,62,-0.0
65,64,63,0.0
65,64,64,0.0
65,64,65,0.0
65,64,66,0.0
65,64,67,0.0
65,64,68,0.0
65,64,69,0.0
65,64,70,0.0
65,64,71,0.0
65,64,72,0.0
65,64,73,0.0
65,64,74,0.0
65,64,75,0.0
65,64,76,0.0
65,64,77,0.0
65,64,78,0.0
65,64,79,0.0
65,64,80,0.0
65,64,81,0.0
65,64,82,0.0
65,64,83,0.0
65,64,84,0.0
65,64,85,0.0
65,64,86,0.0
65,64,87,0.0
65,64,88,0.0
65,64,89,0.0
65,64,90,0.0
65,64,91,0.0
65,64,92,0.0
65,64,93,0.0
65,64,94,0.0
65,64,95,0.0
65,64,96,0.0
65,64,97,0.0
65,64,98,0.0
65,64,99,0.0
65,64,100,0.0
65,64,101,0.0
65,64,102,0.0
65,64,103,0.0
65,64,104,0.0
65,64,105,0.0
65,64,106,0.0
65,64,107,0.0
65,64,108,0.0
65,64,109,0.0
65,64,110,0.0
65,64,111,0.0
65,64,112,0.0
65,64,113,0.0
65,64,114,0.0
65,64,115,0.0
65,64,116,-0.0
65,64,117,0.0
65,64,118,0.0
65,64,119,0.0
65,64,120,-0.0
65,64,121,0.0
65,64,122,0.0
65,64,123,0.0
65,64,124,0.0
65,64,125,0.0
65,64,126,0.0
65,64,127,0.0
65,64,128,0.0
65,64,129,0.0
65,64,130,0.0
65,64,131,0.0
65,64,132,0.0
65,64,133,0.0
65,64,134,0.0
65,64,135,0.0
65,64,136,0.0
65,64,137,-0.0
65,64,138,-0.0
65,64,139,0.0
65,64,140,0.0
65,64,141,0.0
65,64,142,0.0
65,64,143,0.0
65,64,144,0.0
65,64,145,0.0
65,64,146,0.0
65,64,147,0.0
65,64,148,0.0
65,64,149,0.0
65,64,150,0.0
65,64,151,0.0
65,64,152,0.0
65,64,153,0.0
65,64,154,0.0
65,64,155,0.0
65,64,156,0.0
65,64,157,0.0
65,64,158,0.0
65,64,159,0.0
65,64,160,0.0
65,64,161,0.0
65,64,162,-0.0
65,64,163,0.0
65,64,164,0.0
65,64,165,0.0
65,64,166,0.0
65,64,167,0.0
65,64,168,0.0
65,64,169,0.0
65,64,170,0.0
65,64,171,0.0
65,64,172,0.0
65,64,173,-0.0
65,64,174,0.0
65,64,175,0.0
65,64,176,-0.0
65,64,177,0.0
65,64,178,0.0
65,64,179,0.0
65,64,180,0.0
65,64,181,0.0
65,64,182,0.0
65,64,183,0.0
65,64,184,0.0
65,64,185,0.0
65,64,186,0.0
65,64,187,-0.0
65,64,188,0.0
65,64,189,0.0
65,64,190,0.0
65,64,191,0.0
65,64,192,0.0
65,64,193,0.0
65,64,194,0.0
65,64,195,0.0
65,64,196,0.0
65,64,197,0.0
65,64,198,0.0
65,64,199,0.0
65,64,200,0.0
65,64,201,0.0
65,64,202,0.0
65,64,203,0.0
65,64,204,0.0
65,64,205,0.0
65,64,206,0.0
65,64,207,0.0
65,64,208,0.0
65,64,209,0.0
65,64,210,0.0
65,64,211,0.0
65,64,212,0.0
65,64,213,0.0
65,64,214,0.0
65,64,215,0.0
65,64,216,0.0
65,64,217,0.0
65,64,218,0.0
65,64,219,0.0
65,64,220,0.0
65,64,221,0.0
65,64,222,0.0
65,64,223,0.0
65,64,224,0.0
65,64,225,0.0
65,64,226,0.0
65,64,227,0.0
65,64,228,0.0
65,64,229,0.0
65,64,230,0.0
65,64,231,0.0
65,64,232,0.0
65,64,233,0.0
65,64,234,0.0
65,64,235,0.0
65,64,236,0.0
65,64,237,0.0
65,64,238,0.0
65,64,239,0.0
65,64,240,0.0
65,64,241,0.0
65,64,242,0.0
65,64,243,-0.0
65,64,244,0.0
65,64,245,0.0
65,64,246,0.0
65,64,247,0.0
65,64,248,0.0
65,64,249,0.0
65,64,250,0.0
65,64,251,0.0
65,64,252,0.0
65,64,253,0.0
65,64,254,0.0
65,64,255,0.0
65,64,256,0.0
65,64,257,0.0
65,64,258,0.0
65,64,259,0.0
65,64,260,0.0
65,64,261,0.0
65,64,262,0.0
65,64,263,0.0
65,64,264,0.0
65,64,265,0.0
65,64,266,0.0
65,64,267,0.0
65,64,268,0.0
65,64,269,0.0
65,64,270,0.0
65,64,271,0.0
65,64,272,0.0
65,64,273,0.0
65,64,274,-0.0
65,64,275,0.0
65,64,276,0.0
65,64,277,0.0
65,64,278,0.0
65,64,279,0.0
65,64,280,0.0
65,64,281,0.0
65,64,282,0.0
65,64,283,0.0
65,64,284,0.0
65,64,285,0.0
65,64,286,0.0
65,64,287,0.0
65,64,288,0.0
65,64,289,0.0
65,64,290,0.0
65,64,291,0.0
65,64,292,0.0
65,64,293,-0.0
65,64,294,0.0
65,64,295,0.0
65,64,296,0.0
65,64,297,0.0
65,64,298,0.0
65,64,299,0.0
65,64,300,0.0
65,64,301,0.0
65,64,302,0.0
65,64,303,0.0
65,64,304,0.0
65,64,305,0.0
65,64,306,0.0
65,64,307,0.0
65,64,308,0.0
65,64,309,0.0
65,64,310,0.0
65,64,311,0.0
65,64,312,0.0
65,64,313,0.0
65,64,314,0.0
65,64,315,0.0
65,64,316,-0.0
65,64,317,0.0
65,64,318,0.0
65,64,319,0.0
65,64,320,0.0
65,64,321,0.0
65,64,322,0.0
65,64,323,0.0
65,64,324,0.0
65,64,325,0.0
65,64,326,0.0
65,64,327,0.0
65,64,328,0.0
65,64,329,0.0
65,64,330,0.0
65,64,331,0.0
65,64,332,0.0
65,64,333,0.0
65,64,334,0.0
65,64,335,0.0
65,64,336,0.0
65,64,337,0.0
65,64,338,0.0
65,64,339,0.0
65,64,340,0.0
65,64,341,0.0
65,64,342,0.0
65,64,343,0.0
65,64,344,0.0
65,64,345,0.0
65,64,346,0.0
65,64,347,0.0
65,64,348,0.0
65,64,349,0.0
65,64,350,0.0
65,64,351,0.0
65,64,352,0.0
65,64,353,0.0
65,64,354,0.0
65,64,355,0.0
65,64,356,0.0
65,64,357,0.0
65,64,358,-0.0
65,64,359,-0.0
65,64,360,-0.0
102,92,0,0.0
102,92,1,0.0
102,92,2,-0.0
102,92,3,-0.0
102,92,4,-0.0
102,92,5,-0.0
102,92,6,0.0
102,92,7,-0.0
102,92,8,0.0
102,92,9,-0.0
102,92,10,-0.0
102,92,11,0.0
102,92,12,-0.0
102,92,13,0.0
102,92,14,-0.0
102,92,15,-0.0
102,92,16,0.0
102,92,17,-0.0
102,92,18,0.0
102,92,19,0.0
102,92,20,0.0
102,92,21,0.0
102,92,22,0.0
102,92,23,-0.0
102,92,24,0.0
102,92,25,0.0
102,92,26,0.0
102,92,27,-0.0
102,92,28,-0.0
102,92,29,-0.0
102,92,30,0.0
102,92,31,0.0
102,92,32,0.0
102,92,33,0.0
102,92,34,-0.0
102,92,35,-0.0
102,92,36,-0.0
102,92,37,0.0
102,92,38,0.0
102,92,39,0.0
102,92,40,-0.0
102,92,41,-0.0
102,92,42,-0.0
102,92,43,0.0
102,92,44,0.0
102,92,45,0.0
102,92,46,-0.0
102,92,47,-0.0
102,92,48,-0.0
102,92,49,-0.0
102,92,50,-0.0
102,92,51,-0.0
102,92,52,-0.0
102,92,53,-0.0
102,92,54,-0.0
102,92,55,0.0
102,92,56,-0.0
102,92,57,-0.0
102,92,58,-0.0
102,92,59,-0.0
102,92,60,0.0
102,92,61,0.0
102,92,62,0.0
102,92,63,0.0
102,92,64,0.0
102,92,65,0.0
102,92,66,0.0
102,92,67,0.0
102,92,68,0.0
102,92,69,-0.0
102,92,70,0.0
102,92,71,0.0
102,92,72,0.0
102,92,73,-0.0
102,92,74,0.0
102,92,75,-0.0
102,92,76,0.0
102,92,77,-0.0
102,92,78,0.0
102,92,79,0.0
102,92,80,-0.0
102,92,81,-0.0
102,92,82,-0.0
102,92,83,-0.0
102,92,84,0.0
102,92,85,0.0
102,92,86,-0.0
102,92,87,0.0
102,92,88,-0.0
102,92,89,-0.0
102,92,90,-0.0
102,92,91,-0.0
102,92,92,0.0
102,92,93,-0.0
102,92,94,0.0
102,92,95,0.0
102,92,96,0.0
102,92,97,0.0
102,92,98,-0.0
102,92,99,0.0
102,92,100,0.0
102,92,101,0.0
102,92,102,0.0
102,92,103,0.0
102,92,104,0.0
102,92,105,-0.0
102,92,106,0.0
102,92,107,0.0
102,92,108,-0.0
102,92,109,-0.0
102,92,110,-0.0
102,92,111,-0.0
102,92,112,0.0
102,92,113,0.0
102,92,114,0.0
102,92,115,-0.0
102,92,116,-0.0
102,92,117,-0.0
102,92,118,-0.0
102,92,119,-0.0
102,92,120,0.0
102,92,121,0.0
102,92,122,-0.0
102,92,123,-0.0
102,92,124,-0.0
102,92,125,0.0
102,92,126,-0.0
102,92,127,0.0
102,92,128,0.0
102,92,129,-0.0
102,92,130,0.0
102,92,131,0.0
102,92,132,-0.0
102,92,133,0.0
102,92,134,0.0
102,92,135,0.0
102,92,136,0.0
102,92,137,0.0
102,92,138,0.0
102,92,139,0.0
102,92,140,0.0
102,92,141,0.0
102,92,142,-0.0
102,92,143,-0.0
102,92,144,0.0
102,92,145,0.0
102,92,146,-0.0
102,92,147,0.0
102,92,148,-0.0
102,92,149,0.0
102,92,150,0.0
102,92,151,0.0
102,92,152,-0.0
102,92,153,-0.0
102,92,154,0.0
102,92,155,0.0
102,92,156,0.0
102,92,157,-0.0
102,92,158,0.0
102,92,159,0.0
102,92,160,-0.0
102,92,161,0.0
102,92,162,0.0
102,92,163,0.0
102,92,164,0.0
102,92,165,-0.0
102,92,166,0.0
102,92,167,0.0
102,92,168,0.0
102,92,169,-0.0
102,92,170,-0.0
102,92,171,0.0
102,92,172,-0.0
102,92,173,-0.0
102,92,174,0.0
102,92,175,0.0
102,92,176,0.0
102,92,177,-0.0
102,92,178,-0.0
102,92,179,-0.0
102,92,180,-0.0
102,92,181,-0.0
102,92,182,0.0
102,92,183,0.0
102,92,184,-0.0
102,92,185,-0.0
102,92,186,0.0
102,92,187,0.0
102,92,188,-0.0
102,92,189,-0.0
102,92,190,-0.0
102,92,191,0.0
102,92,192,0.0
102,92,193,0.0
102,92,194,-0.0
102,92,195,0.0
102,92,196,-0.0
102,92,197,-0.0
102,92,198,0.0
102,92,199,-0.0
102,92,200,-0.0
102,92,201,0.0
102,92,202,-0.0
102,92,203,-0.0
102,92,204,-0.0
102,92,205,-0.0
102,92,206,-0.0
102,92,207,-0.0
102,92,208,-0.0
102,92,209,-0.0
102,92,210,-0.0
102,92,211,-0.0
102,92,212,-0.0
102,92,213,-0.0
102,92,214,-0.0
102,92,215,-0.0
102,92,216,-0.0
102,92,217,-0.0
102,92,218,-0.0
102,92,219,-0.0
102,92,220,0.0
102,92,221,-0.0
102,92,222,0.0
102,92,223,-0.0
102,92,224,0.0
102,92,225,-0.0
102,92,226,-0.0
102,92,227,-0.0
102,92,228,0.0
102,92,229,0.0
102,92,230,-0.0
102,92,231,-0.0
102,92,232,-0.0
102,92,233,-0.0
102,92,234,-0.0
102,92,235,-0.0
102,92,236,0.0
102,92,237,-0.0
102,92,238,-0.0
102,92,239,-0.0
102,92,240,-0.0
102,92,241,-0.0
102,92,242,-0.0
102,92,243,0.0
102,92,244,-0.0
102,92,245,-0.0
102,92,246,-0.0
102,92,247,-0.0
102,92,248,-0.0
102,92,249,0.0
102,92,250,-0.0
102,92,251,-0.0
102,92,252,-0.0
102,92,253,-0.0
102,92,254,-0.0
102,92,255,0.0
102,92,256,-0.0
102,92,257,-0.0
102,92,258,0.0
102,92,259,0.0
102,92,260,-0.0
102,92,261,-0.0
102,92,262,-0.0
102,92,263,-0.0
102,92,264,0.0
102,92,265,-0.0
102,92,266,-0.0
102,92,267,-0.0
102,92,268,-0.0
102,92,269,-0.0
102,92,270,-0.0
102,92,271,0.0
102,92,272,-0.0
102,92,273,-0.0
102,92,274,-0.0
102,92,275,-0.0
102,92,276,-0.0
102,92,277,-0.0
102,92,278,-0.0
102,92,279,-0.0
102,92,280,-0.0
102,92,281,0.0
102,92,282,-0.0
102,92,283,-0.0
102,92,284,-0.0
102,92,285,-0.0
102,92,286,-0.0
102,92,287,0.0
102,92,288,-0.0
102,92,289,0.0
102,92,290,0.0
102,92,291,-0.0
102,92,292,-0.0
102,92,293,-0.0
102,92,294,0.0
102,92,295,0.0
102,92,296,0.0
102,92,297,-0.0
102,92,298,-0.0
102,92,299,-0.0
102,92,300,0.0
102,92,301,0.0
102,92,302,-0.0
102,92,303,0.0
102,92,304,-0.0
102,92,305,0.0
102,92,306,0.0
102,92,307,-0.0
102,92,308,0.0
102,92,309,-0.0
102,92,310,-0.0
102,92,311,0.0
102,92,312,-0.0
102,92,313,-0.0
102,92,314,-0.0
102,92,315,-0.0
102,92,316,-0.0
102,92,317,0.0
102,92,318,0.0
102,92,319,0.0
102,92,320,-0.0
102,92,321,0.0
102,92,322,-0.0
102,92,323,-0.0
102,92,324,-0.0
102,92,325,0.0
102,92,326,0.0
102,92,327,0.0
102,92,328,-0.0
102,92,329,0.0
102,92,330,0.0
102,92,331,0.0
102,92,332,-0.0
102,92,333,-0.0
102,92,334,-0.0
102,92,335,-0.0
102,92,336,-0.0
102,92,337,-0.0
102,92,338,-0.0
102,92,339,0.0
102,92,340,0.0
102,92,341,-0.0
102,92,342,-0.0
102,92,343,-0.0
102,92,344,-0.0
102,92,345,0.0
102,92,346,-0.0
102,92,347,-0.0
102,92,348,-0.0
102,92,349,-0.0
102,92,350,-0.0
102,92,351,-0.0
102,92,352,-0.0
102,92,353,-0.0
102,92,354,-0.0
102,92,355,0.0
102,92,356,-0.0
102,92,357,-0.0
102,92,358,-0.0
102,92,359,-0.0
102,92,360,-0.0
11,17,0,0.0
11,17,1,0.0
11,17,2,0.0
11,17,3,0.0
11,17,4,0.0
11,17,5,0.0
11,17,6,0.0
11,17,7,-0.0
11,17,8,-0.0
11,17,9,-0.0
11,17,10,-0.0
11,17,11,-0.0
11,17,12,-0.0
11,17,13,-0.0
11,17,14,-0.0
11,17,15,-0.0
11,17,16,-0.0
11,17,17,-0.0
11,17,18,-0.0
11,17,19,-0.0
11,17,20,-0.0
11,17,21,-0.0
11,17,22,-0.0
11,17,23,-0.0
11,17,24,-0.0
11,17,25,-0.0
11,17,26,-0.0
11,17,27,-0.0
11,17,28,-0.0
11,17,29,-0.0
11,17,30,-0.0
11,17,31,-0.0
11,17,32,-0.0
11,17,33,-0.0
11,17,34,-0.0
11,17,35,-0.0
11,17,36,-0.0
11,17,37,-0.0
11,17,38,-0.0
11,17,39,-0.0
11,17,40,-0.0
11,17,41,-0.0
11,17,42,-0.0
11,17,43,-0.0
11,17,44,-0.0
11,17,45,-0.0
11,17,46,-0.0
11,17,47,-0.0
11,17,48,-0.0
11,17,49,-0.0
11,17,50,-0.0
11,17,51,-0.0
11,17,52,-0.0
11,17,53,-0.0
11,17,54,-0.0
11,17,55,-0.0
11,17,56,-0.0
11,17,57,-0.0
11,17,58,-0.0
11,17,59,-0.0
11,17,60,-0.0
11,17,61,-0.0
11,17,62,-0.0
11,17,63,-0.0
11,17,64,-0.0
11,17,65,-0.0
11,17,66,-0.0
11,17,67,-0.0
11,17,68,-0.0
11,17,69,-0.0
11,17,70,-0.0
11,17,71,-0.0
11,17,72,-0.0
11,17,73,-0.0
11,17,74,-0.0
11,17,75,-0.0
11,17,76,-0.0
11,17,77,-0.0
11,17,78,-0.0
11,17,79,-0.0
11,17,80,-0.0
11,17,81,-0.0
11,17,82,-0.0
11,17,83,-0.0
11,17,84,-0.0
11,17,85,-0.0
11,17,86,-0.0
11,17,87,-0.0
11,17,88,-0.0
11,17,89,-0.0
11,17,90,-0.0
11,17,91,-0.0
11,17,92,-0.0
11,17,93,-0.0
11,17,94,-0.0
11,17,95,-0.0
11,17,96,-0.0
11,17,97,-0.0
11,17,98,-0.0
11,17,99,-0.0
11,17,100,-0.0
11,17,101,-0.0
11,17,102,-0.0
11,17,103,-0.0
11,17,104,-0.0
11,17,105,-0.0
11,17,106,-0.0
11,17,107,-0.0
11,17,108,-0.0
11,17,109,-0.0
11,17,110,-0.0
11,17,111,-0.0
11,17,112,-0.0
11,17,113,-0.0
11,17,114,-0.0
11,17,115,-0.0
11,17,116,-0.0
11,17,117,-0.0
11,17,118,-0.0
11,17,119,-0.0
11,17,120,-0.0
11,17,121,-0.0
11,17,122,-0.0
11,17,123,-0.0
11,17,124,-0.0
11,17,125,-0.0
11,17,126,-0.0
11,17,127,-0.0
11,17,128,-0.0
11,17,129,-0.0
11,17,130,-0.0
11,17,131,-0.0
11,17,132,-0.0
11,17,133,-0.0
11,17,134,-0.0
11,17,135,-0.0
11,17,136,-0.0
11,17,137,-0.0
11,17,138,-0.0
11,17,139,-0.0
11,17,140,-0.0
11,17,141,-0.0
11,17,142,-0.0
11,17,143,-0.0
11,17,144,-0.0
11,17,145,-0.0
11,17,146,-0.0
11,17,147,-0.0
11,17,148,-0.0
11,17,149,-0.0
11,17,150,-0.0
11,17,151,-0.0
11,17,152,-0.0
11,17,153,-0.0
11,17,154,-0.0
11,17,155,-0.0
11,17,156,-0.0
11,17,157,-0.0
11,17,158,-0.0
11,17,159,-0.0
11,17,160,-0.0
11,17,161,-0.0
11,17,162,-0.0
11,17,163,-0.0
11,17,164,-0.0
11,17,165,-0.0
11,17,166,-0.0
11,17,167,-0.0
11,17,168,-0.0
11,17,169,-0.0
11,17,170,-0.0
11,17,171,-0.0
11,17,172,-0.0
11,17,173,-0.0
11,17,174,-0.0
11,17,175,-0.0
11,17,176,-0.0
11,17,177,-0.0
11,17,178,-0.0
11,17,179,-0.0
11,17,180,-0.0
11,17,181,-0.0
11,17,182,-0.0
11,17,183,-0.0
11,17,184,-0.0
11,17,185,-0.0
11,17,186,-0.0
11,17,187,-0.0
11,17,188,-0.0
11,17,189,-0.0
11,17,190,-0.0
11,17,191,-0.0
11,17,192,-0.0
11,17,193,-0.0
11,17,194,-0.0
11,17,195,-0.0
11,17,196,-0.0
11,17,197,-0.0
11,17,198,-0.0
11,17,199,-0.0
11,17,200,-0.0
11,17,201,-0.0
11,17,202,-0.0
11,17,203,-0.0
11,17,204,-0.0
11,17,205,-0.0
11,17,206,-0.0
11,17,207,-0.0
11,17,208,-0.0
11,17,209,-0.0
11,17,210,-0.0
11,17,211,-0.0
11,17,212,-0.0
11,17,213,-0.0
11,17,214,-0.0
11,17,215,-0.0
11,17,216,-0.0
11,17,217,-0.0
11,17,218,-0.0
11,17,219,-0.0
11,17,220,-0.0
11,17,221,-0.0
11,17,222,-0.0
11,17,223,-0.0
11,17,224,-0.0
11,17,225,-0.0
11,17,226,-0.0
11,17,227,-0.0
11,17,228,-0.0
11,17,229,-0.0
11,17,230,-0.0
11,17,231,-0.0
11,17,232,-0.0
11,17,233,-0.0
11,17,234,-0.0
11,17,235,-0.0
11,17,236,-0.0
11,17,237,-0.0
11,17,238,-0.0
11,17,239,-0.0
11,17,240,-0.0
11,17,241,-0.0
11,17,242,-0.0
11,17,243,-0.0
11,17,244,-0.0
11,17,245,-0.0
11,17,246,-0.0
11,17,247,-0.0
11,17,248,-0.0
11,17,249,-0.0
11,17,250,-0.0
11,17,251,-0.0
11,17,252,-0.0
11,17,253,-0.0
11,17,254,-0.0
11,17,255,-0.0
11,17,256,-0.0
11,17,257,-0.0
11,17,258,-0.0
11,17,259,-0.0
11,17,260,-0.0
11,17,261,-0.0
11,17,262,-0.0
11,17,263,-0.0
11,17,264,-0.0
11,17,265,-0.0
11,17,266,-0.0
11,17,267,-0.0
11,17,268,-0.0
11,17,269,-0.0
11,17,270,-0.0
11,17,271,-0.0
11,17,272,-0.0
11,17,273,-0.0
11,17,274,-0.0
11,17,275,-0.0
11,17,276,-0.0
11,17,277,-0.0
11,17,278,-0.0
11,17,279,-0.0
11,17,280,-0.0
11,17,281,-0.0
11,17,282,-0.0
11,17,283,-0.0
11,17,284,-0.0
11,17,285,-0.0
11,17,286,-0.0
11,17,287,-0.0
11,17,288,-0.0
11,17,289,-0.0
11,17,290,-0.0
11,17,291,-0.0
11,17,292,-0.0
11,17,293,-0.0
11,17,294,-0.0
11,17,295,-0.0
11,17,296,-0.0
11,17,297,-0.0
11,17,298,-0.0
11,17,299,-0.0
11,17,300,-0.0
11,17,301,-0.0
11,17,302,-0.0
11,17,303,-0.0
11,17,304,-0.0
11,17,305,-0.0
11,17,306,-0.0
11,17,307,-0.0
11,17,308,-0.0
11,17,309,-0.0
11,17,310,-0.0
11,17,311,-0.0
11,17,312,-0.0
11,17,313,-0.0
11,17,314,-0.0
11,17,315,-0.0
11,17,316,-0.0
11,17,317,-0.0
11,17,318,-0.0
11,17,319,-0.0
11,17,320,-0.0
11,17,321,-0.0
11,17,322,-0.0
11,17,323,-0.0
11,17,324,-0.0
11,17,325,-0.0
11,17,326,-0.0
11,17,327,-0.0
11,17,328,-0.0
11,17,329,-0.0
11,17,330,-0.0
11,17,331,-0.0
11,17,332,-0.0
11,17,333,-0.0
11,17,334,-0.0
11,17,335,-0.0
11,17,336,-0.0
11,17,337,-0.0
11,17,338,-0.0
11,17,339,-0.0
11,17,340,-0.0
11,17,341,-0.0
11,17,342,-0.0
11,17,343,-0.0
11,17,344,-0.0
11,17,345,-0.0
11,17,346,-0.0
11,17,347,-0.0
11,17,348,-0.0
11,17,349,-0.0
11,17,350,-0.0
11,17,351,-0.0
11,17,352,-0.0
11,17,353,-0.0
11,17,354,-0.0
11,17,355,-0.0
11,17,356,-0.0
11,17,357,-0.0
11,17,358,0.0
11,17,359,-0.0
11,17,360,-0.0
86,114,0,0.0
86,114,1,0.0
86,114,2,0.0
86,114,3,6.0
86,114,4,0.0
86,114,5,0.0
86,114,6,0.0
86,114,7,4.0
86,114,8,0.0
86,114,9,6.0
86,114,10,-0.0
86,114,11,-0.0
86,114,12,6.0
86,114,13,6.0
86,114,14,6.0
86,114,15,6.0
86,114,16,6.0
86,114,17,6.0
86,114,18,0.0
86,114,19,0.0
86,114,20,0.0
86,114,21,6.0
86,114,22,-0.0
86,114,23,0.0
86,114,24,0.0
86,114,25,6.0
86,114,26,5.0
86,114,27,6.0
86,114,28,0.0
86,114,29,5.0
86,114,30,-0.0
86,114,31,4.0
86,114,32,6.0
86,114,33,0.0
86,114,34,0.0
86,114,35,-0.0
86,114,36,-0.0
86,114,37,-0.0
86,114,38,0.0
86,114,39,6.0
86,114,40,4.0
86,114,41,1.0
86,114,42,2.0
86,114,43,6.0
86,114,44,0.0
86,114,45,4.0
86,114,46,0.0
86,114,47,6.0
86,114,48,0.0
86,114,49,-0.0
86,114,50,4.0
86,114,51,6.0
86,114,52,-0.0
86,114,53,6.0
86,114,54,0.0
86,114,55,6.0
86,114,56,0.0
86,114,57,0.0
86,114,58,-0.0
86,114,59,4.0
86,114,60,-0.0
86,114,61,1.0
86,114,62,4.0
86,114,63,0.0
86,114,64,5.0
86,114,65,-0.0
86,114,66,-0.0
86,114,67,0.0
86,114,68,4.0
86,114,69,-0.0
86,114,70,0.0
86,114,71,-0.0
86,114,72,0.0
86,114,73,6.0
86,114,74,6.0
86,114,75,4.0
86,114,76,-0.0
86,114,77,0.0
86,114,78,0.0
86,114,79,0.0
86,114,80,6.0
86,114,81,0.0
86,114,82,6.0
86,114,83,6.0
86,114,84,6.0
86,114,85,6.0
86,114,86,0.0
86,114,87,6.0
86,114,88,-0.0
86,114,89,0.0
86,114,90,0.0
86,114,91,5.0
86,114,92,6.0
86,114,93,6.0
86,114,94,0.0
86,114,95,-0.0
86,114,96,5.0
86,114,97,0.0
86,114,98,6.0
86,114,99,-0.0
86,114,100,-0.0
86,114,101,6.0
86,114,102,2.0
86,114,103,6.0
86,114,104,5.0
86,114,105,0.0
86,114,106,4.0
86,114,107,-0.0
86,114,108,5.0
86,114,109,0.0
86,114,110,6.0
86,114,111,0.0
86,114,112,6.0
86,114,113,6.0
86,114,114,-0.0
86,114,115,6.0
86,114,116,-0.0
86,114,117,-0.0
86,114,118,5.0
86,114,119,0.0
86,114,120,4.0
86,114,121,1.0
86,114,122,4.0
86,114,123,6.0
86,114,124,4.0
86,114,125,0.0
86,114,126,5.0
86,114,127,0.0
86,114,128,4.0
86,114,129,1.0
86,114,130,0.0
86,114,131,0.0
86,114,132,0.0
86,114,133,6.0
86,114,134,0.0
86,114,135,-0.0
86,114,136,0.0
86,114,137,5.0
86,114,138,-0.0
86,114,139,6.0
86,114,140,-0.0
86,114,141,4.0
86,114,142,6.0
86,114,143,5.0
86,114,144,0.0
86,114,145,6.0
86,114,146,-0.0
86,114,147,5.0
86,114,148,6.0
86,114,149,4.0
86,114,150,0.0
86,114,151,5.0
86,114,152,6.0
86,114,153,6.0
86,114,154,0.0
86,114,155,5.0
86,114,156,6.0
86,114,157,-0.0
86,114,158,5.0
86,114,159,-0.0
86,114,160,0.0
86,114,161,5.0
86,114,162,0.0
86,114,163,-0.0
86,114,164,6.0
86,114,165,6.0
86,114,166,0.0
86,114,167,1.0
86,114,168,0.0
86,114,169,-0.0
86,114,170,6.0
86,114,171,-0.0
86,114,172,6.0
86,114,173,4.0
86,114,174,6.0
86,114,175,5.0
86,114,176,0.0
86,114,177,0.0
86,114,178,5.0
86,114,179,6.0
86,114,180,0.0
86,114,181,6.0
86,114,182,6.0
86,114,183,5.0
86,114,184,6.0
86,114,185,0.0
86,114,186,6.0
86,114,187,6.0
86,114,188,0.0
86,114,189,-0.0
86,114,190,-0.0
86,114,191,0.0
86,114,192,6.0
86,114,193,6.0
86,114,194,6.0
86,114,195,4.0
86,114,196,-0.0
86,114,197,4.0
86,114,198,6.0
86,114,199,0.0
86,114,200,0.0
86,114,201,0.0
86,114,202,-0.0
86,114,203,0.0
86,114,204,2.0
86,114,205,6.0
86,114,206,0.0
86,114,207,0.0
86,114,208,4.0
86,114,209,-0.0
86,114,210,0.0
86,114,211,6.0
86,114,212,-0.0
86,114,213,6.0
86,114,214,-0.0
86,114,215,-0.0
86,114,216,0.0
86,114,217,-0.0
86,114,218,4.0
86,114,219,0.0
86,114,220,6.0
86,114,221,0.0
86,114,222,-0.0
86,114,223,0.0
86,114,224,2.0
86,114,225,5.0
86,114,226,0.0
86,114,227,5.0
86,114,228,0.0
86,114,229,0.0
86,114,230,6.0
86,114,231,0.0
86,114,232,0.0
86,114,233,0.0
86,114,234,5.0
86,114,235,0.0
86,114,236,0.0
86,114,237,-0.0
86,114,238,5.0
86,114,239,0.0
86,114,240,0.0
86,114,241,5.0
86,114,242,0.0
86,114,243,2.0
86,114,244,-0.0
86,114,245,5.0
86,114,246,6.0
86,114,247,6.0
86,114,248,6.0
86,114,249,-0.0
86,114,250,6.0
86,114,251,6.0
86,114,252,6.0
86,114,253,0.0
86,114,254,0.0
86,114,255,-0.0
86,114,256,6.0
86,114,257,6.0
86,114,258,0.0
86,114,259,4.0
86,114,260,0.0
86,114,261,6.0
86,114,262,-0.0
86,114,263,5.0
86,114,264,-0.0
86,114,265,6.0
86,114,266,4.0
86,114,267,6.0
86,114,268,5.0
86,114,269,0.0
86,114,270,6.0
86,114,271,0.0
86,114,272,5.0
86,114,273,0.0
86,114,274,5.0
86,114,275,0.0
86,114,276,5.0
86,114,277,6.0
86,114,278,4.0
86,114,279,-0.0
86,114,280,6.0
86,114,281,6.0
86,114,282,-0.0
86,114,283,6.0
86,114,284,6.0
86,114,285,5.0
86,114,286,-0.0
86,114,287,-0.0
86,114,288,-0.0
86,114,289,5.0
86,114,290,-0.0
86,114,291,6.0
86,114,292,6.0
86,114,293,4.0
86,114,294,6.0
86,114,295,5.0
86,114,296,6.0
86,114,297,0.0
86,114,298,5.0
86,114,299,0.0
86,114,300,6.0
86,114,301,6.0
86,114,302,6.0
86,114,303,0.0
86,114,304,5.0
86,114,305,0.0
86,114,306,4.0
86,114,307,0.0
86,114,308,4.0
86,114,309,0.0
86,114,310,6.0
86,114,311,6.0
86,114,312,6.0
86,114,313,6.0
86,114,314,0.0
86,114,315,6.0
86,114,316,0.0
86,114,317,-0.0
86,114,318,0.0
86,114,319,0.0
86,114,320,5.0
86,114,321,6.0
86,114,322,0.0
86,114,323,6.0
86,114,324,0.0
86,114,325,6.0
86,114,326,0.0
86,114,327,5.0
86,114,328,-0.0
86,114,329,5.0
86,114,330,0.0
86,114,331,6.0
86,114,332,-0.0
86,114,333,0.0
86,114,334,6.0
86,114,335,6.0
86,114,336,6.0
86,114,337,5.0
86,114,338,0.0
86,114,339,4.0
86,114,340,0.0
86,114,341,5.0
86,114,342,6.0
86,114,343,6.0
86,114,344,-0.0
86,114,345,4.0
86,114,346,-0.0
86,114,347,6.0
86,114,348,5.0
86,114,349,0.0
86,114,350,4.0
86,114,351,6.0
86,114,352,-0.0
86,114,353,0.0
86,114,354,6.0
86,114,355,-0.0
86,114,356,6.0
86,114,357,6.0
86,114,358,4.0
86,114,359,-0.0
86,114,360,-0.0
74,94,0,0.0
74,94,1,0.0
74,94,2,-0.0
74,94,3,-0.0
74,94,4,-0.0
74,94,5,-0.0
74,94,6,-0.0
74,94,7,-0.0
74,94,8,-0.0
74,94,9,-0.0
74,94,10,-0.0
74,94,11,-0.0
74,94,12,-0.0
74,94,13,-0.0
74,94,14,-0.0
74,94,15,-0.0
74,94,16,-0.0
74,94,17,-0.0
74,94,18,-0.0
74,94,19,-0.0
74,94,20,-0.0
74,94,21,-0.0
74,94,22,-0.0
74,94,23,-0.0
74,94,24,-0.0
74,94,25,-0.0
74,94,26,-0.0
74,94,27,-0.0
74,94,28,-0.0
74,94,29,-0.0
74,94,30,-0.0
74,94,31,-0.0
74,94,32,-0.0
74,94,33,-0.0
74,94,34,-0.0
74,94,35,-0.0
74,94,36,-0.0
74,94,37,-0.0
74,94,38,-0.0
74,94,39,-0.0
74,94,40,-0.0
74,94,41,-0.0
74,94,42,-0.0
74,94,43,-0.0
74,94,44,-0.0
74,94,45,-0.0
74,94,46,-0.0
74,94,47,-0.0
74,94,48,-0.0
74,94,49,-0.0
74,94,50,-0.0
74,94,51,-0.0
74,94,52,-0.0
74,94,53,-0.0
74,94,54,-0.0
74,94,55,-0.0
74,94,56,-0.0
74,94,57,-0.0
74,94,58,-0.0
74,94,59,-0.0
74,94,60,-0.0
74,94,61,-0.0
74,94,62,-0.0
74,94,63,-0.0
74,94,64,-0.0
74,94,65,-0.0
74,94,66,-0.0
74,94,67,-0.0
74,94,68,-0.0
74,94,69,-0.0
74,94,70,-0.0
74,94,71,-0.0
74,94,72,-0.0
74,94,73,-0.0
74,94,74,-0.0
74,94,75,-0.0
74,94,76,-0.0
74,94,77,-0.0
74,94,78,-0.0
74,94,79,-0.0
74,94,80,-0.0
74,94,81,-0.0
74,94,82,-0.0
74,94,83,-0.0
74,94,84,-0.0
74,94,85,-0.0
74,94,86,-0.0
74,94,87,-0.0
74,94,88,-0.0
74,94,89,-0.0
74,94,90,-0.0
74,94,91,-0.0
74,94,92,-0.0
74,94,93,-0.0
74,94,94,-0.0
74,94,95,-0.0
74,94,96,-0.0
74,94,97,-0.0
74,94,98,-0.0
74,94,99,-0.0
74,94,100,-0.0
74,94,101,-0.0
74,94,102,-0.0
74,94,103,-0.0
74,94,104,-0.0
74,94,105,-0.0
74,94,106,-0.0
74,94,107,-0.0
74,94,108,-0.0
74,94,109,-0.0
74,94,110,-0.0
74,94,111,-0.0
74,94,112,-0.0
74,94,113,-0.0
74,94,114,-0.0
74,94,115,-0.0
74,94,116,-0.0
74,94,117,-0.0
74,94,118,-0.0
74,94,119,-0.0
74,94,120,-0.0
74,94,121,-0.0
74,94,122,-0.0
74,94,123,-0.0
74,94,124,-0.0
74,94,125,-0.0
74,94,126,-0.0
74,94,127,-0.0
74,94,128,-0.0
74,94,129,-0.0
74,94,130,-0.0
74,94,131,-0.0
74,94,132,-0.0
74,94,133,-0.0
74,94,134,-0.0
74,94,135,-0.0
74,94,136,-0.0
74,94,137,-0.0
74,94,138,-0.0
74,94,139,-0.0
74,94,140,-0.0
74,94,141,-0.0
74,94,142,-0.0
74,94,143,-0.0
74,94,144,-0.0
74,94,145,-0.0
74,94,146,-0.0
74,94,147,-0.0
74,94,148,-0.0
74,94,149,-0.0
74,94,150,-0.0
74,94,151,-0.0
74,94,152,-0.0
74,94,153,-0.0
74,94,154,-0.0
74,94,155,-0.0
74,94,156,-0.0
74,94,157,-0.0
74,94,158,-0.0
74,94,159,-0.0
74,94,160,-0.0
74,94,161,-0.0
74,94,162,-0.0
74,94,163,-0.0
74,94,164,-0.0
74,94,165,-0.0
74,94,166,-0.0
74,94,167,-0.0
74,94,168,-0.0
74,94,169,-0.0
74,94,170,-0.0
74,94,171,-0.0
74,94,172,-0.0
74,94,173,-0.0
74,94,174,-0.0
74,94,175,-0.0
74,94,176,-0.0
74,94,177,-0.0
74,94,178,-0.0
74,94,179,-0.0
74,94,180,-0.0
74,94,181,-0.0
74,94,182,-0.0
74,94,183,-0.0
74,94,184,-0.0
74,94,185,-0.0
74,94,186,-0.0
74,94,187,-0.0
74,94,188,-0.0
74,94,189,-0.0
74,94,190,-0.0
74,94,191,-0.0
74,94,192,-0.0
74,94,193,-0.0
74,94,194,-0.0
74,94,195,-0.0
74,94,196,-0.0
74,94,197,-0.0
74,94,198,-0.0
74,94,199,-0.0
74,94,200,-0.0
74,94,201,-0.0
74,94,202,-0.0
74,94,203,-0.0
74,94,204,-0.0
74,94,205,-0.0
74,94,206,-0.0
74,94,207,-0.0
74,94,208,-0.0
74,94,209,-0.0
74,94,210,-0.0
74,94,211,-0.0
74,94,212,-0.0
74,94,213,-0.0
74,94,214,-0.0
74,94,215,-0.0
74,94,216,-0.0
74,94,217,-0.0
74,94,218,-0.0
74,94,219,-0.0
74,94,220,-0.0
74,94,221,-0.0
74,94,222,-0.0
74,94,223,-0.0
74,94,224,-0.0
74,94,225,-0.0
74,94,226,-0.0
74,94,227,-0.0
74,94,228,-0.0
74,94,229,-0.0
74,94,230,-0.0
74,94,231,-0.0
74,94,232,-0.0
74,94,233,-0.0
74,94,234,-0.0
74,94,235,-0.0
74,94,236,-0.0
74,94,237,-0.0
74,94,238,-0.0
74,94,239,-0.0
74,94,240,-0.0
74,94,241,-0.0
74,94,242,-0.0
74,94,243,-0.0
74,94,244,-0.0
74,94,245,-0.0
74,94,246,-0.0
74,94,247,-0.0
74,94,248,-0.0
74,94,249,-0.0
74,94,250,-0.0
74,94,251,-0.0
74,94,252,-0.0
74,94,253,-0.0
74,94,254,-0.0
74,94,255,-0.0
74,94,256,-0.0
74,94,257,-0.0
74,94,258,-0.0
74,94,259,-0.0
74,94,260,-0.0
74,94,261,-0.0
74,94,262,-0.0
74,94,263,-0.0
74,94,264,-0.0
74,94,265,-0.0
74,94,266,-0.0
74,94,267,-0.0
74,94,268,-0.0
74,94,269,-0.0
74,94,270,-0.0
74,94,271,-0.0
74,94,272,-0.0
74,94,273,-0.0
74,94,274,-0.0
74,94,275,-0.0
74,94,276,-0.0
74,94,277,-0.0
74,94,278,-0.0
74,94,279,-0.0
74,94,280,-0.0
74,94,281,-0.0
74,94,282,-0.0
74,94,283,-0.0
74,94,284,-0.0
74,94,285,-0.0
74,94,286,-0.0
74,94,287,-0.0
74,94,288,-0.0
74,94,289,-0.0
74,94,290,-0.0
74,94,291,-0.0
74,94,292,-0.0
74,94,293,-0.0
74,94,294,-0.0
74,94,295,-0.0
74,94,296,-0.0
74,94,297,-0.0
74,94,298,-0.0
74,94,299,-0.0
74,94,300,-0.0
74,94,301,-0.0
74,94,302,-0.0
74,94,303,-0.0
74,94,304,-0.0
74,94,305,-0.0
74,94,306,-0.0
74,94,307,-0.0
74,94,308,-0.0
74,94,309,-0.0
74,94,310,-0.0
74,94,311,-0.0
74,94,312,-0.0
74,94,313,-0.0
74,94,314,-0.0
74,94,315,-0.0
74,94,316,-0.0
74,94,317,-0.0
74,94,318,-0.0
74,94,319,-0.0
74,94,320,0.0
74,94,321,-0.0
74,94,322,-0.0
74,94,323,-0.0
74,94,324,-0.0
74,94,325,-0.0
74,94,326,-0.0
74,94,327,-0.0
74,94,328,-0.0
74,94,329,-0.0
74,94,330,-0.0
74,94,331,-0.0
74,94,332,-0.0
74,94,333,-0.0
74,94,334,-0.0
74,94,335,-0.0
74,94,336,-0.0
74,94,337,-0.0
74,94,338,-0.0
74,94,339,-0.0
74,94,340,-0.0
74,94,341,-0.0
74,94,342,-0.0
74,94,343,-0.0
74,94,344,-0.0
74,94,345,-0.0
74,94,346,-0.0
74,94,347,-0.0
74,94,348,-0.0
74,94,349,-0.0
74,94,350,-0.0
74,94,351,-0.0
74,94,352,-0.0
74,94,353,-0.0
74,94,354,-0.0
74,94,355,-0.0
74,94,356,-0.0
74,94,357,-0.0
74,94,358,-0.0
74,94,359,-0.0
74,94,360,-0.0
49,19,0,0.0
49,19,1,0.0
49,19,2,-0.0
49,19,3,4.0
49,19,4,-0.0
49,19,5,3.0
49,19,6,-0.0
49,19,7,-0.0
49,19,8,0.0
49,19,9,-0.0
49,19,10,0.0
49,19,11,0.0
49,19,12,0.0
49,19,13,5.0
49,19,14,3.0
49,19,15,0.0
49,19,16,0.0
49,19,17,5.0
49,19,18,-0.0
49,19,19,6.0
49,19,20,5.0
49,19,21,1.0
49,19,22,0.0
49,19,23,0.0
49,19,24,0.0
49,19,25,6.0
49,19,26,0.0
49,19,27,0.0
49,19,28,5.0
49,19,29,5.0
49,19,30,1.0
49,19,31,2.0
49,19,32,5.0
49,19,33,0.0
49,19,34,2.0
49,19,35,0.0
49,19,36,6.0
49,19,37,0.0
49,19,38,3.0
49,19,39,3.0
49,19,40,-0.0
49,19,41,5.0
49,19,42,-0.0
49,19,43,3.0
49,19,44,2.0
49,19,45,3.0
49,19,46,0.0
49,19,47,0.0
49,19,48,3.0
49,19,49,-0.0
49,19,50,0.0
49,19,51,0.0
49,19,52,5.0
49,19,53,0.0
49,19,54,5.0
49,19,55,5.0
49,19,56,-0.0
49,19,57,5.0
49,19,58,0.0
49,19,59,-0.0
49,19,60,0.0
49,19,61,-0.0
49,19,62,6.0
49,19,63,6.0
49,19,64,3.0
49,19,65,0.0
49,19,66,-0.0
49,19,67,3.0
49,19,68,3.0
49,19,69,-0.0
49,19,70,-0.0
49,19,71,-0.0
49,19,72,6.0
49,19,73,0.0
49,19,74,3.0
49,19,75,-0.0
49,19,76,3.0
49,19,77,3.0
49,19,78,3.0
49,19,79,0.0
49,19,80,6.0
49,19,81,5.0
49,19,82,1.0
49,19,83,-0.0
49,19,84,6.0
49,19,85,5.0
49,19,86,6.0
49,19,87,3.0
49,19,88,5.0
49,19,89,0.0
49,19,90,3.0
49,19,91,3.0
49,19,92,3.0
49,19,93,5.0
49,19,94,6.0
49,19,95,3.0
49,19,96,0.0
49,19,97,0.0
49,19,98,-0.0
49,19,99,0.0
49,19,100,-0.0
49,19,101,6.0
49,19,102,3.0
49,19,103,3.0
49,19,104,0.0
49,19,105,5.0
49,19,106,1.0
49,19,107,0.0
49,19,108,6.0
49,19,109,3.0
49,19,110,6.0
49,19,111,0.0
49,19,112,3.0
49,19,113,3.0
49,19,114,5.0
49,19,115,6.0
49,19,116,4.0
49,19,117,6.0
49,19,118,3.0
49,19,119,3.0
49,19,120,-0.0
49,19,121,6.0
49,19,122,-0.0
49,19,123,-0.0
49,19,124,5.0
49,19,125,2.0
49,19,126,4.0
49,19,127,0.0
49,19,128,0.0
49,19,129,-0.0
49,19,130,6.0
49,19,131,6.0
49,19,132,0.0
49,19,133,3.0
49,19,134,3.0
49,19,135,3.0
49,19,136,3.0
49,19,137,3.0
49,19,138,3.0
49,19,139,2.0
49,19,140,-0.0
49,19,141,-0.0
49,19,142,3.0
49,19,143,3.0
49,19,144,3.0
49,19,145,3.0
49,19,146,3.0
49,19,147,0.0
49,19,148,-0.0
49,19,149,2.0
49,19,150,5.0
49,19,151,5.0
49,19,152,3.0
49,19,153,-0.0
49,19,154,5.0
49,19,155,-0.0
49,19,156,0.0
49,19,157,0.0
49,19,158,-0.0
49,19,159,-0.0
49,19,160,-0.0
49,19,161,-0.0
49,19,162,0.0
49,19,163,6.0
49,19,164,3.0
49,19,165,0.0
49,19,166,1.0
49,19,167,-0.0
49,19,168,-0.0
49,19,169,3.0
49,19,170,3.0
49,19,171,0.0
49,19,172,0.0
49,19,173,0.0
49,19,174,3.0
49,19,175,3.0
49,19,176,-0.0
49,19,177,6.0
49,19,178,4.0
49,19,179,1.0
49,19,180,0.0
49,19,181,0.0
49,19,182,-0.0
49,19,183,0.0
49,19,184,4.0
49,19,185,0.0
49,19,186,5.0
49,19,187,3.0
49,19,188,3.0
49,19,189,6.0
49,19,190,6.0
49,19,191,3.0
49,19,192,-0.0
49,19,193,3.0
49,19,194,-0.0
49,19,195,-0.0
49,19,196,6.0
49,19,197,4.0
49,19,198,3.0
49,19,199,3.0
49,19,200,3.0
49,19,201,3.0
49,19,202,0.0
49,19,203,5.0
49,19,204,5.0
49,19,205,2.0
49,19,206,2.0
49,19,207,3.0
49,19,208,0.0
49,19,209,5.0
49,19,210,5.0
49,19,211,3.0
49,19,212,3.0
49,19,213,3.0
49,19,214,0.0
49,19,215,3.0
49,19,216,0.0
49,19,217,5.0
49,19,218,5.0
49,19,219,3.0
49,19,220,-0.0
49,19,221,0.0
49,19,222,3.0
49,19,223,2.0
49,19,224,-0.0
49,19,225,0.0
49,19,226,0.0
49,19,227,3.0
49,19,228,2.0
49,19,229,-0.0
49,19,230,0.0
49,19,231,0.0
49,19,232,3.0
49,19,233,3.0
49,19,234,0.0
49,19,235,-0.0
49,19,236,3.0
49,19,237,6.0
49,19,238,0.0
49,19,239,3.0
49,19,240,3.0
49,19,241,5.0
49,19,242,6.0
49,19,243,0.0
49,19,244,3.0
49,19,245,0.0
49,19,246,0.0
49,19,247,-0.0
49,19,248,1.0
49,19,249,1.0
49,19,250,6.0
49,19,251,6.0
49,19,252,3.0
49,19,253,-0.0
49,19,254,3.0
49,19,255,0.0
49,19,256,-0.0
49,19,257,3.0
49,19,258,3.0
49,19,259,6.0
49,19,260,0.0
49,19,261,3.0
49,19,262,6.0
49,19,263,5.0
49,19,264,3.0
49,19,265,3.0
49,19,266,6.0
49,19,267,5.0
49,19,268,6.0
49,19,269,5.0
49,19,270,0.0
49,19,271,3.0
49,19,272,6.0
49,19,273,5.0
49,19,274,3.0
49,19,275,3.0
49,19,276,0.0
49,19,277,0.0
49,19,278,3.0
49,19,279,6.0
49,19,280,6.0
49,19,281,0.0
49,19,282,0.0
49,19,283,3.0
49,19,284,0.0
49,19,285,-0.0
49,19,286,0.0
49,19,287,0.0
49,19,288,3.0
49,19,289,3.0
49,19,290,3.0
49,19,291,3.0
49,19,292,-0.0
49,19,293,0.0
49,19,294,3.0
49,19,295,3.0
49,19,296,0.0
49,19,297,3.0
49,19,298,0.0
49,19,299,5.0
49,19,300,5.0
49,19,301,4.0
49,19,302,5.0
49,19,303,5.0
49,19,304,-0.0
49,19,305,0.0
49,19,306,5.0
49,19,307,3.0
49,19,308,-0.0
49,19,309,4.0
49,19,310,5.0
49,19,311,3.0
49,19,312,3.0
49,19,313,3.0
49,19,314,3.0
49,19,315,0.0
49,19,316,3.0
49,19,317,6.0
49,19,318,6.0
49,19,319,3.0
49,19,320,6.0
49,19,321,0.0
49,19,322,3.0
49,19,323,1.0
49,19,324,0.0
49,19,325,1.0
49,19,326,3.0
49,19,327,6.0
49,19,328,0.0
49,19,329,2.0
49,19,330,2.0
49,19,331,-0.0
49,19,332,4.0
49,19,333,3.0
49,19,334,3.0
49,19,335,0.0
49,19,336,3.0
49,19,337,3.0
49,19,338,-0.0
49,19,339,-0.0
49,19,340,3.0
49,19,341,6.0
49,19,342,-0.0
49,19,343,6.0
49,19,344,4.0
49,19,345,5.0
49,19,346,-0.0
49,19,347,1.0
49,19,348,5.0
49,19,349,4.0
49,19,350,2.0
49,19,351,5.0
49,19,352,4.0
49,19,353,5.0
49,19,354,0.0
49,19,355,5.0
49,19,356,6.0
49,19,357,4.0
49,19,358,0.0
49,19,359,-0.0
49,19,360,-0.0
32,33,0,0.0
32,33,1,0.0
32,33,2,5.0
32,33,3,0.0
32,33,4,6.0
32,33,5,3.0
32,33,6,0.0
32,33,7,0.0
32,33,8,5.0
32,33,9,0.0
32,33,10,5.0
32,33,11,5.0
32,33,12,0.0
32,33,13,5.0
32,33,14,3.0
32,33,15,0.0
32,33,16,5.0
32,33,17,5.0
32,33,18,0.0
32,33,19,0.0
32,33,20,0.0
32,33,21,1.0
32,33,22,0.0
32,33,23,0.0
32,33,24,6.0
32,33,25,0.0
32,33,26,-0.0
32,33,27,3.0
32,33,28,5.0
32,33,29,0.0
32,33,30,1.0
32,33,31,0.0
32,33,32,0.0
32,33,33,0.0
32,33,34,5.0
32,33,35,0.0
32,33,36,6.0
32,33,37,0.0
32,33,38,5.0
32,33,39,6.0
32,33,40,0.0
32,33,41,0.0
32,33,42,0.0
32,33,43,3.0
32,33,44,0.0
32,33,45,5.0
32,33,46,0.0
32,33,47,0.0
32,33,48,0.0
32,33,49,0.0
32,33,50,0.0
32,33,51,0.0
32,33,52,0.0
32,33,53,0.0
32,33,54,5.0
32,33,55,0.0
32,33,56,0.0
32,33,57,5.0
32,33,58,0.0
32,33,59,0.0
32,33,60,0.0
32,33,61,0.0
32,33,62,5.0
32,33,63,0.0
32,33,64,0.0
32,33,65,0.0
32,33,66,0.0
32,33,67,3.0
32,33,68,0.0
32,33,69,0.0
32,33,70,0.0
32,33,71,0.0
32,33,72,0.0
32,33,73,0.0
32,33,74,0.0
32,33,75,0.0
32,33,76,3.0
32,33,77,3.0
32,33,78,0.0
32,33,79,0.0
32,33,80,0.0
32,33,81,0.0
32,33,82,0.0
32,33,83,0.0
32,33,84,0.0
32,33,85,0.0
32,33,86,0.0
32,33,87,0.0
32,33,88,1.0
32,33,89,0.0
32,33,90,3.0
32,33,91,3.0
32,33,92,0.0
32,33,93,0.0
32,33,94,0.0
32,33,95,-0.0
32,33,96,0.0
32,33,97,0.0
32,33,98,0.0
32,33,99,0.0
32,33,100,0.0
32,33,101,0.0
32,33,102,3.0
32,33,103,0.0
32,33,104,0.0
32,33,105,0.0
32,33,106,0.0
32,33,107,1.0
32,33,108,0.0
32,33,109,0.0
32,33,110,0.0
32,33,111,0.0
32,33,112,0.0
32,33,113,0.0
32,33,114,0.0
32,33,115,0.0
32,33,116,0.0
32,33,117,0.0
32,33,118,0.0
32,33,119,3.0
32,33,120,0.0
32,33,121,0.0
32,33,122,0.0
32,33,123,5.0
32,33,124,0.0
32,33,125,0.0
32,33,126,6.0
32,33,127,0.0
32,33,128,0.0
32,33,129,0.0
32,33,130,0.0
32,33,131,0.0
32,33,132,0.0
32,33,133,0.0
32,33,134,3.0
32,33,135,0.0
32,33,136,0.0
32,33,137,0.0
32,33,138,3.0
32,33,139,0.0
32,33,140,5.0
32,33,141,0.0
32,33,142,0.0
32,33,143,3.0
32,33,144,0.0
32,33,145,0.0
32,33,146,3.0
32,33,147,0.0
32,33,148,0.0
32,33,149,0.0
32,33,150,0.0
32,33,151,0.0
32,33,152,3.0
32,33,153,0.0
32,33,154,1.0
32,33,155,6.0
32,33,156,6.0
32,33,157,0.0
32,33,158,0.0
32,33,159,0.0
32,33,160,0.0
32,33,161,1.0
32,33,162,0.0
32,33,163,0.0
32,33,164,0.0
32,33,165,0.0
32,33,166,0.0
32,33,167,0.0
32,33,168,0.0
32,33,169,0.0
32,33,170,0.0
32,33,171,0.0
32,33,172,0.0
32,33,173,0.0
32,33,174,3.0
32,33,175,3.0
32,33,176,0.0
32,33,177,0.0
32,33,178,-0.0
32,33,179,5.0
32,33,180,0.0
32,33,181,0.0
32,33,182,0.0
32,33,183,0.0
32,33,184,4.0
32,33,185,0.0
32,33,186,5.0
32,33,187,0.0
32,33,188,0.0
32,33,189,0.0
32,33,190,0.0
32,33,191,0.0
32,33,192,0.0
32,33,193,0.0
32,33,194,0.0
32,33,195,0.0
32,33,196,0.0
32,33,197,0.0
32,33,198,0.0
32,33,199,0.0
32,33,200,3.0
32,33,201,3.0
32,33,202,0.0
32,33,203,0.0
32,33,204,0.0
32,33,205,0.0
32,33,206,0.0
32,33,207,3.0
32,33,208,0.0
32,33,209,5.0
32,33,210,0.0
32,33,211,0.0
32,33,212,3.0
32,33,213,0.0
32,33,214,0.0
32,33,215,3.0
32,33,216,0.0
32,33,217,0.0
32,33,218,0.0
32,33,219,3.0
32,33,220,0.0
32,33,221,0.0
32,33,222,0.0
32,33,223,0.0
32,33,224,0.0
32,33,225,0.0
32,33,226,0.0
32,33,227,3.0
32,33,228,0.0
32,33,229,0.0
32,33,230,5.0
32,33,231,0.0
32,33,232,3.0
32,33,233,0.0
32,33,234,0.0
32,33,235,0.0
32,33,236,3.0
32,33,237,0.0
32,33,238,0.0
32,33,239,3.0
32,33,240,3.0
32,33,241,1.0
32,33,242,0.0
32,33,243,0.0
32,33,244,3.0
32,33,245,0.0
32,33,246,0.0
32,33,247,0.0
32,33,248,5.0
32,33,249,0.0
32,33,250,6.0
32,33,251,0.0
32,33,252,0.0
32,33,253,0.0
32,33,254,3.0
32,33,255,0.0
32,33,256,0.0
32,33,257,5.0
32,33,258,3.0
32,33,259,0.0
32,33,260,0.0
32,33,261,0.0
32,33,262,0.0
32,33,263,0.0
32,33,264,3.0
32,33,265,3.0
32,33,266,0.0
32,33,267,0.0
32,33,268,0.0
32,33,269,0.0
32,33,270,0.0
32,33,271,0.0
32,33,272,0.0
32,33,273,0.0
32,33,274,0.0
32,33,275,0.0
32,33,276,0.0
32,33,277,0.0
32,33,278,0.0
32,33,279,0.0
32,33,280,0.0
32,33,281,-0.0
32,33,282,6.0
32,33,283,3.0
32,33,284,0.0
32,33,285,0.0
32,33,286,0.0
32,33,287,0.0
32,33,288,0.0
32,33,289,0.0
32,33,290,0.0
32,33,291,3.0
32,33,292,0.0
32,33,293,0.0
32,33,294,0.0
32,33,295,3.0
32,33,296,0.0
32,33,297,0.0
32,33,298,0.0
32,33,299,0.0
32,33,300,0.0
32,33,301,0.0
32,33,302,0.0
32,33,303,0.0
32,33,304,0.0
32,33,305,0.0
32,33,306,0.0
32,33,307,0.0
32,33,308,0.0
32,33,309,0.0
32,33,310,0.0
32,33,311,0.0
32,33,312,0.0
32,33,313,3.0
32,33,314,0.0
32,33,315,0.0
32,33,316,3.0
32,33,317,0.0
32,33,318,0.0
32,33,319,0.0
32,33,320,0.0
32,33,321,0.0
32,33,322,0.0
32,33,323,0.0
32,33,324,0.0
32,33,325,0.0
32,33,326,3.0
32,33,327,0.0
32,33,328,0.0
32,33,329,0.0
32,33,330,0.0
32,33,331,0.0
32,33,332,5.0
32,33,333,0.0
32,33,334,3.0
32,33,335,0.0
32,33,336,0.0
32,33,337,0.0
32,33,338,0.0
32,33,339,0.0
32,33,340,0.0
32,33,341,0.0
32,33,342,1.0
32,33,343,5.0
32,33,344,0.0
32,33,345,0.0
32,33,346,0.0
32,33,347,0.0
32,33,348,0.0
32,33,349,0.0
32,33,350,0.0
32,33,351,0.0
32,33,352,0.0
32,33,353,0.0
32,33,354,5.0
32,33,355,1.0
32,33,356,4.0
32,33,357,0.0
32,33,358,0.0
32,33,359,0.0
32,33,360,-0.0
49,28,0,0.0
49,28,1,0.0
49,28,2,-0.0
49,28,3,-0.0
49,28,4,-0.0
49,28,5,-0.0
49,28,6,-0.0
49,28,7,-0.0
49,28,8,-0.0
49,28,9,-0.0
49,28,10,-0.0
49,28,11,-0.0
49,28,12,-0.0
49,28,13,-0.0
49,28,14,-0.0
49,28,15,-0.0
49,28,16,-0.0
49,28,17,-0.0
49,28,18,-0.0
49,28,19,-0.0
49,28,20,-0.0
49,28,21,-0.0
49,28,22,-0.0
49,28,23,-0.0
49,28,24,-0.0
49,28,25,0.0
49,28,26,-0.0
49,28,27,-0.0
49,28,28,-0.0
49,28,29,-0.0
49,28,30,-0.0
49,28,31,-0.0
49,28,32,-0.0
49,28,33,-0.0
49,28,34,-0.0
49,28,35,-0.0
49,28,36,-0.0
49,28,37,-0.0
49,28,38,-0.0
49,28,39,-0.0
49,28,40,-0.0
49,28,41,-0.0
49,28,42,-0.0
49,28,43,-0.0
49,28,44,-0.0
49,28,45,-0.0
49,28,46,-0.0
49,28,47,-0.0
49,28,48,-0.0
49,28,49,-0.0
49,28,50,-0.0
49,28,51,-0.0
49,28,52,-0.0
49,28,53,-0.0
49,28,54,-0.0
49,28,55,-0.0
49,28,56,-0.0
49,28,57,-0.0
49,28,58,-0.0
49,28,59,-0.0
49,28,60,-0.0
49,28,61,-0.0
49,28,62,-0.0
49,28,63,-0.0
49,28,64,-0.0
49,28,65,-0.0
49,28,66,-0.0
49,28,67,-0.0
49,28,68,-0.0
49,28,69,-0.0
49,28,70,-0.0
49,28,71,-0.0
49,28,72,-0.0
49,28,73,-0.0
49,28,74,-0.0
49,28,75,-0.0
49,28,76,-0.0
49,28,77,-0.0
49,28,78,-0.0
49,28,79,-0.0
49,28,80,-0.0
49,28,81,-0.0
49,28,82,-0.0
49,28,83,-0.0
49,28,84,-0.0
49,28,85,-0.0
49,28,86,-0.0
49,28,87,-0.0
49,28,88,-0.0
49,28,89,-0.0
49,28,90,-0.0
49,28,91,-0.0
49,28,92,-0.0
49,28,93,-0.0
49,28,94,-0.0
49,28,95,-0.0
49,28,96,-0.0
49,28,97,-0.0
49,28,98,-0.0
49,28,99,-0.0
49,28,100,-0.0
49,28,101,-0.0
49,28,102,-0.0
49,28,103,-0.0
49,28,104,-0.0
49,28,105,-0.0
49,28,106,-0.0
49,28,107,-0.0
49,28,108,-0.0
49,28,109,-0.0
49,28,110,-0.0
49,28,111,-0.0
49,28,112,-0.0
49,28,113,-0.0
49,28,114,-0.0
49,28,115,-0.0
49,28,116,-0.0
49,28,117,-0.0
49,28,118,-0.0
49,28,119,-0.0
49,28,120,-0.0
49,28,121,-0.0
49,28,122,-0.0
49,28,123,-0.0
49,28,124,-0.0
49,28,125,-0.0
49,28,126,-0.0
49,28,127,-0.0
49,28,128,-0.0
49,28,129,-0.0
49,28,130,-0.0
49,28,131,-0.0
49,28,132,-0.0
49,28,133,-0.0
49,28,134,-0.0
49,28,135,-0.0
49,28,136,-0.0
49,28,137,-0.0
49,28,138,-0.0
49,28,139,-0.0
49,28,140,-0.0
49,28,141,-0.0
49,28,142,-0.0
49,28,143,-0.0
49,28,144,-0.0
49,28,145,-0.0
49,28,146,-0.0
49,28,147,-0.0
49,28,148,-0.0
49,28,149,-0.0
49,28,150,-0.0
49,28,151,-0.0
49,28,152,-0.0
49,28,153,-0.0
49,28,154,-0.0
49,28,155,6.0
49,28,156,-0.0
49,28,157,-0.0
49,28,158,-0.0
49,28,159,-0.0
49,28,160,0.0
49,28,161,-0.0
49,28,162,-0.0
49,28,163,-0.0
49,28,164,-0.0
49,28,165,-0.0
49,28,166,-0.0
49,28,167,-0.0
49,28,168,-0.0
49,28,169,-0.0
49,28,170,-0.0
49,28,171,-0.0
49,28,172,-0.0
49,28,173,-0.0
49,28,174,-0.0
49,28,175,-0.0
49,28,176,-0.0
49,28,177,-0.0
49,28,178,-0.0
49,28,179,-0.0
49,28,180,-0.0
49,28,181,-0.0
49,28,182,-0.0
49,28,183,-0.0
49,28,184,-0.0
49,28,185,-0.0
49,28,186,-0.0
49,28,187,-0.0
49,28,188,-0.0
49,28,189,-0.0
49,28,190,-0.0
49,28,191,-0.0
49,28,192,-0.0
49,28,193,-0.0
49,28,194,-0.0
49,28,195,-0.0
49,28,196,-0.0
49,28,197,-0.0
49,28,198,-0.0
49,28,199,-0.0
49,28,200,-0.0
49,28,201,-0.0
49,28,202,-0.0
49,28,203,-0.0
49,28,204,-0.0
49,28,205,-0.0
49,28,206,-0.0
49,28,207,-0.0
49,28,208,-0.0
49,28,209,-0.0
49,28,210,-0.0
49,28,211,-0.0
49,28,212,-0.0
49,28,213,-0.0
49,28,214,-0.0
49,28,215,-0.0
49,28,216,-0.0
49,28,217,-0.0
49,28,218,-0.0
49,28,219,-0.0
49,28,220,-0.0
49,28,221,-0.0
49,28,222,-0.0
49,28,223,-0.0
49,28,224,-0.0
49,28,225,-0.0
49,28,226,-0.0
49,28,227,-0.0
49,28,228,-0.0
49,28,229,-0.0
49,28,230,-0.0
49,28,231,-0.0
49,28,232,-0.0
49,28,233,-0.0
49,28,234,-0.0
49,28,235,-0.0
49,28,236,-0.0
49,28,237,-0.0
49,28,238,-0.0
49,28,239,-0.0
49,28,240,-0.0
49,28,241,-0.0
49,28,242,-0.0
49,28,243,-0.0
49,28,244,-0.0
49,28,245,-0.0
49,28,246,-0.0
49,28,247,-0.0
49,28,248,-0.0
49,28,249,-0.0
49,28,250,-0.0
49,28,251,-0.0
49,28,252,-0.0
49,28,253,-0.0
49,28,254,-0.0
49,28,255,-0.0
49,28,256,-0.0
49,28,257,-0.0
49,28,258,-0.0
49,28,259,-0.0
49,28,260,-0.0
49,28,261,-0.0
49,28,262,-0.0
49,28,263,-0.0
49,28,264,-0.0
49,28,265,-0.0
49,28,266,-0.0
49,28,267,-0.0
49,28,268,-0.0
49,28,269,-0.0
49,28,270,-0.0
49,28,271,-0.0
49,28,272,-0.0
49,28,273,-0.0
49,28,274,-0.0
49,28,275,-0.0
49,28,276,-0.0
49,28,277,-0.0
49,28,278,-0.0
49,28,279,-0.0
49,28,280,-0.0
49,28,281,-0.0
49,28,282,-0.0
49,28,283,-0.0
49,28,284,-0.0
49,28,285,-0.0
49,28,286,-0.0
49,28,287,-0.0
49,28,288,-0.0
49,28,289,-0.0
49,28,290,-0.0
49,28,291,-0.0
49,28,292,-0.0
49,28,293,-0.0
49,28,294,-0.0
49,28,295,-0.0
49,28,296,-0.0
49,28,297,-0.0
49,28,298,-0.0
49,28,299,-0.0
49,28,300,-0.0
49,28,301,-0.0
49,28,302,-0.0
49,28,303,-0.0
49,28,304,-0.0
49,28,305,-0.0
49,28,306,-0.0
49,28,307,-0.0
49,28,308,-0.0
49,28,309,-0.0
49,28,310,-0.0
49,28,311,-0.0
49,28,312,-0.0
49,28,313,-0.0
49,28,314,-0.0
49,28,315,-0.0
49,28,316,-0.0
49,28,317,-0.0
49,28,318,-0.0
49,28,319,-0.0
49,28,320,-0.0
49,28,321,-0.0
49,28,322,-0.0
49,28,323,-0.0
49,28,324,-0.0
49,28,325,-0.0
49,28,326,-0.0
49,28,327,-0.0
49,28,328,-0.0
49,28,329,-0.0
49,28,330,-0.0
49,28,331,-0.0
49,28,332,-0.0
49,28,333,-0.0
49,28,334,-0.0
49,28,335,-0.0
49,28,336,-0.0
49,28,337,-0.0
49,28,338,-0.0
49,28,339,-0.0
49,28,340,-0.0
49,28,341,-0.0
49,28,342,-0.0
49,28,343,-0.0
49,28,344,-0.0
49,28,345,-0.0
49,28,346,-0.0
49,28,347,-0.0
49,28,348,-0.0
49,28,349,-0.0
49,28,350,-0.0
49,28,351,-0.0
49,28,352,-0.0
49,28,353,-0.0
49,28,354,-0.0
49,28,355,-0.0
49,28,356,-0.0
49,28,357,-0.0
49,28,358,-0.0
49,28,359,-0.0
49,28,360,-0.0
57,96,0,0.0
57,96,1,0.0
57,96,2,0.0
57,96,3,-0.0
57,96,4,-0.0
57,96,5,-0.0
57,96,6,-0.0
57,96,7,0.0
57,96,8,-0.0
57,96,9,-0.0
57,96,10,0.0
57,96,11,-0.0
57,96,12,-0.0
57,96,13,-0.0
57,96,14,0.0
57,96,15,5.0
57,96,16,0.0
57,96,17,-0.0
57,96,18,-0.0
57,96,19,-0.0
57,96,20,0.0
57,96,21,-0.0
57,96,22,0.0
57,96,23,0.0
57,96,24,-0.0
57,96,25,0.0
57,96,26,5.0
57,96,27,-0.0
57,96,28,-0.0
57,96,29,-0.0
57,96,30,0.0
57,96,31,-0.0
57,96,32,-0.0
57,96,33,-0.0
57,96,34,-0.0
57,96,35,0.0
57,96,36,5.0
57,96,37,-0.0
57,96,38,-0.0
57,96,39,-0.0
57,96,40,-0.0
57,96,41,0.0
57,96,42,-0.0
57,96,43,-0.0
57,96,44,0.0
57,96,45,0.0
57,96,46,0.0
57,96,47,0.0
57,96,48,-0.0
57,96,49,0.0
57,96,50,-0.0
57,96,51,-0.0
57,96,52,-0.0
57,96,53,-0.0
57,96,54,-0.0
57,96,55,-0.0
57,96,56,-0.0
57,96,57,-0.0
57,96,58,-0.0
57,96,59,-0.0
57,96,60,-0.0
57,96,61,-0.0
57,96,62,-0.0
57,96,63,0.0
57,96,64,-0.0
57,96,65,-0.0
57,96,66,-0.0
57,96,67,0.0
57,96,68,-0.0
57,96,69,6.0
57,96,70,-0.0
57,96,71,0.0
57,96,72,-0.0
57,96,73,0.0
57,96,74,-0.0
57,96,75,-0.0
57,96,76,-0.0
57,96,77,-0.0
57,96,78,-0.0
57,96,79,-0.0
57,96,80,-0.0
57,96,81,-0.0
57,96,82,-0.0
57,96,83,-0.0
57,96,84,-0.0
57,96,85,-0.0
57,96,86,-0.0
57,96,87,-0.0
57,96,88,0.0
57,96,89,-0.0
57,96,90,-0.0
57,96,91,0.0
57,96,92,-0.0
57,96,93,-0.0
57,96,94,-0.0
57,96,95,-0.0
57,96,96,-0.0
57,96,97,-0.0
57,96,98,-0.0
57,96,99,-0.0
57,96,100,-0.0
57,96,101,-0.0
57,96,102,-0.0
57,96,103,4.0
57,96,104,-0.0
57,96,105,-0.0
57,96,106,-0.0
57,96,107,-0.0
57,96,108,-0.0
57,96,109,-0.0
57,96,110,-0.0
57,96,111,-0.0
57,96,112,0.0
57,96,113,0.0
57,96,114,-0.0
57,96,115,-0.0
57,96,116,-0.0
57,96,117,0.0
57,96,118,-0.0
57,96,119,-0.0
57,96,120,-0.0
57,96,121,-0.0
57,96,122,-0.0
57,96,123,-0.0
57,96,124,0.0
57,96,125,-0.0
57,96,126,-0.0
57,96,127,-0.0
57,96,128,-0.0
57,96,129,-0.0
57,96,130,-0.0
57,96,131,-0.0
57,96,132,-0.0
57,96,133,-0.0
57,96,134,-0.0
57,96,135,-0.0
57,96,136,-0.0
57,96,137,-0.0
57,96,138,-0.0
57,96,139,-0.0
57,96,140,-0.0
57,96,141,0.0
57,96,142,-0.0
57,96,143,-0.0
57,96,144,0.0
57,96,145,-0.0
57,96,146,-0.0
57,96,147,-0.0
57,96,148,-0.0
57,96,149,-0.0
57,96,150,-0.0
57,96,151,0.0
57,96,152,-0.0
57,96,153,-0.0
57,96,154,-0.0
57,96,155,-0.0
57,96,156,-0.0
57,96,157,0.0
57,96,158,-0.0
57,96,159,-0.0
57,96,160,-0.0
57,96,161,-0.0
57,96,162,-0.0
57,96,163,-0.0
57,96,164,0.0
57,96,165,-0.0
57,96,166,-0.0
57,96,167,-0.0
57,96,168,-0.0
57,96,169,-0.0
57,96,170,-0.0
57,96,171,-0.0
57,96,172,-0.0
57,96,173,-0.0
57,96,174,-0.0
57,96,175,-0.0
57,96,176,-0.0
57,96,177,-0.0
57,96,178,-0.0
57,96,179,0.0
57,96,180,-0.0
57,96,181,-0.0
57,96,182,-0.0
57,96,183,5.0
57,96,184,0.0
57,96,185,-0.0
57,96,186,0.0
57,96,187,0.0
57,96,188,-0.0
57,96,189,-0.0
57,96,190,-0.0
57,96,191,-0.0
57,96,192,-0.0
57,96,193,-0.0
57,96,194,-0.0
57,96,195,-0.0
57,96,196,-0.0
57,96,197,-0.0
57,96,198,-0.0
57,96,199,-0.0
57,96,200,0.0
57,96,201,-0.0
57,96,202,-0.0
57,96,203,-0.0
57,96,204,-0.0
57,96,205,-0.0
57,96,206,-0.0
57,96,207,-0.0
57,96,208,-0.0
57,96,209,-0.0
57,96,210,6.0
57,96,211,4.0
57,96,212,-0.0
57,96,213,-0.0
57,96,214,-0.0
57,96,215,-0.0
57,96,216,0.0
57,96,217,-0.0
57,96,218,-0.0
57,96,219,-0.0
57,96,220,-0.0
57,96,221,-0.0
57,96,222,-0.0
57,96,223,-0.0
57,96,224,-0.0
57,96,225,-0.0
57,96,226,-0.0
57,96,227,-0.0
57,96,228,0.0
57,96,229,-0.0
57,96,230,-0.0
57,96,231,-0.0
57,96,232,-0.0
57,96,233,-0.0
57,96,234,-0.0
57,96,235,0.0
57,96,236,-0.0
57,96,237,0.0
57,96,238,-0.0
57,96,239,-0.0
57,96,240,-0.0
57,96,241,-0.0
57,96,242,-0.0
57,96,243,-0.0
57,96,244,-0.0
57,96,245,-0.0
57,96,246,5.0
57,96,247,-0.0
57,96,248,-0.0
57,96,249,-0.0
57,96,250,-0.0
57,96,251,-0.0
57,96,252,-0.0
57,96,253,-0.0
57,96,254,0.0
57,96,255,-0.0
57,96,256,-0.0
57,96,257,-0.0
57,96,258,-0.0
57,96,259,-0.0
57,96,260,-0.0
57,96,261,-0.0
57,96,262,0.0
57,96,263,-0.0
57,96,264,0.0
57,96,265,-0.0
57,96,266,0.0
57,96,267,-0.0
57,96,268,-0.0
57,96,269,-0.0
57,96,270,-0.0
57,96,271,-0.0
57,96,272,-0.0
57,96,273,-0.0
57,96,274,-0.0
57,96,275,-0.0
57,96,276,-0.0
57,96,277,-0.0
57,96,278,-0.0
57,96,279,-0.0
57,96,280,0.0
57,96,281,-0.0
57,96,282,-0.0
57,96,283,-0.0
57,96,284,0.0
57,96,285,0.0
57,96,286,-0.0
57,96,287,-0.0
57,96,288,-0.0
57,96,289,-0.0
57,96,290,-0.0
57,96,291,-0.0
57,96,292,-0.0
57,96,293,-0.0
57,96,294,-0.0
57,96,295,-0.0
57,96,296,-0.0
57,96,297,-0.0
57,96,298,-0.0
57,96,299,-0.0
57,96,300,-0.0
57,96,301,-0.0
57,96,302,-0.0
57,96,303,-0.0
57,96,304,-0.0
57,96,305,-0.0
57,96,306,-0.0
57,96,307,-0.0
57,96,308,-0.0
57,96,309,-0.0
57,96,310,-0.0
57,96,311,-0.0
57,96,312,-0.0
57,96,313,-0.0
57,96,314,-0.0
57,96,315,-0.0
57,96,316,-0.0
57,96,317,-0.0
57,96,318,-0.0
57,96,319,-0.0
57,96,320,0.0
57,96,321,0.0
57,96,322,5.0
57,96,323,-0.0
57,96,324,-0.0
57,96,325,-0.0
57,96,326,-0.0
57,96,327,5.0
57,96,328,-0.0
57,96,329,-0.0
57,96,330,-0.0
57,96,331,0.0
57,96,332,-0.0
57,96,333,-0.0
57,96,334,-0.0
57,96,335,-0.0
57,96,336,-0.0
57,96,337,0.0
57,96,338,6.0
57,96,339,-0.0
57,96,340,-0.0
57,96,341,-0.0
57,96,342,-0.0
57,96,343,0.0
57,96,344,-0.0
57,96,345,-0.0
57,96,346,-0.0
57,96,347,-0.0
57,96,348,-0.0
57,96,349,-0.0
57,96,350,-0.0
57,96,351,-0.0
57,96,352,-0.0
57,96,353,-0.0
57,96,354,-0.0
57,96,355,-0.0
57,96,356,0.0
57,96,357,-0.0
57,96,358,0.0
57,96,359,0.0
57,96,360,-0.0
107,109,0,0.0
107,109,1,0.0
107,109,2,0.0
107,109,3,0.0
107,109,4,-0.0
107,109,5,0.0
107,109,6,0.0
107,109,7,0.0
107,109,8,0.0
107,109,9,0.0
107,109,10,0.0
107,109,11,0.0
107,109,12,0.0
107,109,13,0.0
107,109,14,0.0
107,109,15,0.0
107,109,16,0.0
107,109,17,0.0
107,109,18,0.0
107,109,19,0.0
107,109,20,0.0
107,109,21,0.0
107,109,22,0.0
107,109,23,0.0
107,109,24,0.0
107,109,25,0.0
107,109,26,0.0
107,109,27,0.0
107,109,28,0.0
107,109,29,0.0
107,109,30,0.0
107,109,31,0.0
107,109,32,0.0
107,109,33,0.0
107,109,34,0.0
107,109,35,0.0
107,109,36,0.0
107,109,37,0.0
107,109,38,0.0
107,109,39,0.0
107,109,40,0.0
107,109,41,0.0
107,109,42,0.0
107,109,43,0.0
107,109,44,0.0
107,109,45,0.0
107,109,46,0.0
107,109,47,0.0
107,109,48,0.0
107,109,49,0.0
107,109,50,0.0
107,109,51,0.0
107,109,52,0.0
107,109,53,0.0
107,109,54,0.0
107,109,55,0.0
107,109,56,0.0
107,109,57,0.0
107,109,58,0.0
107,109,59,0.0
107,109,60,0.0
107,109,61,0.0
107,109,62,0.0
107,109,63,0.0
107,109,64,0.0
107,109,65,0.0
107,109,66,0.0
107,109,67,-0.0
107,109,68,0.0
107,109,69,0.0
107,109,70,0.0
107,109,71,0.0
107,109,72,0.0
107,109,73,0.0
107,109,74,0.0
107,109,75,0.0
107,109,76,0.0
107,109,77,0.0
107,109,78,0.0
107,109,79,0.0
107,109,80,0.0
107,109,81,0.0
107,109,82,0.0
107,109,83,0.0
107,109,84,0.0
107,109,85,0.0
107,109,86,0.0
107,109,87,0.0
107,109,88,0.0
107,109,89,0.0
107,109,90,0.0
107,109,91,0.0
107,109,92,0.0
107,109,93,0.0
107,109,94,0.0
107,109,95,0.0
107,109,96,0.0
107,109,97,0.0
107,109,98,0.0
107,109,99,0.0
107,109,100,0.0
107,109,101,0.0
107,109,102,0.0
107,109,103,0.0
107,109,104,0.0
107,109,105,0.0
107,109,106,0.0
107,109,107,0.0
107,109,108,0.0
107,109,109,0.0
107,109,110,0.0
107,109,111,0.0
107,109,112,0.0
107,109,113,0.0
107,109,114,0.0
107,109,115,0.0
107,109,116,0.0
107,109,117,0.0
107,109,118,0.0
107,109,119,0.0
107,109,120,0.0
107,109,121,0.0
107,109,122,0.0
107,109,123,0.0
107,109,124,0.0
107,109,125,0.0
107,109,126,0.0
107,109,127,0.0
107,109,128,0.0
107,109,129,0.0
107,109,130,0.0
107,109,131,0.0
107,109,132,0.0
107,109,133,0.0
107,109,134,0.0
107,109,135,0.0
107,109,136,0.0
107,109,137,0.0
107,109,138,0.0
107,109,139,0.0
107,109,140,0.0
107,109,141,0.0
107,109,142,0.0
107,109,143,0.0
107,109,144,0.0
107,109,145,0.0
107,109,146,0.0
107,109,147,0.0
107,109,148,0.0
107,109,149,0.0
107,109,150,0.0
107,109,151,0.0
107,109,152,0.0
107,109,153,0.0
107,109,154,0.0
107,109,155,0.0
107,109,156,0.0
107,109,157,0.0
107,109,158,0.0
107,109,159,0.0
107,109,160,0.0
107,109,161,0.0
107,109,162,0.0
107,109,163,0.0
107,109,164,0.0
107,109,165,0.0
107,109,166,0.0
107,109,167,0.0
107,109,168,0.0
107,109,169,0.0
107,109,170,0.0
107,109,171,0.0
107,109,172,0.0
107,109,173,0.0
107,109,174,0.0
107,109,175,0.0
107,109,176,0.0
107,109,177,0.0
107,109,178,0.0
107,109,179,0.0
107,109,180,0.0
107,109,181,0.0
107,109,182,0.0
107,109,183,0.0
107,109,184,0.0
107,109,185,0.0
107,109,186,0.0
107,109,187,0.0
107,109,188,0.0
107,109,189,0.0
107,109,190,0.0
107,109,191,0.0
107,109,192,0.0
107,109,193,0.0
107,109,194,0.0
107,109,195,0.0
107,109,196,0.0
107,109,197,0.0
107,109,198,0.0
107,109,199,0.0
107,109,200,0.0
107,109,201,0.0
107,109,202,0.0
107,109,203,0.0
107,109,204,0.0
107,109,205,0.0
107,109,206,0.0
107,109,207,0.0
107,109,208,0.0
107,109,209,0.0
107,109,210,0.0
107,109,211,0.0
107,109,212,0.0
107,109,213,0.0
107,109,214,0.0
107,109,215,0.0
107,109,216,0.0
107,109,217,0.0
107,109,218,0.0
107,109,219,0.0
107,109,220,0.0
107,109,221,0.0
107,109,222,0.0
107,109,223,0.0
107,109,224,0.0
107,109,225,0.0
107,109,226,0.0
107,109,227,0.0
107,109,228,0.0
107,109,229,0.0
107,109,230,0.0
107,109,231,0.0
107,109,232,0.0
107,109,233,0.0
107,109,234,0.0
107,109,235,0.0
107,109,236,0.0
107,109,237,0.0
107,109,238,0.0
107,109,239,0.0
107,109,240,0.0
107,109,241,0.0
107,109,242,0.0
107,109,243,0.0
107,109,244,0.0
107,109,245,0.0
107,109,246,0.0
107,109,247,0.0
107,109,248,0.0
107,109,249,0.0
107,109,250,0.0
107,109,251,0.0
107,109,252,0.0
107,109,253,0.0
107,109,254,0.0
107,109,255,0.0
107,109,256,0.0
107,109,257,0.0
107,109,258,0.0
107,109,259,0.0
107,109,260,0.0
107,109,261,0.0
107,109,262,0.0
107,109,263,0.0
107,109,264,0.0
107,109,265,0.0
107,109,266,0.0
107,109,267,0.0
107,109,268,0.0
107,109,269,0.0
107,109,270,0.0
107,109,271,0.0
107,109,272,0.0
107,109,273,0.0
107,109,274,0.0
107,109,275,0.0
107,109,276,0.0
107,109,277,0.0
107,109,278,0.0
107,109,279,0.0
107,109,280,0.0
107,109,281,0.0
107,109,282,0.0
107,109,283,0.0
107,109,284,0.0
107,109,285,0.0
107,109,286,0.0
107,109,287,0.0
107,109,288,0.0
107,109,289,0.0
107,109,290,0.0
107,109,291,0.0
107,109,292,0.0
107,109,293,0.0
107,109,294,0.0
107,109,295,0.0
107,109,296,0.0
107,109,297,0.0
107,109,298,0.0
107,109,299,0.0
107,109,300,0.0
107,109,301,0.0
107,109,302,0.0
107,109,303,0.0
107,109,304,0.0
107,109,305,0.0
107,109,306,0.0
107,109,307,0.0
107,109,308,0.0
107,109,309,0.0
107,109,310,0.0
107,109,311,0.0
107,109,312,0.0
107,109,313,0.0
107,109,314,0.0
107,109,315,0.0
107,109,316,0.0
107,109,317,0.0
107,109,318,0.0
107,109,319,0.0
107,109,320,0.0
107,109,321,0.0
107,109,322,0.0
107,109,323,0.0
107,109,324,0.0
107,109,325,0.0
107,109,326,0.0
107,109,327,0.0
107,109,328,0.0
107,109,329,0.0
107,109,330,0.0
107,109,331,0.0
107,109,332,0.0
107,109,333,0.0
107,109,334,0.0
107,109,335,0.0
107,109,336,0.0
107,109,337,0.0
107,109,338,0.0
107,109,339,0.0
107,109,340,0.0
107,109,341,0.0
107,109,342,0.0
107,109,343,0.0
107,109,344,0.0
107,109,345,0.0
107,109,346,0.0
107,109,347,0.0
107,109,348,0.0
107,109,349,0.0
107,109,350,0.0
107,109,351,0.0
107,109,352,0.0
107,109,353,0.0
107,109,354,0.0
107,109,355,0.0
107,109,356,0.0
107,109,357,-0.0
107,109,358,0.0
107,109,359,-0.0
107,109,360,-0.0
51,119,0,0.0
51,119,1,0.0
51,119,2,0.0
51,119,3,0.0
51,119,4,5.0
51,119,5,0.0
51,119,6,0.0
51,119,7,0.0
51,119,8,0.0
51,119,9,5.0
51,119,10,0.0
51,119,11,0.0
51,119,12,5.0
51,119,13,0.0
51,119,14,0.0
51,119,15,5.0
51,119,16,0.0
51,119,17,0.0
51,119,18,5.0
51,119,19,5.0
51,119,20,0.0
51,119,21,0.0
51,119,22,0.0
51,119,23,0.0
51,119,24,6.0
51,119,25,4.0
51,119,26,5.0
51,119,27,5.0
51,119,28,5.0
51,119,29,0.0
51,119,30,0.0
51,119,31,5.0
51,119,32,0.0
51,119,33,5.0
51,119,34,0.0
51,119,35,5.0
51,119,36,5.0
51,119,37,5.0
51,119,38,-0.0
51,119,39,0.0
51,119,40,5.0
51,119,41,5.0
51,119,42,0.0
51,119,43,0.0
51,119,44,0.0
51,119,45,0.0
51,119,46,5.0
51,119,47,0.0
51,119,48,0.0
51,119,49,0.0
51,119,50,0.0
51,119,51,5.0
51,119,52,5.0
51,119,53,5.0
51,119,54,5.0
51,119,55,-0.0
51,119,56,0.0
51,119,57,0.0
51,119,58,0.0
51,119,59,0.0
51,119,60,0.0
51,119,61,0.0
51,119,62,5.0
51,119,63,0.0
51,119,64,0.0
51,119,65,0.0
51,119,66,0.0
51,119,67,0.0
51,119,68,0.0
51,119,69,5.0
51,119,70,0.0
51,119,71,0.0
51,119,72,0.0
51,119,73,0.0
51,119,74,0.0
51,119,75,0.0
51,119,76,0.0
51,119,77,0.0
51,119,78,0.0
51,119,79,5.0
51,119,80,5.0
51,119,81,4.0
51,119,82,0.0
51,119,83,5.0
51,119,84,5.0
51,119,85,6.0
51,119,86,4.0
51,119,87,5.0
51,119,88,0.0
51,119,89,0.0
51,119,90,0.0
51,119,91,0.0
51,119,92,5.0
51,119,93,6.0
51,119,94,4.0
51,119,95,0.0
51,119,96,0.0
51,119,97,0.0
51,119,98,0.0
51,119,99,0.0
51,119,100,0.0
51,119,101,0.0
51,119,102,-0.0
51,119,103,4.0
51,119,104,5.0
51,119,105,0.0
51,119,106,0.0
51,119,107,5.0
51,119,108,0.0
51,119,109,0.0
51,119,110,5.0
51,119,111,0.0
51,119,112,0.0
51,119,113,5.0
51,119,114,5.0
51,119,115,0.0
51,119,116,6.0
51,119,117,0.0
51,119,118,5.0
51,119,119,0.0
51,119,120,5.0
51,119,121,0.0
51,119,122,0.0
51,119,123,5.0
51,119,124,0.0
51,119,125,0.0
51,119,126,0.0
51,119,127,0.0
51,119,128,0.0
51,119,129,0.0
51,119,130,5.0
51,119,131,0.0
51,119,132,-0.0
51,119,133,0.0
51,119,134,-0.0
51,119,135,0.0
51,119,136,0.0
51,119,137,0.0
51,119,138,-0.0
51,119,139,0.0
51,119,140,-0.0
51,119,141,0.0
51,119,142,0.0
51,119,143,0.0
51,119,144,0.0
51,119,145,-0.0
51,119,146,-0.0
51,119,147,0.0
51,119,148,0.0
51,119,149,5.0
51,119,150,5.0
51,119,151,0.0
51,119,152,0.0
51,119,153,5.0
51,119,154,0.0
51,119,155,0.0
51,119,156,0.0
51,119,157,0.0
51,119,158,0.0
51,119,159,0.0
51,119,160,0.0
51,119,161,0.0
51,119,162,6.0
51,119,163,0.0
51,119,164,0.0
51,119,165,0.0
51,119,166,0.0
51,119,167,0.0
51,119,168,0.0
51,119,169,0.0
51,119,170,0.0
51,119,171,0.0
51,119,172,0.0
51,119,173,0.0
51,119,174,0.0
51,119,175,0.0
51,119,176,-0.0
51,119,177,0.0
51,119,178,0.0
51,119,179,0.0
51,119,180,0.0
51,119,181,0.0
51,119,182,0.0
51,119,183,5.0
51,119,184,-0.0
51,119,185,5.0
51,119,186,0.0
51,119,187,0.0
51,119,188,5.0
51,119,189,5.0
51,119,190,0.0
51,119,191,-0.0
51,119,192,0.0
51,119,193,0.0
51,119,194,-0.0
51,119,195,5.0
51,119,196,0.0
51,119,197,0.0
51,119,198,0.0
51,119,199,0.0
51,119,200,0.0
51,119,201,5.0
51,119,202,5.0
51,119,203,5.0
51,119,204,0.0
51,119,205,0.0
51,119,206,-0.0
51,119,207,0.0
51,119,208,5.0
51,119,209,0.0
51,119,210,5.0
51,119,211,5.0
51,119,212,0.0
51,119,213,0.0
51,119,214,0.0
51,119,215,0.0
51,119,216,5.0
51,119,217,5.0
51,119,218,0.0
51,119,219,0.0
51,119,220,0.0
51,119,221,0.0
51,119,222,0.0
51,119,223,0.0
51,119,224,0.0
51,119,225,0.0
51,119,226,0.0
51,119,227,0.0
51,119,228,5.0
51,119,229,0.0
51,119,230,0.0
51,119,231,0.0
51,119,232,0.0
51,119,233,0.0
51,119,234,0.0
51,119,235,0.0
51,119,236,0.0
51,119,237,0.0
51,119,238,0.0
51,119,239,0.0
51,119,240,5.0
51,119,241,5.0
51,119,242,0.0
51,119,243,-0.0
51,119,244,0.0
51,119,245,0.0
51,119,246,5.0
51,119,247,0.0
51,119,248,0.0
51,119,249,0.0
51,119,250,0.0
51,119,251,0.0
51,119,252,0.0
51,119,253,0.0
51,119,254,0.0
51,119,255,0.0
51,119,256,0.0
51,119,257,0.0
51,119,258,5.0
51,119,259,0.0
51,119,260,0.0
51,119,261,5.0
51,119,262,5.0
51,119,263,0.0
51,119,264,0.0
51,119,265,5.0
51,119,266,5.0
51,119,267,5.0
51,119,268,5.0
51,119,269,0.0
51,119,270,0.0
51,119,271,5.0
51,119,272,5.0
51,119,273,0.0
51,119,274,5.0
51,119,275,0.0
51,119,276,0.0
51,119,277,0.0
51,119,278,0.0
51,119,279,5.0
51,119,280,0.0
51,119,281,0.0
51,119,282,0.0
51,119,283,0.0
51,119,284,0.0
51,119,285,0.0
51,119,286,0.0
51,119,287,5.0
51,119,288,0.0
51,119,289,0.0
51,119,290,0.0
51,119,291,0.0
51,119,292,0.0
51,119,293,-0.0
51,119,294,-0.0
51,119,295,0.0
51,119,296,0.0
51,119,297,0.0
51,119,298,5.0
51,119,299,5.0
51,119,300,0.0
51,119,301,5.0
51,119,302,5.0
51,119,303,0.0
51,119,304,0.0
51,119,305,5.0
51,119,306,0.0
51,119,307,0.0
51,119,308,0.0
51,119,309,5.0
51,119,310,0.0
51,119,311,5.0
51,119,312,0.0
51,119,313,0.0
51,119,314,0.0
51,119,315,5.0
51,119,316,5.0
51,119,317,5.0
51,119,318,0.0
51,119,319,6.0
51,119,320,0.0
51,119,321,0.0
51,119,322,5.0
51,119,323,0.0
51,119,324,0.0
51,119,325,0.0
51,119,326,5.0
51,119,327,5.0
51,119,328,2.0
51,119,329,0.0
51,119,330,0.0
51,119,331,0.0
51,119,332,0.0
51,119,333,0.0
51,119,334,0.0
51,119,335,0.0
51,119,336,0.0
51,119,337,0.0
51,119,338,5.0
51,119,339,0.0
51,119,340,5.0
51,119,341,0.0
51,119,342,5.0
51,119,343,5.0
51,119,344,5.0
51,119,345,5.0
51,119,346,0.0
51,119,347,5.0
51,119,348,5.0
51,119,349,0.0
51,119,350,5.0
51,119,351,2.0
51,119,352,5.0
51,119,353,5.0
51,119,354,5.0
51,119,355,0.0
51,119,356,0.0
51,119,357,0.0
51,119,358,0.0
51,119,359,-0.0
51,119,360,-0.0
70,78,0,0.0
70,78,1,0.0
70,78,2,0.0
70,78,3,0.0
70,78,4,0.0
70,78,5,-0.0
70,78,6,0.0
70,78,7,-0.0
70,78,8,0.0
70,78,9,0.0
70,78,10,0.0
70,78,11,0.0
70,78,12,0.0
70,78,13,-0.0
70,78,14,-0.0
70,78,15,-0.0
70,78,16,-0.0
70,78,17,-0.0
70,78,18,-0.0
70,78,19,-0.0
70,78,20,-0.0
70,78,21,-0.0
70,78,22,0.0
70,78,23,-0.0
70,78,24,-0.0
70,78,25,0.0
70,78,26,-0.0
70,78,27,-0.0
70,78,28,0.0
70,78,29,-0.0
70,78,30,0.0
70,78,31,-0.0
70,78,32,-0.0
70,78,33,-0.0
70,78,34,-0.0
70,78,35,-0.0
70,78,36,0.0
70,78,37,-0.0
70,78,38,0.0
70,78,39,-0.0
70,78,40,-0.0
70,78,41,0.0
70,78,42,0.0
70,78,43,0.0
70,78,44,0.0
70,78,45,0.0
70,78,46,0.0
70,78,47,0.0
70,78,48,-0.0
70,78,49,-0.0
70,78,50,0.0
70,78,51,0.0
70,78,52,-0.0
70,78,53,0.0
70,78,54,-0.0
70,78,55,0.0
70,78,56,-0.0
70,78,57,-0.0
70,78,58,0.0
70,78,59,-0.0
70,78,60,0.0
70,78,61,-0.0
70,78,62,-0.0
70,78,63,-0.0
70,78,64,0.0
70,78,65,0.0
70,78,66,0.0
70,78,67,-0.0
70,78,68,0.0
70,78,69,-0.0
70,78,70,-0.0
70,78,71,0.0
70,78,72,-0.0
70,78,73,-0.0
70,78,74,0.0
70,78,75,-0.0
70,78,76,-0.0
70,78,77,0.0
70,78,78,0.0
70,78,79,0.0
70,78,80,-0.0
70,78,81,-0.0
70,78,82,0.0
70,78,83,0.0
70,78,84,-0.0
70,78,85,-0.0
70,78,86,-0.0
70,78,87,-0.0
70,78,88,-0.0
70,78,89,0.0
70,78,90,-0.0
70,78,91,0.0
70,78,92,0.0
70,78,93,0.0
70,78,94,-0.0
70,78,95,-0.0
70,78,96,-0.0
70,78,97,0.0
70,78,98,0.0
70,78,99,-0.0
70,78,100,0.0
70,78,101,-0.0
70,78,102,0.0
70,78,103,-0.0
70,78,104,0.0
70,78,105,-0.0
70,78,106,0.0
70,78,107,0.0
70,78,108,0.0
70,78,109,0.0
70,78,110,0.0
70,78,111,0.0
70,78,112,-0.0
70,78,113,0.0
70,78,114,-0.0
70,78,115,0.0
70,78,116,0.0
70,78,117,0.0
70,78,118,-0.0
70,78,119,0.0
70,78,120,-0.0
70,78,121,-0.0
70,78,122,-0.0
70,78,123,-0.0
70,78,124,0.0
70,78,125,-0.0
70,78,126,0.0
70,78,127,-0.0
70,78,128,-0.0
70,78,129,-0.0
70,78,130,0.0
70,78,131,-0.0
70,78,132,0.0
70,78,133,-0.0
70,78,134,0.0
70,78,135,-0.0
70,78,136,-0.0
70,78,137,-0.0
70,78,138,0.0
70,78,139,0.0
70,78,140,0.0
70,78,141,-0.0
70,78,142,-0.0
70,78,143,0.0
70,78,144,0.0
70,78,145,-0.0
70,78,146,0.0
70,78,147,-0.0
70,78,148,-0.0
70,78,149,-0.0
70,78,150,-0.0
70,78,151,-0.0
70,78,152,0.0
70,78,153,0.0
70,78,154,0.0
70,78,155,0.0
70,78,156,0.0
70,78,157,-0.0
70,78,158,-0.0
70,78,159,-0.0
70,78,160,0.0
70,78,161,-0.0
70,78,162,0.0
70,78,163,-0.0
70,78,164,0.0
70,78,165,-0.0
70,78,166,0.0
70,78,167,0.0
70,78,168,-0.0
70,78,169,0.0
70,78,170,-0.0
70,78,171,-0.0
70,78,172,0.0
70,78,173,0.0
70,78,174,-0.0
70,78,175,-0.0
70,78,176,0.0
70,78,177,0.0
70,78,178,-0.0
70,78,179,-0.0
70,78,180,0.0
70,78,181,-0.0
70,78,182,-0.0
70,78,183,0.0
70,78,184,-0.0
70,78,185,0.0
70,78,186,-0.0
70,78,187,-0.0
70,78,188,0.0
70,78,189,-0.0
70,78,190,-0.0
70,78,191,0.0
70,78,192,-0.0
70,78,193,-0.0
70,78,194,-0.0
70,78,195,-0.0
70,78,196,-0.0
70,78,197,0.0
70,78,198,0.0
70,78,199,-0.0
70,78,200,-0.0
70,78,201,-0.0
70,78,202,0.0
70,78,203,-0.0
70,78,204,-0.0
70,78,205,-0.0
70,78,206,0.0
70,78,207,0.0
70,78,208,-0.0
70,78,209,0.0
70,78,210,-0.0
70,78,211,-0.0
70,78,212,-0.0
70,78,213,-0.0
70,78,214,-0.0
70,78,215,-0.0
70,78,216,-0.0
70,78,217,-0.0
70,78,218,0.0
70,78,219,-0.0
70,78,220,-0.0
70,78,221,0.0
70,78,222,0.0
70,78,223,0.0
70,78,224,-0.0
70,78,225,0.0
70,78,226,-0.0
70,78,227,0.0
70,78,228,-0.0
70,78,229,-0.0
70,78,230,-0.0
70,78,231,-0.0
70,78,232,-0.0
70,78,233,0.0
70,78,234,-0.0
70,78,235,-0.0
70,78,236,-0.0
70,78,237,-0.0
70,78,238,-0.0
70,78,239,-0.0
70,78,240,-0.0
70,78,241,-0.0
70,78,242,-0.0
70,78,243,-0.0
70,78,244,-0.0
70,78,245,0.0
70,78,246,-0.0
70,78,247,-0.0
70,78,248,-0.0
70,78,249,0.0
70,78,250,0.0
70,78,251,-0.0
70,78,252,0.0
70,78,253,-0.0
70,78,254,-0.0
70,78,255,-0.0
70,78,256,0.0
70,78,257,0.0
70,78,258,0.0
70,78,259,-0.0
70,78,260,-0.0
70,78,261,-0.0
70,78,262,-0.0
70,78,263,-0.0
70,78,264,-0.0
70,78,265,-0.0
70,78,266,-0.0
70,78,267,-0.0
70,78,268,-0.0
70,78,269,-0.0
70,78,270,-0.0
70,78,271,-0.0
70,78,272,-0.0
70,78,273,-0.0
70,78,274,0.0
70,78,275,-0.0
70,78,276,0.0
70,78,277,-0.0
70,78,278,-0.0
70,78,279,-0.0
70,78,280,-0.0
70,78,281,0.0
70,78,282,-0.0
70,78,283,0.0
70,78,284,0.0
70,78,285,0.0
70,78,286,-0.0
70,78,287,0.0
70,78,288,0.0
70,78,289,0.0
70,78,290,-0.0
70,78,291,-0.0
70,78,292,0.0
70,78,293,-0.0
70,78,294,-0.0
70,78,295,-0.0
70,78,296,0.0
70,78,297,0.0
70,78,298,-0.0
70,78,299,0.0
70,78,300,-0.0
70,78,301,0.0
70,78,302,0.0
70,78,303,-0.0
70,78,304,0.0
70,78,305,0.0
70,78,306,0.0
70,78,307,-0.0
70,78,308,-0.0
70,78,309,-0.0
70,78,310,-0.0
70,78,311,0.0
70,78,312,-0.0
70,78,313,-0.0
70,78,314,-0.0
70,78,315,0.0
70,78,316,-0.0
70,78,317,-0.0
70,78,318,0.0
70,78,319,0.0
70,78,320,0.0
70,78,321,0.0
70,78,322,-0.0
70,78,323,-0.0
70,78,324,-0.0
70,78,325,-0.0
70,78,326,-0.0
70,78,327,0.0
70,78,328,0.0
70,78,329,-0.0
70,78,330,0.0
70,78,331,-0.0
70,78,332,0.0
70,78,333,0.0
70,78,334,0.0
70,78,335,-0.0
70,78,336,0.0
70,78,337,0.0
70,78,338,-0.0
70,78,339,0.0
70,78,340,0.0
70,78,341,-0.0
70,78,342,-0.0
70,78,343,0.0
70,78,344,-0.0
70,78,345,-0.0
70,78,346,-0.0
70,78,347,0.0
70,78,348,-0.0
70,78,349,0.0
70,78,350,-0.0
70,78,351,0.0
70,78,352,-0.0
70,78,353,-0.0
70,78,354,0.0
70,78,355,-0.0
70,78,356,-0.0
70,78,357,-0.0
70,78,358,-0.0
70,78,359,-0.0
70,78,360,-0.0
93,73,0,0.0
93,73,1,0.0
93,73,2,0.0
93,73,3,0.0
93,73,4,-0.0
93,73,5,-0.0
93,73,6,-0.0
93,73,7,-0.0
93,73,8,-0.0
93,73,9,-0.0
93,73,10,-0.0
93,73,11,-0.0
93,73,12,-0.0
93,73,13,-0.0
93,73,14,-0.0
93,73,15,-0.0
93,73,16,-0.0
93,73,17,-0.0
93,73,18,-0.0
93,73,19,-0.0
93,73,20,-0.0
93,73,21,-0.0
93,73,22,-0.0
93,73,23,-0.0
93,73,24,-0.0
93,73,25,-0.0
93,73,26,-0.0
93,73,27,0.0
93,73,28,-0.0
93,73,29,-0.0
93,73,30,-0.0
93,73,31,-0.0
93,73,32,-0.0
93,73,33,-0.0
93,73,34,-0.0
93,73,35,-0.0
93,73,36,-0.0
93,73,37,-0.0
93,73,38,-0.0
93,73,39,-0.0
93,73,40,-0.0
93,73,41,-0.0
93,73,42,-0.0
93,73,43,-0.0
93,73,44,-0.0
93,73,45,-0.0
93,73,46,0.0
93,73,47,-0.0
93,73,48,-0.0
93,73,49,-0.0
93,73,50,-0.0
93,73,51,-0.0
93,73,52,-0.0
93,73,53,-0.0
93,73,54,-0.0
93,73,55,-0.0
93,73,56,-0.0
93,73,57,-0.0
93,73,58,-0.0
93,73,59,-0.0
93,73,60,-0.0
93,73,61,-0.0
93,73,62,-0.0
93,73,63,-0.0
93,73,64,-0.0
93,73,65,-0.0
93,73,66,-0.0
93,73,67,-0.0
93,73,68,-0.0
93,73,69,-0.0
93,73,70,-0.0
93,73,71,-0.0
93,73,72,-0.0
93,73,73,-0.0
93,73,74,-0.0
93,73,75,-0.0
93,73,76,-0.0
93,73,77,-0.0
93,73,78,-0.0
93,73,79,-0.0
93,73,80,-0.0
93,73,81,-0.0
93,73,82,-0.0
93,73,83,-0.0
93,73,84,-0.0
93,73,85,-0.0
93,73,86,-0.0
93,73,87,-0.0
93,73,88,-0.0
93,73,89,-0.0
93,73,90,-0.0
93,73,91,-0.0
93,73,92,-0.0
93,73,93,-0.0
93,73,94,-0.0
93,73,95,-0.0
93,73,96,-0.0
93,73,97,-0.0
93,73,98,-0.0
93,73,99,-0.0
93,73,100,-0.0
93,73,101,-0.0
93,73,102,-0.0
93,73,103,-0.0
93,73,104,-0.0
93,73,105,-0.0
93,73,106,-0.0
93,73,107,-0.0
93,73,108,-0.0
93,73,109,-0.0
93,73,110,-0.0
93,73,111,-0.0
93,73,112,-0.0
93,73,113,-0.0
93,73,114,-0.0
93,73,115,-0.0
93,73,116,-0.0
93,73,117,-0.0
93,73,118,-0.0
93,73,119,-0.0
93,73,120,-0.0
93,73,121,-0.0
93,73,122,-0.0
93,73,123,-0.0
93,73,124,-0.0
93,73,125,-0.0
93,73,126,-0.0
93,73,127,-0.0
93,73,128,-0.0
93,73,129,-0.0
93,73,130,-0.0
93,73,131,-0.0
93,73,132,-0.0
93,73,133,-0.0
93,73,134,-0.0
93,73,135,-0.0
93,73,136,-0.0
93,73,137,-0.0
93,73,138,-0.0
93,73,139,-0.0
93,73,140,-0.0
93,73,141,-0.0
93,73,142,-0.0
93,73,143,-0.0
93,73,144,-0.0
93,73,145,-0.0
93,73,146,-0.0
93,73,147,-0.0
93,73,148,-0.0
93,73,149,-0.0
93,73,150,-0.0
93,73,151,-0.0
93,73,152,-0.0
93,73,153,-0.0
93,73,154,-0.0
93,73,155,-0.0
93,73,156,-0.0
93,73,157,-0.0
93,73,158,-0.0
93,73,159,-0.0
93,73,160,-0.0
93,73,161,-0.0
93,73,162,-0.0
93,73,163,-0.0
93,73,164,-0.0
93,73,165,-0.0
93,73,166,-0.0
93,73,167,-0.0
93,73,168,-0.0
93,73,169,-0.0
93,73,170,-0.0
93,73,171,-0.0
93,73,172,-0.0
93,73,173,-0.0
93,73,174,-0.0
93,73,175,-0.0
93,73,176,-0.0
93,73,177,-0.0
93,73,178,-0.0
93,73,179,-0.0
93,73,180,-0.0
93,73,181,-0.0
93,73,182,-0.0
93,73,183,-0.0
93,73,184,-0.0
93,73,185,-0.0
93,73,186,-0.0
93,73,187,-0.0
93,73,188,0.0
93,73,189,-0.0
93,73,190,-0.0
93,73,191,-0.0
93,73,192,-0.0
93,73,193,-0.0
93,73,194,-0.0
93,73,195,-0.0
93,73,196,-0.0
93,73,197,-0.0
93,73,198,-0.0
93,73,199,-0.0
93,73,200,-0.0
93,73,201,-0.0
93,73,202,-0.0
93,73,203,-0.0
93,73,204,-0.0
93,73,205,-0.0
93,73,206,-0.0
93,73,207,-0.0
93,73,208,-0.0
93,73,209,-0.0
93,73,210,0.0
93,73,211,-0.0
93,73,212,-0.0
93,73,213,-0.0
93,73,214,-0.0
93,73,215,-0.0
93,73,216,-0.0
93,73,217,-0.0
93,73,218,-0.0
93,73,219,-0.0
93,73,220,-0.0
93,73,221,-0.0
93,73,222,-0.0
93,73,223,-0.0
93,73,224,-0.0
93,73,225,-0.0
93,73,226,-0.0
93,73,227,-0.0
93,73,228,-0.0
93,73,229,-0.0
93,73,230,-0.0
93,73,231,-0.0
93,73,232,-0.0
93,73,233,-0.0
93,73,234,-0.0
93,73,235,-0.0
93,73,236,-0.0
93,73,237,0.0
93,73,238,-0.0
93,73,239,-0.0
93,73,240,-0.0
93,73,241,-0.0
93,73,242,-0.0
93,73,243,-0.0
93,73,244,-0.0
93,73,245,-0.0
93,73,246,-0.0
93,73,247,-0.0
93,73,248,-0.0
93,73,249,-0.0
93,73,250,-0.0
93,73,251,-0.0
93,73,252,-0.0
93,73,253,-0.0
93,73,254,-0.0
93,73,255,-0.0
93,73,256,-0.0
93,73,257,-0.0
93,73,258,-0.0
93,73,259,-0.0
93,73,260,-0.0
93,73,261,-0.0
93,73,262,-0.0
93,73,263,-0.0
93,73,264,-0.0
93,73,265,-0.0
93,73,266,-0.0
93,73,267,-0.0
93,73,268,-0.0
93,73,269,-0.0
93,73,270,-0.0
93,73,271,-0.0
93,73,272,-0.0
93,73,273,-0.0
93,73,274,-0.0
93,73,275,-0.0
93,73,276,0.0
93,73,277,-0.0
93,73,278,0.0
93,73,279,-0.0
93,73,280,-0.0
93,73,281,-0.0
93,73,282,-0.0
93,73,283,-0.0
93,73,284,-0.0
93,73,285,-0.0
93,73,286,-0.0
93,73,287,-0.0
93,73,288,-0.0
93,73,289,-0.0
93,73,290,-0.0
93,73,291,-0.0
93,73,292,-0.0
93,73,293,-0.0
93,73,294,-0.0
93,73,295,-0.0
93,73,296,-0.0
93,73,297,0.0
93,73,298,-0.0
93,73,299,-0.0
93,73,300,-0.0
93,73,301,-0.0
93,73,302,-0.0
93,73,303,-0.0
93,73,304,-0.0
93,73,305,-0.0
93,73,306,-0.0
93,73,307,-0.0
93,73,308,-0.0
93,73,309,-0.0
93,73,310,-0.0
93,73,311,-0.0
93,73,312,-0.0
93,73,313,-0.0
93,73,314,-0.0
93,73,315,-0.0
93,73,316,-0.0
93,73,317,-0.0
93,73,318,-0.0
93,73,319,-0.0
93,73,320,-0.0
93,73,321,-0.0
93,73,322,-0.0
93,73,323,-0.0
93,73,324,-0.0
93,73,325,-0.0
93,73,326,-0.0
93,73,327,-0.0
93,73,328,-0.0
93,73,329,-0.0
93,73,330,-0.0
93,73,331,-0.0
93,73,332,-0.0
93,73,333,-0.0
93,73,334,-0.0
93,73,335,0.0
93,73,336,-0.0
93,73,337,-0.0
93,73,338,-0.0
93,73,339,-0.0
93,73,340,-0.0
93,73,341,-0.0
93,73,342,-0.0
93,73,343,-0.0
93,73,344,-0.0
93,73,345,-0.0
93,73,346,0.0
93,73,347,-0.0
93,73,348,-0.0
93,73,349,-0.0
93,73,350,-0.0
93,73,351,-0.0
93,73,352,-0.0
93,73,353,-0.0
93,73,354,-0.0
93,73,355,-0.0
93,73,356,-0.0
93,73,357,-0.0
93,73,358,-0.0
93,73,359,-0.0
93,73,360,-0.0
10,11,0,0.0
10,11,1,0.0
10,11,2,0.0
10,11,3,0.0
10,11,4,0.0
10,11,5,0.0
10,11,6,0.0
10,11,7,5.0
10,11,8,0.0
10,11,9,0.0
10,11,10,0.0
10,11,11,0.0
10,11,12,5.0
10,11,13,0.0
10,11,14,0.0
10,11,15,5.0
10,11,16,0.0
10,11,17,0.0
10,11,18,5.0
10,11,19,0.0
10,11,20,0.0
10,11,21,5.0
10,11,22,5.0
10,11,23,0.0
10,11,24,0.0
10,11,25,0.0
10,11,26,0.0
10,11,27,6.0
10,11,28,4.0
10,11,29,5.0
10,11,30,5.0
10,11,31,5.0
10,11,32,0.0
10,11,33,0.0
10,11,34,5.0
10,11,35,0.0
10,11,36,5.0
10,11,37,0.0
10,11,38,5.0
10,11,39,5.0
10,11,40,5.0
10,11,41,0.0
10,11,42,0.0
10,11,43,5.0
10,11,44,5.0
10,11,45,0.0
10,11,46,0.0
10,11,47,0.0
10,11,48,0.0
10,11,49,5.0
10,11,50,0.0
10,11,51,0.0
10,11,52,0.0
10,11,53,0.0
10,11,54,5.0
10,11,55,5.0
10,11,56,5.0
10,11,57,5.0
10,11,58,0.0
10,11,59,0.0
10,11,60,0.0
10,11,61,0.0
10,11,62,0.0
10,11,63,0.0
10,11,64,0.0
10,11,65,5.0
10,11,66,0.0
10,11,67,0.0
10,11,68,0.0
10,11,69,0.0
10,11,70,0.0
10,11,71,0.0
10,11,72,5.0
10,11,73,0.0
10,11,74,0.0
10,11,75,0.0
10,11,76,0.0
10,11,77,0.0
10,11,78,0.0
10,11,79,0.0
10,11,80,0.0
10,11,81,0.0
10,11,82,5.0
10,11,83,5.0
10,11,84,4.0
10,11,85,0.0
10,11,86,5.0
10,11,87,5.0
10,11,88,6.0
10,11,89,4.0
10,11,90,5.0
10,11,91,0.0
10,11,92,0.0
10,11,93,0.0
10,11,94,0.0
10,11,95,5.0
10,11,96,5.0
10,11,97,5.0
10,11,98,0.0
10,11,99,0.0
10,11,100,0.0
10,11,101,0.0
10,11,102,0.0
10,11,103,0.0
10,11,104,0.0
10,11,105,0.0
10,11,106,4.0
10,11,107,5.0
10,11,108,0.0
10,11,109,0.0
10,11,110,5.0
10,11,111,0.0
10,11,112,0.0
10,11,113,5.0
10,11,114,0.0
10,11,115,0.0
10,11,116,5.0
10,11,117,5.0
10,11,118,0.0
10,11,119,5.0
10,11,120,1.0
10,11,121,5.0
10,11,122,0.0
10,11,123,5.0
10,11,124,0.0
10,11,125,0.0
10,11,126,5.0
10,11,127,0.0
10,11,128,0.0
10,11,129,0.0
10,11,130,0.0
10,11,131,0.0
10,11,132,0.0
10,11,133,5.0
10,11,134,0.0
10,11,135,0.0
10,11,136,0.0
10,11,137,0.0
10,11,138,0.0
10,11,139,0.0
10,11,140,0.0
10,11,141,0.0
10,11,142,0.0
10,11,143,0.0
10,11,144,0.0
10,11,145,0.0
10,11,146,0.0
10,11,147,0.0
10,11,148,0.0
10,11,149,0.0
10,11,150,0.0
10,11,151,0.0
10,11,152,5.0
10,11,153,5.0
10,11,154,0.0
10,11,155,0.0
10,11,156,5.0
10,11,157,0.0
10,11,158,0.0
10,11,159,0.0
10,11,160,0.0
10,11,161,0.0
10,11,162,0.0
10,11,163,0.0
10,11,164,0.0
10,11,165,6.0
10,11,166,0.0
10,11,167,0.0
10,11,168,0.0
10,11,169,0.0
10,11,170,0.0
10,11,171,0.0
10,11,172,0.0
10,11,173,0.0
10,11,174,0.0
10,11,175,0.0
10,11,176,0.0
10,11,177,0.0
10,11,178,-0.0
10,11,179,0.0
10,11,180,0.0
10,11,181,0.0
10,11,182,0.0
10,11,183,0.0
10,11,184,0.0
10,11,185,0.0
10,11,186,5.0
10,11,187,0.0
10,11,188,5.0
10,11,189,0.0
10,11,190,0.0
10,11,191,5.0
10,11,192,5.0
10,11,193,0.0
10,11,194,0.0
10,11,195,0.0
10,11,196,0.0
10,11,197,0.0
10,11,198,5.0
10,11,199,0.0
10,11,200,0.0
10,11,201,0.0
10,11,202,0.0
10,11,203,0.0
10,11,204,5.0
10,11,205,5.0
10,11,206,5.0
10,11,207,0.0
10,11,208,0.0
10,11,209,0.0
10,11,210,0.0
10,11,211,5.0
10,11,212,0.0
10,11,213,5.0
10,11,214,5.0
10,11,215,0.0
10,11,216,0.0
10,11,217,0.0
10,11,218,0.0
10,11,219,5.0
10,11,220,5.0
10,11,221,0.0
10,11,222,0.0
10,11,223,0.0
10,11,224,0.0
10,11,225,0.0
10,11,226,0.0
10,11,227,0.0
10,11,228,0.0
10,11,229,0.0
10,11,230,0.0
10,11,231,5.0
10,11,232,0.0
10,11,233,0.0
10,11,234,0.0
10,11,235,0.0
10,11,236,0.0
10,11,237,0.0
10,11,238,0.0
10,11,239,0.0
10,11,240,0.0
10,11,241,0.0
10,11,242,0.0
10,11,243,5.0
10,11,244,5.0
10,11,245,0.0
10,11,246,0.0
10,11,247,0.0
10,11,248,0.0
10,11,249,5.0
10,11,250,0.0
10,11,251,0.0
10,11,252,0.0
10,11,253,0.0
10,11,254,0.0
10,11,255,0.0
10,11,256,0.0
10,11,257,0.0
10,11,258,0.0
10,11,259,0.0
10,11,260,0.0
10,11,261,5.0
10,11,262,0.0
10,11,263,0.0
10,11,264,5.0
10,11,265,5.0
10,11,266,0.0
10,11,267,0.0
10,11,268,5.0
10,11,269,5.0
10,11,270,5.0
10,11,271,5.0
10,11,272,0.0
10,11,273,0.0
10,11,274,5.0
10,11,275,5.0
10,11,276,0.0
10,11,277,5.0
10,11,278,0.0
10,11,279,0.0
10,11,280,0.0
10,11,281,0.0
10,11,282,5.0
10,11,283,-0.0
10,11,284,0.0
10,11,285,0.0
10,11,286,0.0
10,11,287,0.0
10,11,288,0.0
10,11,289,0.0
10,11,290,5.0
10,11,291,0.0
10,11,292,0.0
10,11,293,0.0
10,11,294,0.0
10,11,295,0.0
10,11,296,0.0
10,11,297,0.0
10,11,298,0.0
10,11,299,0.0
10,11,300,0.0
10,11,301,5.0
10,11,302,5.0
10,11,303,0.0
10,11,304,5.0
10,11,305,5.0
10,11,306,0.0
10,11,307,0.0
10,11,308,5.0
10,11,309,0.0
10,11,310,0.0
10,11,311,0.0
10,11,312,5.0
10,11,313,0.0
10,11,314,5.0
10,11,315,0.0
10,11,316,0.0
10,11,317,0.0
10,11,318,5.0
10,11,319,5.0
10,11,320,5.0
10,11,321,0.0
10,11,322,5.0
10,11,323,1.0
10,11,324,0.0
10,11,325,5.0
10,11,326,0.0
10,11,327,0.0
10,11,328,0.0
10,11,329,5.0
10,11,330,5.0
10,11,331,2.0
10,11,332,0.0
10,11,333,0.0
10,11,334,0.0
10,11,335,0.0
10,11,336,0.0
10,11,337,0.0
10,11,338,0.0
10,11,339,0.0
10,11,340,0.0
10,11,341,5.0
10,11,342,0.0
10,11,343,5.0
10,11,344,0.0
10,11,345,5.0
10,11,346,5.0
10,11,347,5.0
10,11,348,5.0
10,11,349,0.0
10,11,350,5.0
10,11,351,5.0
10,11,352,0.0
10,11,353,5.0
10,11,354,2.0
10,11,355,5.0
10,11,356,5.0
10,11,357,5.0
10,11,358,0.0
10,11,359,0.0
10,11,360,-0.0
29,46,0,0.0
29,46,1,0.0
29,46,2,-0.0
29,46,3,-0.0
29,46,4,-0.0
29,46,5,-0.0
29,46,6,-0.0
29,46,7,-0.0
29,46,8,-0.0
29,46,9,-0.0
29,46,10,-0.0
29,46,11,-0.0
29,46,12,-0.0
29,46,13,-0.0
29,46,14,-0.0
29,46,15,-0.0
29,46,16,-0.0
29,46,17,-0.0
29,46,18,-0.0
29,46,19,-0.0
29,46,20,-0.0
29,46,21,-0.0
29,46,22,-0.0
29,46,23,-0.0
29,46,24,-0.0
29,46,25,-0.0
29,46,26,0.0
29,46,27,-0.0
29,46,28,-0.0
29,46,29,-0.0
29,46,30,-0.0
29,46,31,-0.0
29,46,32,-0.0
29,46,33,-0.0
29,46,34,-0.0
29,46,35,-0.0
29,46,36,-0.0
29,46,37,-0.0
29,46,38,-0.0
29,46,39,-0.0
29,46,40,-0.0
29,46,41,-0.0
29,46,42,-0.0
29,46,43,-0.0
29,46,44,-0.0
29,46,45,-0.0
29,46,46,-0.0
29,46,47,-0.0
29,46,48,-0.0
29,46,49,-0.0
29,46,50,-0.0
29,46,51,-0.0
29,46,52,-0.0
29,46,53,-0.0
29,46,54,-0.0
29,46,55,-0.0
29,46,56,-0.0
29,46,57,-0.0
29,46,58,-0.0
29,46,59,-0.0
29,46,60,-0.0
29,46,61,-0.0
29,46,62,-0.0
29,46,63,-0.0
29,46,64,-0.0
29,46,65,-0.0
29,46,66,-0.0
29,46,67,-0.0
29,46,68,-0.0
29,46,69,-0.0
29,46,70,-0.0
29,46,71,-0.0
29,46,72,-0.0
29,46,73,-0.0
29,46,74,-0.0
29,46,75,-0.0
29,46,76,-0.0
29,46,77,-0.0
29,46,78,-0.0
29,46,79,-0.0
29,46,80,-0.0
29,46,81,0.0
29,46,82,-0.0
29,46,83,-0.0
29,46,84,-0.0
29,46,85,-0.0
29,46,86,-0.0
29,46,87,-0.0
29,46,88,-0.0
29,46,89,-0.0
29,46,90,-0.0
29,46,91,-0.0
29,46,92,-0.0
29,46,93,-0.0
29,46,94,-0.0
29,46,95,-0.0
29,46,96,-0.0
29,46,97,-0.0
29,46,98,-0.0
29,46,99,-0.0
29,46,100,-0.0
29,46,101,-0.0
29,46,102,-0.0
29,46,103,-0.0
29,46,104,-0.0
29,46,105,-0.0
29,46,106,-0.0
29,46,107,-0.0
29,46,108,-0.0
29,46,109,-0.0
29,46,110,-0.0
29,46,111,-0.0
29,46,112,-0.0
29,46,113,-0.0
29,46,114,-0.0
29,46,115,-0.0
29,46,116,-0.0
29,46,117,-0.0
29,46,118,-0.0
29,46,119,-0.0
29,46,120,-0.0
29,46,121,-0.0
29,46,122,-0.0
29,46,123,-0.0
29,46,124,-0.0
29,46,125,-0.0
29,46,126,-0.0
29,46,127,-0.0
29,46,128,-0.0
29,46,129,-0.0
29,46,130,-0.0
29,46,131,-0.0
29,46,132,-0.0
29,46,133,-0.0
29,46,134,-0.0
29,46,135,-0.0
29,46,136,-0.0
29,46,137,-0.0
29,46,138,-0.0
29,46,139,-0.0
29,46,140,-0.0
29,46,141,-0.0
29,46,142,-0.0
29,46,143,-0.0
29,46,144,-0.0
29,46,145,-0.0
29,46,146,-0.0
29,46,147,-0.0
29,46,148,-0.0
29,46,149,-0.0
29,46,150,-0.0
29,46,151,-0.0
29,46,152,-0.0
29,46,153,-0.0
29,46,154,-0.0
29,46,155,-0.0
29,46,156,-0.0
29,46,157,-0.0
29,46,158,-0.0
29,46,159,-0.0
29,46,160,-0.0
29,46,161,-0.0
29,46,162,-0.0
29,46,163,-0.0
29,46,164,-0.0
29,46,165,-0.0
29,46,166,-0.0
29,46,167,-0.0
29,46,168,-0.0
29,46,169,-0.0
29,46,170,-0.0
29,46,171,-0.0
29,46,172,-0.0
29,46,173,-0.0
29,46,174,-0.0
29,46,175,-0.0
29,46,176,-0.0
29,46,177,-0.0
29,46,178,-0.0
29,46,179,-0.0
29,46,180,-0.0
29,46,181,0.0
29,46,182,-0.0
29,46,183,-0.0
29,46,184,-0.0
29,46,185,-0.0
29,46,186,-0.0
29,46,187,-0.0
29,46,188,-0.0
29,46,189,-0.0
29,46,190,-0.0
29,46,191,-0.0
29,46,192,-0.0
29,46,193,-0.0
29,46,194,-0.0
29,46,195,-0.0
29,46,196,-0.0
29,46,197,-0.0
29,46,198,-0.0
29,46,199,-0.0
29,46,200,-0.0
29,46,201,-0.0
29,46,202,-0.0
29,46,203,-0.0
29,46,204,-0.0
29,46,205,-0.0
29,46,206,-0.0
29,46,207,-0.0
29,46,208,-0.0
29,46,209,-0.0
29,46,210,-0.0
29,46,211,-0.0
29,46,212,-0.0
29,46,213,-0.0
29,46,214,-0.0
29,46,215,-0.0
29,46,216,-0.0
29,46,217,-0.0
29,46,218,-0.0
29,46,219,-0.0
29,46,220,-0.0
29,46,221,-0.0
29,46,222,-0.0
29,46,223,-0.0
29,46,224,-0.0
29,46,225,-0.0
29,46,226,-0.0
29,46,227,-0.0
29,46,228,-0.0
29,46,229,-0.0
29,46,230,-0.0
29,46,231,-0.0
29,46,232,-0.0
29,46,233,-0.0
29,46,234,-0.0
29,46,235,-0.0
29,46,236,-0.0
29,46,237,-0.0
29,46,238,-0.0
29,46,239,-0.0
29,46,240,-0.0
29,46,241,-0.0
29,46,242,-0.0
29,46,243,-0.0
29,46,244,-0.0
29,46,245,-0.0
29,46,246,-0.0
29,46,247,-0.0
29,46,248,-0.0
29,46,249,-0.0
29,46,250,-0.0
29,46,251,-0.0
29,46,252,-0.0
29,46,253,-0.0
29,46,254,-0.0
29,46,255,-0.0
29,46,256,-0.0
29,46,257,-0.0
29,46,258,-0.0
29,46,259,-0.0
29,46,260,-0.0
29,46,261,-0.0
29,46,262,-0.0
29,46,263,-0.0
29,46,264,-0.0
29,46,265,-0.0
29,46,266,-0.0
29,46,267,-0.0
29,46,268,-0.0
29,46,269,-0.0
29,46,270,-0.0
29,46,271,-0.0
29,46,272,-0.0
29,46,273,-0.0
29,46,274,-0.0
29,46,275,-0.0
29,46,276,-0.0
29,46,277,-0.0
29,46,278,-0.0
29,46,279,-0.0
29,46,280,-0.0
29,46,281,-0.0
29,46,282,-0.0
29,46,283,-0.0
29,46,284,-0.0
29,46,285,-0.0
29,46,286,-0.0
29,46,287,-0.0
29,46,288,-0.0
29,46,289,-0.0
29,46,290,-0.0
29,46,291,-0.0
29,46,292,-0.0
29,46,293,-0.0
29,46,294,-0.0
29,46,295,-0.0
29,46,296,-0.0
29,46,297,-0.0
29,46,298,-0.0
29,46,299,-0.0
29,46,300,-0.0
29,46,301,-0.0
29,46,302,-0.0
29,46,303,-0.0
29,46,304,-0.0
29,46,305,-0.0
29,46,306,-0.0
29,46,307,-0.0
29,46,308,-0.0
29,46,309,-0.0
29,46,310,-0.0
29,46,311,-0.0
29,46,312,-0.0
29,46,313,-0.0
29,46,314,-0.0
29,46,315,-0.0
29,46,316,-0.0
29,46,317,-0.0
29,46,318,-0.0
29,46,319,-0.0
29,46,320,-0.0
29,46,321,-0.0
29,46,322,-0.0
29,46,323,-0.0
29,46,324,-0.0
29,46,325,-0.0
29,46,326,-0.0
29,46,327,-0.0
29,46,328,-0.0
29,46,329,-0.0
29,46,330,-0.0
29,46,331,-0.0
29,46,332,-0.0
29,46,333,-0.0
29,46,334,-0.0
29,46,335,-0.0
29,46,336,-0.0
29,46,337,-0.0
29,46,338,-0.0
29,46,339,-0.0
29,46,340,-0.0
29,46,341,-0.0
29,46,342,-0.0
29,46,343,-0.0
29,46,344,-0.0
29,46,345,-0.0
29,46,346,-0.0
29,46,347,-0.0
29,46,348,-0.0
29,46,349,-0.0
29,46,350,-0.0
29,46,351,-0.0
29,46,352,-0.0
29,46,353,-0.0
29,46,354,-0.0
29,46,355,0.0
29,46,356,-0.0
29,46,357,-0.0
29,46,358,-0.0
29,46,359,-0.0
29,46,360,-0.0
76,75,0,0.0
76,75,1,0.0
76,75,2,0.0
76,75,3,0.0
76,75,4,0.0
76,75,5,-0.0
76,75,6,0.0
76,75,7,0.0
76,75,8,0.0
76,75,9,0.0
76,75,10,0.0
76,75,11,0.0
76,75,12,0.0
76,75,13,-0.0
76,75,14,0.0
76,75,15,0.0
76,75,16,0.0
76,75,17,0.0
76,75,18,0.0
76,75,19,0.0
76,75,20,0.0
76,75,21,-0.0
76,75,22,0.0
76,75,23,0.0
76,75,24,0.0
76,75,25,0.0
76,75,26,0.0
76,75,27,0.0
76,75,28,0.0
76,75,29,0.0
76,75,30,0.0
76,75,31,0.0
76,75,32,0.0
76,75,33,0.0
76,75,34,0.0
76,75,35,-0.0
76,75,36,0.0
76,75,37,0.0
76,75,38,0.0
76,75,39,0.0
76,75,40,0.0
76,75,41,0.0
76,75,42,0.0
76,75,43,0.0
76,75,44,0.0
76,75,45,0.0
76,75,46,0.0
76,75,47,0.0
76,75,48,0.0
76,75,49,0.0
76,75,50,-0.0
76,75,51,0.0
76,75,52,-0.0
76,75,53,0.0
76,75,54,0.0
76,75,55,0.0
76,75,56,0.0
76,75,57,0.0
76,75,58,0.0
76,75,59,0.0
76,75,60,0.0
76,75,61,0.0
76,75,62,0.0
76,75,63,0.0
76,75,64,0.0
76,75,65,0.0
76,75,66,0.0
76,75,67,0.0
76,75,68,0.0
76,75,69,0.0
76,75,70,0.0
76,75,71,0.0
76,75,72,-0.0
76,75,73,0.0
76,75,74,0.0
76,75,75,0.0
76,75,76,0.0
76,75,77,0.0
76,75,78,0.0
76,75,79,0.0
76,75,80,0.0
76,75,81,0.0
76,75,82,0.0
76,75,83,0.0
76,75,84,0.0
76,75,85,0.0
76,75,86,0.0
76,75,87,0.0
76,75,88,-0.0
76,75,89,0.0
76,75,90,0.0
76,75,91,0.0
76,75,92,-0.0
76,75,93,0.0
76,75,94,0.0
76,75,95,0.0
76,75,96,0.0
76,75,97,0.0
76,75,98,0.0
76,75,99,0.0
76,75,100,0.0
76,75,101,0.0
76,75,102,0.0
76,75,103,0.0
76,75,104,0.0
76,75,105,-0.0
76,75,106,0.0
76,75,107,0.0
76,75,108,0.0
76,75,109,0.0
76,75,110,-0.0
76,75,111,0.0
76,75,112,0.0
76,75,113,0.0
76,75,114,0.0
76,75,115,0.0
76,75,116,0.0
76,75,117,0.0
76,75,118,-0.0
76,75,119,0.0
76,75,120,0.0
76,75,121,0.0
76,75,122,0.0
76,75,123,-0.0
76,75,124,0.0
76,75,125,0.0
76,75,126,0.0
76,75,127,0.0
76,75,128,0.0
76,75,129,0.0
76,75,130,0.0
76,75,131,0.0
76,75,132,0.0
76,75,133,0.0
76,75,134,0.0
76,75,135,0.0
76,75,136,0.0
76,75,137,0.0
76,75,138,0.0
76,75,139,0.0
76,75,140,0.0
76,75,141,0.0
76,75,142,0.0
76,75,143,0.0
76,75,144,0.0
76,75,145,0.0
76,75,146,0.0
76,75,147,0.0
76,75,148,0.0
76,75,149,0.0
76,75,150,0.0
76,75,151,0.0
76,75,152,0.0
76,75,153,0.0
76,75,154,0.0
76,75,155,0.0
76,75,156,0.0
76,75,157,-0.0
76,75,158,0.0
76,75,159,0.0
76,75,160,0.0
76,75,161,0.0
76,75,162,0.0
76,75,163,0.0
76,75,164,0.0
76,75,165,-0.0
76,75,166,0.0
76,75,167,0.0
76,75,168,0.0
76,75,169,0.0
76,75,170,0.0
76,75,171,0.0
76,75,172,0.0
76,75,173,0.0
76,75,174,-0.0
76,75,175,0.0
76,75,176,0.0
76,75,177,0.0
76,75,178,0.0
76,75,179,0.0
76,75,180,0.0
76,75,181,0.0
76,75,182,0.0
76,75,183,0.0
76,75,184,0.0
76,75,185,0.0
76,75,186,0.0
76,75,187,0.0
76,75,188,0.0
76,75,189,-0.0
76,75,190,0.0
76,75,191,-0.0
76,75,192,0.0
76,75,193,0.0
76,75,194,-0.0
76,75,195,0.0
76,75,196,0.0
76,75,197,0.0
76,75,198,-0.0
76,75,199,-0.0
76,75,200,0.0
76,75,201,0.0
76,75,202,0.0
76,75,203,0.0
76,75,204,0.0
76,75,205,0.0
76,75,206,0.0
76,75,207,0.0
76,75,208,0.0
76,75,209,0.0
76,75,210,-0.0
76,75,211,0.0
76,75,212,0.0
76,75,213,0.0
76,75,214,0.0
76,75,215,0.0
76,75,216,0.0
76,75,217,-0.0
76,75,218,0.0
76,75,219,0.0
76,75,220,-0.0
76,75,221,0.0
76,75,222,0.0
76,75,223,0.0
76,75,224,0.0
76,75,225,0.0
76,75,226,0.0
76,75,227,0.0
76,75,228,0.0
76,75,229,0.0
76,75,230,0.0
76,75,231,-0.0
76,75,232,0.0
76,75,233,0.0
76,75,234,-0.0
76,75,235,0.0
76,75,236,0.0
76,75,237,0.0
76,75,238,0.0
76,75,239,0.0
76,75,240,-0.0
76,75,241,0.0
76,75,242,0.0
76,75,243,0.0
76,75,244,-0.0
76,75,245,-0.0
76,75,246,0.0
76,75,247,0.0
76,75,248,0.0
76,75,249,0.0
76,75,250,0.0
76,75,251,0.0
76,75,252,0.0
76,75,253,0.0
76,75,254,0.0
76,75,255,0.0
76,75,256,0.0
76,75,257,0.0
76,75,258,0.0
76,75,259,0.0
76,75,260,0.0
76,75,261,0.0
76,75,262,0.0
76,75,263,0.0
76,75,264,0.0
76,75,265,0.0
76,75,266,0.0
76,75,267,0.0
76,75,268,0.0
76,75,269,0.0
76,75,270,0.0
76,75,271,-0.0
76,75,272,0.0
76,75,273,0.0
76,75,274,0.0
76,75,275,0.0
76,75,276,0.0
76,75,277,0.0
76,75,278,0.0
76,75,279,0.0
76,75,280,0.0
76,75,281,-0.0
76,75,282,-0.0
76,75,283,0.0
76,75,284,0.0
76,75,285,0.0
76,75,286,0.0
76,75,287,0.0
76,75,288,0.0
76,75,289,0.0
76,75,290,0.0
76,75,291,0.0
76,75,292,0.0
76,75,293,0.0
76,75,294,0.0
76,75,295,0.0
76,75,296,0.0
76,75,297,0.0
76,75,298,0.0
76,75,299,0.0
76,75,300,0.0
76,75,301,0.0
76,75,302,0.0
76,75,303,0.0
76,75,304,0.0
76,75,305,0.0
76,75,306,0.0
76,75,307,0.0
76,75,308,0.0
76,75,309,0.0
76,75,310,0.0
76,75,311,0.0
76,75,312,0.0
76,75,313,0.0
76,75,314,0.0
76,75,315,0.0
76,75,316,0.0
76,75,317,0.0
76,75,318,0.0
76,75,319,0.0
76,75,320,0.0
76,75,321,0.0
76,75,322,0.0
76,75,323,0.0
76,75,324,0.0
76,75,325,0.0
76,75,326,0.0
76,75,327,0.0
76,75,328,0.0
76,75,329,0.0
76,75,330,0.0
76,75,331,0.0
76,75,332,-0.0
76,75,333,0.0
76,75,334,0.0
76,75,335,0.0
76,75,336,0.0
76,75,337,0.0
76,75,338,0.0
76,75,339,0.0
76,75,340,0.0
76,75,341,0.0
76,75,342,0.0
76,75,343,0.0
76,75,344,0.0
76,75,345,0.0
76,75,346,-0.0
76,75,347,0.0
76,75,348,0.0
76,75,349,0.0
76,75,350,0.0
76,75,351,0.0
76,75,352,0.0
76,75,353,0.0
76,75,354,0.0
76,75,355,0.0
76,75,356,-0.0
76,75,357,0.0
76,75,358,0.0
76,75,359,0.0
76,75,360,-0.0
92,93,0,0.0
92,93,1,0.0
92,93,2,0.0
92,93,3,0.0
92,93,4,0.0
92,93,5,0.0
92,93,6,0.0
92,93,7,0.0
92,93,8,0.0
92,93,9,0.0
92,93,10,0.0
92,93,11,0.0
92,93,12,0.0
92,93,13,0.0
92,93,14,0.0
92,93,15,0.0
92,93,16,0.0
92,93,17,0.0
92,93,18,0.0
92,93,19,0.0
92,93,20,0.0
92,93,21,0.0
92,93,22,0.0
92,93,23,0.0
92,93,24,0.0
92,93,25,0.0
92,93,26,0.0
92,93,27,0.0
92,93,28,0.0
92,93,29,0.0
92,93,30,0.0
92,93,31,0.0
92,93,32,0.0
92,93,33,0.0
92,93,34,0.0
92,93,35,0.0
92,93,36,0.0
92,93,37,0.0
92,93,38,0.0
92,93,39,0.0
92,93,40,0.0
92,93,41,0.0
92,93,42,0.0
92,93,43,0.0
92,93,44,0.0
92,93,45,0.0
92,93,46,0.0
92,93,47,0.0
92,93,48,0.0
92,93,49,0.0
92,93,50,0.0
92,93,51,0.0
92,93,52,0.0
92,93,53,0.0
92,93,54,0.0
92,93,55,0.0
92,93,56,0.0
92,93,57,0.0
92,93,58,0.0
92,93,59,0.0
92,93,60,0.0
92,93,61,0.0
92,93,62,0.0
92,93,63,0.0
92,93,64,0.0
92,93,65,0.0
92,93,66,0.0
92,93,67,0.0
92,93,68,0.0
92,93,69,0.0
92,93,70,0.0
92,93,71,0.0
92,93,72,0.0
92,93,73,0.0
92,93,74,0.0
92,93,75,0.0
92,93,76,0.0
92,93,77,0.0
92,93,78,0.0
92,93,79,0.0
92,93,80,0.0
92,93,81,0.0
92,93,82,0.0
92,93,83,0.0
92,93,84,0.0
92,93,85,0.0
92,93,86,0.0
92,93,87,0.0
92,93,88,0.0
92,93,89,0.0
92,93,90,0.0
92,93,91,0.0
92,93,92,0.0
92,93,93,0.0
92,93,94,0.0
92,93,95,0.0
92,93,96,0.0
92,93,97,0.0
92,93,98,0.0
92,93,99,0.0
92,93,100,0.0
92,93,101,0.0
92,93,102,0.0
92,93,103,0.0
92,93,104,0.0
92,93,105,0.0
92,93,106,0.0
92,93,107,0.0
92,93,108,0.0
92,93,109,0.0
92,93,110,0.0
92,93,111,0.0
92,93,112,0.0
92,93,113,0.0
92,93,114,0.0
92,93,115,0.0
92,93,116,0.0
92,93,117,0.0
92,93,118,-0.0
92,93,119,0.0
92,93,120,0.0
92,93,121,0.0
92,93,122,0.0
92,93,123,0.0
92,93,124,0.0
92,93,125,0.0
92,93,126,0.0
92,93,127,0.0
92,93,128,0.0
92,93,129,0.0
92,93,130,0.0
92,93,131,0.0
92,93,132,0.0
92,93,133,0.0
92,93,134,0.0
92,93,135,0.0
92,93,136,0.0
92,93,137,0.0
92,93,138,0.0
92,93,139,0.0
92,93,140,0.0
92,93,141,0.0
92,93,142,0.0
92,93,143,0.0
92,93,144,0.0
92,93,145,0.0
92,93,146,0.0
92,93,147,0.0
92,93,148,0.0
92,93,149,0.0
92,93,150,0.0
92,93,151,0.0
92,93,152,0.0
92,93,153,0.0
92,93,154,0.0
92,93,155,0.0
92,93,156,0.0
92,93,157,0.0
92,93,158,0.0
92,93,159,0.0
92,93,160,0.0
92,93,161,0.0
92,93,162,0.0
92,93,163,0.0
92,93,164,0.0
92,93,165,0.0
92,93,166,0.0
92,93,167,0.0
92,93,168,0.0
92,93,169,0.0
92,93,170,0.0
92,93,171,0.0
92,93,172,0.0
92,93,173,0.0
92,93,174,0.0
92,93,175,0.0
92,93,176,0.0
92,93,177,0.0
92,93,178,0.0
92,93,179,0.0
92,93,180,0.0
92,93,181,0.0
92,93,182,0.0
92,93,183,0.0
92,93,184,0.0
92,93,185,0.0
92,93,186,0.0
92,93,187,0.0
92,93,188,0.0
92,93,189,-0.0
92,93,190,0.0
92,93,191,0.0
92,93,192,0.0
92,93,193,0.0
92,93,194,0.0
92,93,195,0.0
92,93,196,0.0
92,93,197,0.0
92,93,198,0.0
92,93,199,0.0
92,93,200,0.0
92,93,201,0.0
92,93,202,0.0
92,93,203,0.0
92,93,204,0.0
92,93,205,0.0
92,93,206,0.0
92,93,207,0.0
92,93,208,0.0
92,93,209,0.0
92,93,210,0.0
92,93,211,0.0
92,93,212,0.0
92,93,213,0.0
92,93,214,0.0
92,93,215,0.0
92,93,216,0.0
92,93,217,0.0
92,93,218,0.0
92,93,219,0.0
92,93,220,0.0
92,93,221,0.0
92,93,222,0.0
92,93,223,0.0
92,93,224,0.0
92,93,225,0.0
92,93,226,0.0
92,93,227,0.0
92,93,228,0.0
92,93,229,0.0
92,93,230,0.0
92,93,231,0.0
92,93,232,0.0
92,93,233,0.0
92,93,234,0.0
92,93,235,0.0
92,93,236,0.0
92,93,237,0.0
92,93,238,0.0
92,93,239,-0.0
92,93,240,0.0
92,93,241,0.0
92,93,242,0.0
92,93,243,0.0
92,93,244,0.0
92,93,245,0.0
92,93,246,0.0
92,93,247,0.0
92,93,248,0.0
92,93,249,0.0
92,93,250,0.0
92,93,251,0.0
92,93,252,0.0
92,93,253,0.0
92,93,254,0.0
92,93,255,0.0
92,93,256,0.0
92,93,257,0.0
92,93,258,0.0
92,93,259,0.0
92,93,260,0.0
92,93,261,0.0
92,93,262,0.0
92,93,263,0.0
92,93,264,0.0
92,93,265,0.0
92,93,266,0.0
92,93,267,0.0
92,93,268,0.0
92,93,269,0.0
92,93,270,0.0
92,93,271,0.0
92,93,272,0.0
92,93,273,0.0
92,93,274,0.0
92,93,275,0.0
92,93,276,0.0
92,93,277,0.0
92,93,278,0.0
92,93,279,0.0
92,93,280,0.0
92,93,281,0.0
92,93,282,-0.0
92,93,283,0.0
92,93,284,0.0
92,93,285,0.0
92,93,286,0.0
92,93,287,0.0
92,93,288,0.0
92,93,289,0.0
92,93,290,0.0
92,93,291,0.0
92,93,292,0.0
92,93,293,0.0
92,93,294,0.0
92,93,295,0.0
92,93,296,0.0
92,93,297,0.0
92,93,298,0.0
92,93,299,0.0
92,93,300,0.0
92,93,301,0.0
92,93,302,0.0
92,93,303,0.0
92,93,304,0.0
92,93,305,0.0
92,93,306,0.0
92,93,307,0.0
92,93,308,0.0
92,93,309,0.0
92,93,310,0.0
92,93,311,0.0
92,93,312,0.0
92,93,313,0.0
92,93,314,0.0
92,93,315,-0.0
92,93,316,0.0
92,93,317,0.0
92,93,318,0.0
92,93,319,0.0
92,93,320,0.0
92,93,321,0.0
92,93,322,0.0
92,93,323,0.0
92,93,324,0.0
92,93,325,0.0
92,93,326,0.0
92,93,327,0.0
92,93,328,0.0
92,93,329,0.0
92,93,330,0.0
92,93,331,0.0
92,93,332,0.0
92,93,333,0.0
92,93,334,0.0
92,93,335,0.0
92,93,336,0.0
92,93,337,0.0
92,93,338,0.0
92,93,339,0.0
92,93,340,0.0
92,93,341,0.0
92,93,342,0.0
92,93,343,0.0
92,93,344,0.0
92,93,345,0.0
92,93,346,0.0
92,93,347,0.0
92,93,348,0.0
92,93,349,0.0
92,93,350,0.0
92,93,351,0.0
92,93,352,0.0
92,93,353,-0.0
92,93,354,0.0
92,93,355,0.0
92,93,356,0.0
92,93,357,0.0
92,93,358,-0.0
92,93,359,-0.0
92,93,360,-0.0
37,38,0,0.0
37,38,1,0.0
37,38,2,0.0
37,38,3,0.0
37,38,4,0.0
37,38,5,0.0
37,38,6,0.0
37,38,7,0.0
37,38,8,0.0
37,38,9,0.0
37,38,10,0.0
37,38,11,0.0
37,38,12,0.0
37,38,13,0.0
37,38,14,11.0
37,38,15,0.0
37,38,16,-0.0
37,38,17,0.0
37,38,18,0.0
37,38,19,6.0
37,38,20,11.0
37,38,21,0.0
37,38,22,0.0
37,38,23,0.0
37,38,24,0.0
37,38,25,0.0
37,38,26,0.0
37,38,27,0.0
37,38,28,0.0
37,38,29,0.0
37,38,30,0.0
37,38,31,0.0
37,38,32,0.0
37,38,33,0.0
37,38,34,0.0
37,38,35,0.0
37,38,36,-0.0
37,38,37,6.0
37,38,38,0.0
37,38,39,0.0
37,38,40,6.0
37,38,41,0.0
37,38,42,0.0
37,38,43,0.0
37,38,44,0.0
37,38,45,0.0
37,38,46,0.0
37,38,47,0.0
37,38,48,6.0
37,38,49,0.0
37,38,50,6.0
37,38,51,0.0
37,38,52,0.0
37,38,53,0.0
37,38,54,0.0
37,38,55,0.0
37,38,56,6.0
37,38,57,6.0
37,38,58,0.0
37,38,59,0.0
37,38,60,0.0
37,38,61,0.0
37,38,62,0.0
37,38,63,0.0
37,38,64,6.0
37,38,65,0.0
37,38,66,11.0
37,38,67,0.0
37,38,68,0.0
37,38,69,0.0
37,38,70,0.0
37,38,71,0.0
37,38,72,0.0
37,38,73,0.0
37,38,74,6.0
37,38,75,0.0
37,38,76,0.0
37,38,77,-0.0
37,38,78,0.0
37,38,79,0.0
37,38,80,0.0
37,38,81,0.0
37,38,82,6.0
37,38,83,0.0
37,38,84,0.0
37,38,85,0.0
37,38,86,0.0
37,38,87,6.0
37,38,88,0.0
37,38,89,0.0
37,38,90,6.0
37,38,91,6.0
37,38,92,7.0
37,38,93,0.0
37,38,94,-0.0
37,38,95,0.0
37,38,96,0.0
37,38,97,0.0
37,38,98,0.0
37,38,99,0.0
37,38,100,6.0
37,38,101,-0.0
37,38,102,0.0
37,38,103,0.0
37,38,104,-0.0
37,38,105,0.0
37,38,106,0.0
37,38,107,-0.0
37,38,108,6.0
37,38,109,0.0
37,38,110,1.0
37,38,111,7.0
37,38,112,0.0
37,38,113,6.0
37,38,114,0.0
37,38,115,0.0
37,38,116,0.0
37,38,117,0.0
37,38,118,0.0
37,38,119,-0.0
37,38,120,0.0
37,38,121,6.0
37,38,122,0.0
37,38,123,0.0
37,38,124,6.0
37,38,125,0.0
37,38,126,6.0
37,38,127,11.0
37,38,128,1.0
37,38,129,6.0
37,38,130,6.0
37,38,131,0.0
37,38,132,0.0
37,38,133,6.0
37,38,134,0.0
37,38,135,0.0
37,38,136,6.0
37,38,137,-0.0
37,38,138,0.0
37,38,139,0.0
37,38,140,0.0
37,38,141,0.0
37,38,142,0.0
37,38,143,0.0
37,38,144,0.0
37,38,145,0.0
37,38,146,0.0
37,38,147,3.0
37,38,148,0.0
37,38,149,0.0
37,38,150,9.0
37,38,151,6.0
37,38,152,0.0
37,38,153,0.0
37,38,154,0.0
37,38,155,0.0
37,38,156,0.0
37,38,157,0.0
37,38,158,1.0
37,38,159,11.0
37,38,160,6.0
37,38,161,0.0
37,38,162,0.0
37,38,163,0.0
37,38,164,0.0
37,38,165,0.0
37,38,166,6.0
37,38,167,0.0
37,38,168,0.0
37,38,169,0.0
37,38,170,0.0
37,38,171,0.0
37,38,172,0.0
37,38,173,0.0
37,38,174,0.0
37,38,175,6.0
37,38,176,6.0
37,38,177,6.0
37,38,178,-0.0
37,38,179,0.0
37,38,180,6.0
37,38,181,6.0
37,38,182,6.0
37,38,183,11.0
37,38,184,0.0
37,38,185,6.0
37,38,186,6.0
37,38,187,6.0
37,38,188,10.0
37,38,189,0.0
37,38,190,-0.0
37,38,191,6.0
37,38,192,6.0
37,38,193,6.0
37,38,194,0.0
37,38,195,6.0
37,38,196,6.0
37,38,197,-0.0
37,38,198,6.0
37,38,199,6.0
37,38,200,6.0
37,38,201,0.0
37,38,202,6.0
37,38,203,0.0
37,38,204,9.0
37,38,205,0.0
37,38,206,6.0
37,38,207,6.0
37,38,208,0.0
37,38,209,0.0
37,38,210,0.0
37,38,211,9.0
37,38,212,6.0
37,38,213,0.0
37,38,214,6.0
37,38,215,0.0
37,38,216,9.0
37,38,217,6.0
37,38,218,6.0
37,38,219,9.0
37,38,220,6.0
37,38,221,6.0
37,38,222,6.0
37,38,223,0.0
37,38,224,6.0
37,38,225,0.0
37,38,226,6.0
37,38,227,0.0
37,38,228,6.0
37,38,229,0.0
37,38,230,6.0
37,38,231,9.0
37,38,232,6.0
37,38,233,0.0
37,38,234,11.0
37,38,235,6.0
37,38,236,0.0
37,38,237,6.0
37,38,238,6.0
37,38,239,6.0
37,38,240,-0.0
37,38,241,6.0
37,38,242,-0.0
37,38,243,9.0
37,38,244,8.0
37,38,245,7.0
37,38,246,0.0
37,38,247,6.0
37,38,248,0.0
37,38,249,0.0
37,38,250,0.0
37,38,251,0.0
37,38,252,0.0
37,38,253,6.0
37,38,254,11.0
37,38,255,6.0
37,38,256,6.0
37,38,257,0.0
37,38,258,0.0
37,38,259,0.0
37,38,260,6.0
37,38,261,0.0
37,38,262,9.0
37,38,263,0.0
37,38,264,0.0
37,38,265,6.0
37,38,266,-0.0
37,38,267,0.0
37,38,268,9.0
37,38,269,0.0
37,38,270,0.0
37,38,271,0.0
37,38,272,0.0
37,38,273,6.0
37,38,274,0.0
37,38,275,0.0
37,38,276,1.0
37,38,277,6.0
37,38,278,0.0
37,38,279,0.0
37,38,280,0.0
37,38,281,0.0
37,38,282,6.0
37,38,283,-0.0
37,38,284,0.0
37,38,285,0.0
37,38,286,6.0
37,38,287,0.0
37,38,288,0.0
37,38,289,0.0
37,38,290,0.0
37,38,291,0.0
37,38,292,0.0
37,38,293,-0.0
37,38,294,0.0
37,38,295,0.0
37,38,296,0.0
37,38,297,0.0
37,38,298,0.0
37,38,299,0.0
37,38,300,0.0
37,38,301,4.0
37,38,302,6.0
37,38,303,6.0
37,38,304,6.0
37,38,305,0.0
37,38,306,0.0
37,38,307,0.0
37,38,308,0.0
37,38,309,0.0
37,38,310,0.0
37,38,311,0.0
37,38,312,0.0
37,38,313,0.0
37,38,314,0.0
37,38,315,-0.0
37,38,316,0.0
37,38,317,9.0
37,38,318,6.0
37,38,319,6.0
37,38,320,0.0
37,38,321,-0.0
37,38,322,1.0
37,38,323,6.0
37,38,324,6.0
37,38,325,0.0
37,38,326,6.0
37,38,327,6.0
37,38,328,0.0
37,38,329,0.0
37,38,330,9.0
37,38,331,-0.0
37,38,332,0.0
37,38,333,6.0
37,38,334,0.0
37,38,335,0.0
37,38,336,11.0
37,38,337,0.0
37,38,338,0.0
37,38,339,0.0
37,38,340,6.0
37,38,341,-0.0
37,38,342,0.0
37,38,343,0.0
37,38,344,-0.0
37,38,345,0.0
37,38,346,7.0
37,38,347,-0.0
37,38,348,6.0
37,38,349,-0.0
37,38,350,6.0
37,38,351,6.0
37,38,352,6.0
37,38,353,6.0
37,38,354,6.0
37,38,355,6.0
37,38,356,6.0
37,38,357,6.0
37,38,358,11.0
37,38,359,6.0
37,38,360,-0.0
30,32,0,0.0
30,32,1,0.0
30,32,2,5.0
30,32,3,0.0
30,32,4,6.0
30,32,5,3.0
30,32,6,-0.0
30,32,7,-0.0
30,32,8,5.0
30,32,9,0.0
30,32,10,5.0
30,32,11,5.0
30,32,12,0.0
30,32,13,5.0
30,32,14,3.0
30,32,15,0.0
30,32,16,5.0
30,32,17,5.0
30,32,18,0.0
30,32,19,0.0
30,32,20,0.0
30,32,21,1.0
30,32,22,0.0
30,32,23,0.0
30,32,24,6.0
30,32,25,0.0
30,32,26,0.0
30,32,27,3.0
30,32,28,5.0
30,32,29,0.0
30,32,30,1.0
30,32,31,-0.0
30,32,32,0.0
30,32,33,0.0
30,32,34,5.0
30,32,35,0.0
30,32,36,6.0
30,32,37,0.0
30,32,38,5.0
30,32,39,6.0
30,32,40,-0.0
30,32,41,-0.0
30,32,42,0.0
30,32,43,3.0
30,32,44,-0.0
30,32,45,5.0
30,32,46,0.0
30,32,47,0.0
30,32,48,-0.0
30,32,49,0.0
30,32,50,0.0
30,32,51,0.0
30,32,52,0.0
30,32,53,-0.0
30,32,54,5.0
30,32,55,-0.0
30,32,56,0.0
30,32,57,5.0
30,32,58,0.0
30,32,59,0.0
30,32,60,-0.0
30,32,61,0.0
30,32,62,5.0
30,32,63,0.0
30,32,64,-0.0
30,32,65,-0.0
30,32,66,0.0
30,32,67,3.0
30,32,68,-0.0
30,32,69,0.0
30,32,70,0.0
30,32,71,0.0
30,32,72,0.0
30,32,73,0.0
30,32,74,0.0
30,32,75,0.0
30,32,76,3.0
30,32,77,3.0
30,32,78,0.0
30,32,79,0.0
30,32,80,0.0
30,32,81,0.0
30,32,82,0.0
30,32,83,0.0
30,32,84,0.0
30,32,85,0.0
30,32,86,0.0
30,32,87,0.0
30,32,88,1.0
30,32,89,0.0
30,32,90,3.0
30,32,91,3.0
30,32,92,0.0
30,32,93,0.0
30,32,94,0.0
30,32,95,0.0
30,32,96,0.0
30,32,97,0.0
30,32,98,-0.0
30,32,99,0.0
30,32,100,0.0
30,32,101,0.0
30,32,102,3.0
30,32,103,-0.0
30,32,104,0.0
30,32,105,-0.0
30,32,106,0.0
30,32,107,1.0
30,32,108,0.0
30,32,109,0.0
30,32,110,0.0
30,32,111,-0.0
30,32,112,0.0
30,32,113,0.0
30,32,114,0.0
30,32,115,0.0
30,32,116,0.0
30,32,117,0.0
30,32,118,0.0
30,32,119,3.0
30,32,120,-0.0
30,32,121,0.0
30,32,122,0.0
30,32,123,5.0
30,32,124,-0.0
30,32,125,0.0
30,32,126,6.0
30,32,127,0.0
30,32,128,0.0
30,32,129,0.0
30,32,130,0.0
30,32,131,0.0
30,32,132,0.0
30,32,133,-0.0
30,32,134,3.0
30,32,135,-0.0
30,32,136,0.0
30,32,137,0.0
30,32,138,3.0
30,32,139,-0.0
30,32,140,5.0
30,32,141,0.0
30,32,142,-0.0
30,32,143,3.0
30,32,144,0.0
30,32,145,-0.0
30,32,146,3.0
30,32,147,0.0
30,32,148,0.0
30,32,149,0.0
30,32,150,0.0
30,32,151,0.0
30,32,152,3.0
30,32,153,0.0
30,32,154,1.0
30,32,155,6.0
30,32,156,6.0
30,32,157,-0.0
30,32,158,0.0
30,32,159,0.0
30,32,160,0.0
30,32,161,1.0
30,32,162,0.0
30,32,163,-0.0
30,32,164,0.0
30,32,165,-0.0
30,32,166,0.0
30,32,167,0.0
30,32,168,0.0
30,32,169,0.0
30,32,170,-0.0
30,32,171,0.0
30,32,172,0.0
30,32,173,-0.0
30,32,174,3.0
30,32,175,3.0
30,32,176,-0.0
30,32,177,-0.0
30,32,178,0.0
30,32,179,5.0
30,32,180,0.0
30,32,181,0.0
30,32,182,-0.0
30,32,183,0.0
30,32,184,4.0
30,32,185,0.0
30,32,186,5.0
30,32,187,0.0
30,32,188,0.0
30,32,189,0.0
30,32,190,0.0
30,32,191,0.0
30,32,192,0.0
30,32,193,0.0
30,32,194,0.0
30,32,195,0.0
30,32,196,0.0
30,32,197,0.0
30,32,198,0.0
30,32,199,0.0
30,32,200,3.0
30,32,201,3.0
30,32,202,-0.0
30,32,203,0.0
30,32,204,0.0
30,32,205,0.0
30,32,206,0.0
30,32,207,3.0
30,32,208,0.0
30,32,209,5.0
30,32,210,-0.0
30,32,211,0.0
30,32,212,3.0
30,32,213,0.0
30,32,214,0.0
30,32,215,3.0
30,32,216,0.0
30,32,217,0.0
30,32,218,-0.0
30,32,219,3.0
30,32,220,0.0
30,32,221,0.0
30,32,222,0.0
30,32,223,0.0
30,32,224,0.0
30,32,225,0.0
30,32,226,0.0
30,32,227,3.0
30,32,228,0.0
30,32,229,-0.0
30,32,230,5.0
30,32,231,0.0
30,32,232,3.0
30,32,233,0.0
30,32,234,0.0
30,32,235,0.0
30,32,236,3.0
30,32,237,0.0
30,32,238,0.0
30,32,239,3.0
30,32,240,3.0
30,32,241,1.0
30,32,242,0.0
30,32,243,0.0
30,32,244,3.0
30,32,245,0.0
30,32,246,0.0
30,32,247,0.0
30,32,248,5.0
30,32,249,0.0
30,32,250,6.0
30,32,251,0.0
30,32,252,0.0
30,32,253,0.0
30,32,254,3.0
30,32,255,-0.0
30,32,256,0.0
30,32,257,5.0
30,32,258,3.0
30,32,259,0.0
30,32,260,-0.0
30,32,261,0.0
30,32,262,0.0
30,32,263,0.0
30,32,264,3.0
30,32,265,3.0
30,32,266,0.0
30,32,267,0.0
30,32,268,0.0
30,32,269,0.0
30,32,270,-0.0
30,32,271,0.0
30,32,272,0.0
30,32,273,0.0
30,32,274,0.0
30,32,275,-0.0
30,32,276,0.0
30,32,277,0.0
30,32,278,-0.0
30,32,279,0.0
30,32,280,0.0
30,32,281,0.0
30,32,282,6.0
30,32,283,3.0
30,32,284,-0.0
30,32,285,0.0
30,32,286,0.0
30,32,287,0.0
30,32,288,0.0
30,32,289,0.0
30,32,290,0.0
30,32,291,3.0
30,32,292,0.0
30,32,293,0.0
30,32,294,-0.0
30,32,295,3.0
30,32,296,0.0
30,32,297,0.0
30,32,298,0.0
30,32,299,-0.0
30,32,300,0.0
30,32,301,0.0
30,32,302,0.0
30,32,303,-0.0
30,32,304,0.0
30,32,305,0.0
30,32,306,0.0
30,32,307,0.0
30,32,308,0.0
30,32,309,0.0
30,32,310,0.0
30,32,311,0.0
30,32,312,0.0
30,32,313,3.0
30,32,314,0.0
30,32,315,0.0
30,32,316,3.0
30,32,317,0.0
30,32,318,0.0
30,32,319,0.0
30,32,320,0.0
30,32,321,0.0
30,32,322,0.0
30,32,323,0.0
30,32,324,0.0
30,32,325,0.0
30,32,326,3.0
30,32,327,0.0
30,32,328,0.0
30,32,329,0.0
30,32,330,0.0
30,32,331,0.0
30,32,332,5.0
30,32,333,0.0
30,32,334,3.0
30,32,335,0.0
30,32,336,0.0
30,32,337,0.0
30,32,338,0.0
30,32,339,0.0
30,32,340,0.0
30,32,341,0.0
30,32,342,1.0
30,32,343,5.0
30,32,344,0.0
30,32,345,0.0
30,32,346,0.0
30,32,347,-0.0
30,32,348,-0.0
30,32,349,0.0
30,32,350,0.0
30,32,351,-0.0
30,32,352,0.0
30,32,353,0.0
30,32,354,5.0
30,32,355,1.0
30,32,356,4.0
30,32,357,0.0
30,32,358,0.0
30,32,359,0.0
30,32,360,-0.0
71,70,0,0.0
71,70,1,0.0
71,70,2,0.0
71,70,3,0.0
71,70,4,0.0
71,70,5,0.0
71,70,6,0.0
71,70,7,0.0
71,70,8,0.0
71,70,9,0.0
71,70,10,0.0
71,70,11,-0.0
71,70,12,0.0
71,70,13,0.0
71,70,14,0.0
71,70,15,0.0
71,70,16,0.0
71,70,17,0.0
71,70,18,0.0
71,70,19,0.0
71,70,20,0.0
71,70,21,0.0
71,70,22,0.0
71,70,23,0.0
71,70,24,0.0
71,70,25,0.0
71,70,26,0.0
71,70,27,0.0
71,70,28,0.0
71,70,29,0.0
71,70,30,0.0
71,70,31,0.0
71,70,32,0.0
71,70,33,0.0
71,70,34,0.0
71,70,35,0.0
71,70,36,0.0
71,70,37,0.0
71,70,38,0.0
71,70,39,0.0
71,70,40,0.0
71,70,41,0.0
71,70,42,0.0
71,70,43,0.0
71,70,44,0.0
71,70,45,0.0
71,70,46,0.0
71,70,47,0.0
71,70,48,0.0
71,70,49,0.0
71,70,50,0.0
71,70,51,0.0
71,70,52,0.0
71,70,53,0.0
71,70,54,0.0
71,70,55,0.0
71,70,56,0.0
71,70,57,0.0
71,70,58,0.0
71,70,59,0.0
71,70,60,0.0
71,70,61,0.0
71,70,62,0.0
71,70,63,0.0
71,70,64,0.0
71,70,65,0.0
71,70,66,0.0
71,70,67,0.0
71,70,68,0.0
71,70,69,0.0
71,70,70,0.0
71,70,71,0.0
71,70,72,0.0
71,70,73,0.0
71,70,74,0.0
71,70,75,0.0
71,70,76,0.0
71,70,77,0.0
71,70,78,0.0
71,70,79,0.0
71,70,80,0.0
71,70,81,0.0
71,70,82,0.0
71,70,83,0.0
71,70,84,0.0
71,70,85,0.0
71,70,86,0.0
71,70,87,0.0
71,70,88,0.0
71,70,89,0.0
71,70,90,0.0
71,70,91,0.0
71,70,92,0.0
71,70,93,0.0
71,70,94,0.0
71,70,95,0.0
71,70,96,0.0
71,70,97,0.0
71,70,98,0.0
71,70,99,0.0
71,70,100,0.0
71,70,101,0.0
71,70,102,0.0
71,70,103,0.0
71,70,104,0.0
71,70,105,0.0
71,70,106,0.0
71,70,107,0.0
71,70,108,0.0
71,70,109,0.0
71,70,110,0.0
71,70,111,0.0
71,70,112,0.0
71,70,113,0.0
71,70,114,0.0
71,70,115,0.0
71,70,116,0.0
71,70,117,0.0
71,70,118,0.0
71,70,119,0.0
71,70,120,0.0
71,70,121,0.0
71,70,122,0.0
71,70,123,0.0
71,70,124,0.0
71,70,125,0.0
71,70,126,0.0
71,70,127,0.0
71,70,128,0.0
71,70,129,0.0
71,70,130,0.0
71,70,131,0.0
71,70,132,0.0
71,70,133,0.0
71,70,134,0.0
71,70,135,0.0
71,70,136,0.0
71,70,137,0.0
71,70,138,0.0
71,70,139,0.0
71,70,140,0.0
71,70,141,0.0
71,70,142,0.0
71,70,143,0.0
71,70,144,0.0
71,70,145,0.0
71,70,146,0.0
71,70,147,0.0
71,70,148,0.0
71,70,149,0.0
71,70,150,0.0
71,70,151,0.0
71,70,152,0.0
71,70,153,0.0
71,70,154,0.0
71,70,155,0.0
71,70,156,0.0
71,70,157,0.0
71,70,158,0.0
71,70,159,0.0
71,70,160,0.0
71,70,161,0.0
71,70,162,0.0
71,70,163,0.0
71,70,164,0.0
71,70,165,0.0
71,70,166,0.0
71,70,167,0.0
71,70,168,0.0
71,70,169,0.0
71,70,170,0.0
71,70,171,0.0
71,70,172,0.0
71,70,173,0.0
71,70,174,0.0
71,70,175,0.0
71,70,176,0.0
71,70,177,0.0
71,70,178,0.0
71,70,179,0.0
71,70,180,0.0
71,70,181,0.0
71,70,182,0.0
71,70,183,0.0
71,70,184,0.0
71,70,185,0.0
71,70,186,0.0
71,70,187,0.0
71,70,188,0.0
71,70,189,0.0
71,70,190,0.0
71,70,191,0.0
71,70,192,0.0
71,70,193,0.0
71,70,194,0.0
71,70,195,0.0
71,70,196,0.0
71,70,197,0.0
71,70,198,0.0
71,70,199,0.0
71,70,200,0.0
71,70,201,0.0
71,70,202,0.0
71,70,203,0.0
71,70,204,0.0
71,70,205,0.0
71,70,206,-0.0
71,70,207,0.0
71,70,208,0.0
71,70,209,0.0
71,70,210,0.0
71,70,211,0.0
71,70,212,0.0
71,70,213,0.0
71,70,214,0.0
71,70,215,0.0
71,70,216,0.0
71,70,217,0.0
71,70,218,0.0
71,70,219,0.0
71,70,220,0.0
71,70,221,0.0
71,70,222,0.0
71,70,223,0.0
71,70,224,0.0
71,70,225,0.0
71,70,226,0.0
71,70,227,0.0
71,70,228,0.0
71,70,229,0.0
71,70,230,0.0
71,70,231,0.0
71,70,232,0.0
71,70,233,0.0
71,70,234,0.0
71,70,235,0.0
71,70,236,0.0
71,70,237,0.0
71,70,238,0.0
71,70,239,0.0
71,70,240,0.0
71,70,241,0.0
71,70,242,0.0
71,70,243,0.0
71,70,244,0.0
71,70,245,0.0
71,70,246,0.0
71,70,247,0.0
71,70,248,0.0
71,70,249,0.0
71,70,250,0.0
71,70,251,0.0
71,70,252,0.0
71,70,253,0.0
71,70,254,0.0
71,70,255,-0.0
71,70,256,0.0
71,70,257,0.0
71,70,258,0.0
71,70,259,0.0
71,70,260,0.0
71,70,261,0.0
71,70,262,0.0
71,70,263,0.0
71,70,264,0.0
71,70,265,0.0
71,70,266,0.0
71,70,267,0.0
71,70,268,-0.0
71,70,269,0.0
71,70,270,0.0
71,70,271,0.0
71,70,272,0.0
71,70,273,0.0
71,70,274,0.0
71,70,275,0.0
71,70,276,0.0
71,70,277,0.0
71,70,278,0.0
71,70,279,0.0
71,70,280,0.0
71,70,281,0.0
71,70,282,0.0
71,70,283,0.0
71,70,284,0.0
71,70,285,0.0
71,70,286,0.0
71,70,287,0.0
71,70,288,0.0
71,70,289,-0.0
71,70,290,0.0
71,70,291,0.0
71,70,292,0.0
71,70,293,0.0
71,70,294,0.0
71,70,295,0.0
71,70,296,0.0
71,70,297,0.0
71,70,298,0.0
71,70,299,0.0
71,70,300,0.0
71,70,301,0.0
71,70,302,0.0
71,70,303,0.0
71,70,304,0.0
71,70,305,0.0
71,70,306,0.0
71,70,307,0.0
71,70,308,0.0
71,70,309,0.0
71,70,310,0.0
71,70,311,0.0
71,70,312,0.0
71,70,313,0.0
71,70,314,0.0
71,70,315,0.0
71,70,316,0.0
71,70,317,0.0
71,70,318,0.0
71,70,319,0.0
71,70,320,0.0
71,70,321,0.0
71,70,322,0.0
71,70,323,0.0
71,70,324,0.0
71,70,325,0.0
71,70,326,0.0
71,70,327,0.0
71,70,328,0.0
71,70,329,0.0
71,70,330,0.0
71,70,331,0.0
71,70,332,0.0
71,70,333,0.0
71,70,334,0.0
71,70,335,0.0
71,70,336,0.0
71,70,337,0.0
71,70,338,0.0
71,70,339,0.0
71,70,340,0.0
71,70,341,0.0
71,70,342,0.0
71,70,343,0.0
71,70,344,0.0
71,70,345,0.0
71,70,346,0.0
71,70,347,0.0
71,70,348,0.0
71,70,349,0.0
71,70,350,0.0
71,70,351,0.0
71,70,352,0.0
71,70,353,0.0
71,70,354,0.0
71,70,355,0.0
71,70,356,0.0
71,70,357,0.0
71,70,358,0.0
71,70,359,0.0
71,70,360,-0.0
91,103,0,0.0
91,103,1,0.0
91,103,2,0.0
91,103,3,-0.0
91,103,4,-0.0
91,103,5,-0.0
91,103,6,-0.0
91,103,7,-0.0
91,103,8,-0.0
91,103,9,-0.0
91,103,10,-0.0
91,103,11,-0.0
91,103,12,-0.0
91,103,13,-0.0
91,103,14,-0.0
91,103,15,-0.0
91,103,16,-0.0
91,103,17,-0.0
91,103,18,-0.0
91,103,19,-0.0
91,103,20,-0.0
91,103,21,-0.0
91,103,22,-0.0
91,103,23,-0.0
91,103,24,-0.0
91,103,25,-0.0
91,103,26,-0.0
91,103,27,-0.0
91,103,28,-0.0
91,103,29,-0.0
91,103,30,-0.0
91,103,31,-0.0
91,103,32,-0.0
91,103,33,-0.0
91,103,34,-0.0
91,103,35,-0.0
91,103,36,-0.0
91,103,37,-0.0
91,103,38,-0.0
91,103,39,-0.0
91,103,40,-0.0
91,103,41,-0.0
91,103,42,-0.0
91,103,43,-0.0
91,103,44,-0.0
91,103,45,-0.0
91,103,46,-0.0
91,103,47,-0.0
91,103,48,-0.0
91,103,49,-0.0
91,103,50,-0.0
91,103,51,-0.0
91,103,52,-0.0
91,103,53,-0.0
91,103,54,-0.0
91,103,55,-0.0
91,103,56,-0.0
91,103,57,-0.0
91,103,58,-0.0
91,103,59,-0.0
91,103,60,-0.0
91,103,61,-0.0
91,103,62,-0.0
91,103,63,-0.0
91,103,64,-0.0
91,103,65,-0.0
91,103,66,-0.0
91,103,67,-0.0
91,103,68,-0.0
91,103,69,-0.0
91,103,70,-0.0
91,103,71,-0.0
91,103,72,-0.0
91,103,73,-0.0
91,103,74,-0.0
91,103,75,-0.0
91,103,76,-0.0
91,103,77,-0.0
91,103,78,-0.0
91,103,79,-0.0
91,103,80,-0.0
91,103,81,-0.0
91,103,82,-0.0
91,103,83,-0.0
91,103,84,-0.0
91,103,85,-0.0
91,103,86,-0.0
91,103,87,-0.0
91,103,88,-0.0
91,103,89,-0.0
91,103,90,-0.0
91,103,91,-0.0
91,103,92,-0.0
91,103,93,-0.0
91,103,94,-0.0
91,103,95,-0.0
91,103,96,-0.0
91,103,97,-0.0
91,103,98,-0.0
91,103,99,-0.0
91,103,100,-0.0
91,103,101,-0.0
91,103,102,-0.0
91,103,103,-0.0
91,103,104,-0.0
91,103,105,-0.0
91,103,106,-0.0
91,103,107,-0.0
91,103,108,-0.0
91,103,109,-0.0
91,103,110,-0.0
91,103,111,-0.0
91,103,112,-0.0
91,103,113,-0.0
91,103,114,-0.0
91,103,115,-0.0
91,103,116,-0.0
91,103,117,-0.0
91,103,118,-0.0
91,103,119,-0.0
91,103,120,-0.0
91,103,121,-0.0
91,103,122,-0.0
91,103,123,-0.0
91,103,124,-0.0
91,103,125,-0.0
91,103,126,-0.0
91,103,127,-0.0
91,103,128,-0.0
91,103,129,-0.0
91,103,130,-0.0
91,103,131,-0.0
91,103,132,-0.0
91,103,133,-0.0
91,103,134,-0.0
91,103,135,-0.0
91,103,136,-0.0
91,103,137,-0.0
91,103,138,-0.0
91,103,139,-0.0
91,103,140,-0.0
91,103,141,-0.0
91,103,142,-0.0
91,103,143,-0.0
91,103,144,-0.0
91,103,145,-0.0
91,103,146,-0.0
91,103,147,-0.0
91,103,148,-0.0
91,103,149,-0.0
91,103,150,-0.0
91,103,151,-0.0
91,103,152,-0.0
91,103,153,-0.0
91,103,154,-0.0
91,103,155,-0.0
91,103,156,-0.0
91,103,157,-0.0
91,103,158,-0.0
91,103,159,-0.0
91,103,160,-0.0
91,103,161,-0.0
91,103,162,-0.0
91,103,163,-0.0
91,103,164,-0.0
91,103,165,-0.0
91,103,166,-0.0
91,103,167,-0.0
91,103,168,-0.0
91,103,169,-0.0
91,103,170,-0.0
91,103,171,-0.0
91,103,172,-0.0
91,103,173,-0.0
91,103,174,-0.0
91,103,175,-0.0
91,103,176,-0.0
91,103,177,-0.0
91,103,178,-0.0
91,103,179,-0.0
91,103,180,-0.0
91,103,181,-0.0
91,103,182,-0.0
91,103,183,-0.0
91,103,184,-0.0
91,103,185,-0.0
91,103,186,-0.0
91,103,187,-0.0
91,103,188,-0.0
91,103,189,-0.0
91,103,190,-0.0
91,103,191,-0.0
91,103,192,-0.0
91,103,193,-0.0
91,103,194,-0.0
91,103,195,-0.0
91,103,196,-0.0
91,103,197,-0.0
91,103,198,-0.0
91,103,199,-0.0
91,103,200,-0.0
91,103,201,-0.0
91,103,202,-0.0
91,103,203,-0.0
91,103,204,-0.0
91,103,205,-0.0
91,103,206,-0.0
91,103,207,-0.0
91,103,208,-0.0
91,103,209,-0.0
91,103,210,-0.0
91,103,211,-0.0
91,103,212,-0.0
91,103,213,-0.0
91,103,214,-0.0
91,103,215,-0.0
91,103,216,-0.0
91,103,217,-0.0
91,103,218,-0.0
91,103,219,-0.0
91,103,220,-0.0
91,103,221,-0.0
91,103,222,-0.0
91,103,223,-0.0
91,103,224,-0.0
91,103,225,-0.0
91,103,226,-0.0
91,103,227,-0.0
91,103,228,-0.0
91,103,229,-0.0
91,103,230,-0.0
91,103,231,-0.0
91,103,232,-0.0
91,103,233,-0.0
91,103,234,-0.0
91,103,235,-0.0
91,103,236,-0.0
91,103,237,-0.0
91,103,238,-0.0
91,103,239,-0.0
91,103,240,-0.0
91,103,241,-0.0
91,103,242,-0.0
91,103,243,-0.0
91,103,244,-0.0
91,103,245,-0.0
91,103,246,-0.0
91,103,247,-0.0
91,103,248,-0.0
91,103,249,-0.0
91,103,250,-0.0
91,103,251,-0.0
91,103,252,-0.0
91,103,253,-0.0
91,103,254,-0.0
91,103,255,-0.0
91,103,256,-0.0
91,103,257,-0.0
91,103,258,-0.0
91,103,259,-0.0
91,103,260,-0.0
91,103,261,-0.0
91,103,262,-0.0
91,103,263,-0.0
91,103,264,-0.0
91,103,265,-0.0
91,103,266,-0.0
91,103,267,-0.0
91,103,268,-0.0
91,103,269,-0.0
91,103,270,-0.0
91,103,271,-0.0
91,103,272,-0.0
91,103,273,-0.0
91,103,274,-0.0
91,103,275,-0.0
91,103,276,-0.0
91,103,277,-0.0
91,103,278,-0.0
91,103,279,-0.0
91,103,280,-0.0
91,103,281,-0.0
91,103,282,-0.0
91,103,283,-0.0
91,103,284,-0.0
91,103,285,-0.0
91,103,286,-0.0
91,103,287,-0.0
91,103,288,-0.0
91,103,289,-0.0
91,103,290,-0.0
91,103,291,-0.0
91,103,292,-0.0
91,103,293,-0.0
91,103,294,-0.0
91,103,295,-0.0
91,103,296,-0.0
91,103,297,-0.0
91,103,298,-0.0
91,103,299,-0.0
91,103,300,-0.0
91,103,301,-0.0
91,103,302,-0.0
91,103,303,-0.0
91,103,304,-0.0
91,103,305,-0.0
91,103,306,-0.0
91,103,307,-0.0
91,103,308,-0.0
91,103,309,-0.0
91,103,310,-0.0
91,103,311,-0.0
91,103,312,-0.0
91,103,313,-0.0
91,103,314,-0.0
91,103,315,-0.0
91,103,316,-0.0
91,103,317,-0.0
91,103,318,-0.0
91,103,319,-0.0
91,103,320,-0.0
91,103,321,-0.0
91,103,322,-0.0
91,103,323,-0.0
91,103,324,-0.0
91,103,325,-0.0
91,103,326,-0.0
91,103,327,-0.0
91,103,328,-0.0
91,103,329,-0.0
91,103,330,-0.0
91,103,331,-0.0
91,103,332,-0.0
91,103,333,-0.0
91,103,334,-0.0
91,103,335,-0.0
91,103,336,-0.0
91,103,337,-0.0
91,103,338,-0.0
91,103,339,-0.0
91,103,340,-0.0
91,103,341,-0.0
91,103,342,-0.0
91,103,343,-0.0
91,103,344,-0.0
91,103,345,-0.0
91,103,346,-0.0
91,103,347,-0.0
91,103,348,-0.0
91,103,349,-0.0
91,103,350,-0.0
91,103,351,-0.0
91,103,352,-0.0
91,103,353,-0.0
91,103,354,-0.0
91,103,355,-0.0
91,103,356,-0.0
91,103,357,-0.0
91,103,358,-0.0
91,103,359,-0.0
91,103,360,-0.0
3,54,0,0.0
3,54,1,0.0
3,54,2,5.0
3,54,3,0.0
3,54,4,0.0
3,54,5,0.0
3,54,6,0.0
3,54,7,5.0
3,54,8,0.0
3,54,9,0.0
3,54,10,5.0
3,54,11,0.0
3,54,12,0.0
3,54,13,5.0
3,54,14,0.0
3,54,15,0.0
3,54,16,5.0
3,54,17,5.0
3,54,18,0.0
3,54,19,0.0
3,54,20,0.0
3,54,21,0.0
3,54,22,6.0
3,54,23,4.0
3,54,24,5.0
3,54,25,5.0
3,54,26,5.0
3,54,27,0.0
3,54,28,0.0
3,54,29,5.0
3,54,30,0.0
3,54,31,5.0
3,54,32,0.0
3,54,33,5.0
3,54,34,5.0
3,54,35,5.0
3,54,36,0.0
3,54,37,0.0
3,54,38,5.0
3,54,39,5.0
3,54,40,0.0
3,54,41,0.0
3,54,42,0.0
3,54,43,0.0
3,54,44,5.0
3,54,45,0.0
3,54,46,0.0
3,54,47,0.0
3,54,48,0.0
3,54,49,5.0
3,54,50,5.0
3,54,51,5.0
3,54,52,5.0
3,54,53,0.0
3,54,54,0.0
3,54,55,0.0
3,54,56,0.0
3,54,57,0.0
3,54,58,0.0
3,54,59,0.0
3,54,60,5.0
3,54,61,0.0
3,54,62,0.0
3,54,63,0.0
3,54,64,0.0
3,54,65,0.0
3,54,66,0.0
3,54,67,5.0
3,54,68,0.0
3,54,69,0.0
3,54,70,0.0
3,54,71,0.0
3,54,72,0.0
3,54,73,0.0
3,54,74,0.0
3,54,75,0.0
3,54,76,0.0
3,54,77,5.0
3,54,78,5.0
3,54,79,4.0
3,54,80,0.0
3,54,81,5.0
3,54,82,5.0
3,54,83,6.0
3,54,84,4.0
3,54,85,5.0
3,54,86,0.0
3,54,87,0.0
3,54,88,0.0
3,54,89,0.0
3,54,90,5.0
3,54,91,6.0
3,54,92,4.0
3,54,93,0.0
3,54,94,0.0
3,54,95,0.0
3,54,96,0.0
3,54,97,0.0
3,54,98,0.0
3,54,99,0.0
3,54,100,0.0
3,54,101,4.0
3,54,102,5.0
3,54,103,0.0
3,54,104,0.0
3,54,105,5.0
3,54,106,0.0
3,54,107,5.0
3,54,108,0.0
3,54,109,0.0
3,54,110,0.0
3,54,111,5.0
3,54,112,5.0
3,54,113,0.0
3,54,114,6.0
3,54,115,0.0
3,54,116,5.0
3,54,117,0.0
3,54,118,5.0
3,54,119,0.0
3,54,120,0.0
3,54,121,5.0
3,54,122,0.0
3,54,123,0.0
3,54,124,0.0
3,54,125,0.0
3,54,126,0.0
3,54,127,0.0
3,54,128,5.0
3,54,129,0.0
3,54,130,0.0
3,54,131,0.0
3,54,132,0.0
3,54,133,0.0
3,54,134,0.0
3,54,135,0.0
3,54,136,0.0
3,54,137,0.0
3,54,138,0.0
3,54,139,0.0
3,54,140,0.0
3,54,141,0.0
3,54,142,0.0
3,54,143,0.0
3,54,144,0.0
3,54,145,0.0
3,54,146,0.0
3,54,147,5.0
3,54,148,5.0
3,54,149,0.0
3,54,150,0.0
3,54,151,5.0
3,54,152,0.0
3,54,153,0.0
3,54,154,0.0
3,54,155,0.0
3,54,156,0.0
3,54,157,0.0
3,54,158,-0.0
3,54,159,0.0
3,54,160,6.0
3,54,161,0.0
3,54,162,0.0
3,54,163,0.0
3,54,164,0.0
3,54,165,0.0
3,54,166,0.0
3,54,167,0.0
3,54,168,0.0
3,54,169,0.0
3,54,170,0.0
3,54,171,0.0
3,54,172,0.0
3,54,173,0.0
3,54,174,0.0
3,54,175,0.0
3,54,176,0.0
3,54,177,0.0
3,54,178,0.0
3,54,179,0.0
3,54,180,0.0
3,54,181,5.0
3,54,182,0.0
3,54,183,5.0
3,54,184,0.0
3,54,185,0.0
3,54,186,5.0
3,54,187,5.0
3,54,188,0.0
3,54,189,0.0
3,54,190,-0.0
3,54,191,0.0
3,54,192,0.0
3,54,193,5.0
3,54,194,0.0
3,54,195,0.0
3,54,196,0.0
3,54,197,0.0
3,54,198,0.0
3,54,199,5.0
3,54,200,5.0
3,54,201,5.0
3,54,202,0.0
3,54,203,0.0
3,54,204,0.0
3,54,205,0.0
3,54,206,5.0
3,54,207,0.0
3,54,208,6.0
3,54,209,4.0
3,54,210,0.0
3,54,211,0.0
3,54,212,0.0
3,54,213,0.0
3,54,214,5.0
3,54,215,5.0
3,54,216,-0.0
3,54,217,0.0
3,54,218,0.0
3,54,219,0.0
3,54,220,0.0
3,54,221,0.0
3,54,222,0.0
3,54,223,-0.0
3,54,224,0.0
3,54,225,0.0
3,54,226,5.0
3,54,227,0.0
3,54,228,0.0
3,54,229,0.0
3,54,230,0.0
3,54,231,0.0
3,54,232,0.0
3,54,233,0.0
3,54,234,0.0
3,54,235,0.0
3,54,236,0.0
3,54,237,0.0
3,54,238,5.0
3,54,239,5.0
3,54,240,-0.0
3,54,241,0.0
3,54,242,0.0
3,54,243,0.0
3,54,244,5.0
3,54,245,0.0
3,54,246,0.0
3,54,247,0.0
3,54,248,0.0
3,54,249,0.0
3,54,250,0.0
3,54,251,0.0
3,54,252,0.0
3,54,253,0.0
3,54,254,0.0
3,54,255,0.0
3,54,256,5.0
3,54,257,0.0
3,54,258,0.0
3,54,259,5.0
3,54,260,5.0
3,54,261,0.0
3,54,262,0.0
3,54,263,5.0
3,54,264,5.0
3,54,265,5.0
3,54,266,5.0
3,54,267,0.0
3,54,268,0.0
3,54,269,5.0
3,54,270,5.0
3,54,271,0.0
3,54,272,5.0
3,54,273,0.0
3,54,274,0.0
3,54,275,0.0
3,54,276,0.0
3,54,277,5.0
3,54,278,0.0
3,54,279,0.0
3,54,280,0.0
3,54,281,0.0
3,54,282,0.0
3,54,283,0.0
3,54,284,0.0
3,54,285,5.0
3,54,286,-0.0
3,54,287,0.0
3,54,288,0.0
3,54,289,0.0
3,54,290,0.0
3,54,291,0.0
3,54,292,0.0
3,54,293,0.0
3,54,294,0.0
3,54,295,0.0
3,54,296,5.0
3,54,297,5.0
3,54,298,0.0
3,54,299,5.0
3,54,300,5.0
3,54,301,0.0
3,54,302,0.0
3,54,303,5.0
3,54,304,0.0
3,54,305,0.0
3,54,306,0.0
3,54,307,5.0
3,54,308,0.0
3,54,309,5.0
3,54,310,0.0
3,54,311,0.0
3,54,312,0.0
3,54,313,5.0
3,54,314,5.0
3,54,315,5.0
3,54,316,0.0
3,54,317,6.0
3,54,318,-0.0
3,54,319,0.0
3,54,320,5.0
3,54,321,0.0
3,54,322,0.0
3,54,323,0.0
3,54,324,5.0
3,54,325,5.0
3,54,326,2.0
3,54,327,0.0
3,54,328,0.0
3,54,329,0.0
3,54,330,0.0
3,54,331,0.0
3,54,332,0.0
3,54,333,0.0
3,54,334,0.0
3,54,335,0.0
3,54,336,5.0
3,54,337,0.0
3,54,338,5.0
3,54,339,0.0
3,54,340,6.0
3,54,341,4.0
3,54,342,5.0
3,54,343,5.0
3,54,344,0.0
3,54,345,5.0
3,54,346,5.0
3,54,347,0.0
3,54,348,5.0
3,54,349,2.0
3,54,350,5.0
3,54,351,5.0
3,54,352,5.0
3,54,353,0.0
3,54,354,0.0
3,54,355,0.0
3,54,356,0.0
3,54,357,0.0
3,54,358,0.0
3,54,359,-0.0
3,54,360,-0.0
72,71,0,0.0
72,71,1,0.0
72,71,2,0.0
72,71,3,0.0
72,71,4,0.0
72,71,5,0.0
72,71,6,0.0
72,71,7,0.0
72,71,8,0.0
72,71,9,0.0
72,71,10,0.0
72,71,11,0.0
72,71,12,0.0
72,71,13,0.0
72,71,14,0.0
72,71,15,0.0
72,71,16,0.0
72,71,17,0.0
72,71,18,0.0
72,71,19,0.0
72,71,20,0.0
72,71,21,0.0
72,71,22,0.0
72,71,23,0.0
72,71,24,0.0
72,71,25,0.0
72,71,26,0.0
72,71,27,0.0
72,71,28,0.0
72,71,29,0.0
72,71,30,0.0
72,71,31,0.0
72,71,32,0.0
72,71,33,-0.0
72,71,34,0.0
72,71,35,0.0
72,71,36,0.0
72,71,37,0.0
72,71,38,0.0
72,71,39,0.0
72,71,40,0.0
72,71,41,0.0
72,71,42,0.0
72,71,43,0.0
72,71,44,0.0
72,71,45,0.0
72,71,46,0.0
72,71,47,0.0
72,71,48,0.0
72,71,49,0.0
72,71,50,0.0
72,71,51,0.0
72,71,52,0.0
72,71,53,0.0
72,71,54,0.0
72,71,55,0.0
72,71,56,0.0
72,71,57,0.0
72,71,58,0.0
72,71,59,0.0
72,71,60,0.0
72,71,61,0.0
72,71,62,0.0
72,71,63,0.0
72,71,64,0.0
72,71,65,0.0
72,71,66,0.0
72,71,67,0.0
72,71,68,0.0
72,71,69,0.0
72,71,70,0.0
72,71,71,0.0
72,71,72,0.0
72,71,73,0.0
72,71,74,0.0
72,71,75,0.0
72,71,76,0.0
72,71,77,0.0
72,71,78,0.0
72,71,79,0.0
72,71,80,0.0
72,71,81,0.0
72,71,82,-0.0
72,71,83,0.0
72,71,84,0.0
72,71,85,0.0
72,71,86,0.0
72,71,87,0.0
72,71,88,0.0
72,71,89,0.0
72,71,90,0.0
72,71,91,0.0
72,71,92,0.0
72,71,93,0.0
72,71,94,0.0
72,71,95,0.0
72,71,96,0.0
72,71,97,0.0
72,71,98,0.0
72,71,99,0.0
72,71,100,0.0
72,71,101,0.0
72,71,102,0.0
72,71,103,0.0
72,71,104,0.0
72,71,105,-0.0
72,71,106,0.0
72,71,107,0.0
72,71,108,0.0
72,71,109,0.0
72,71,110,0.0
72,71,111,0.0
72,71,112,0.0
72,71,113,0.0
72,71,114,0.0
72,71,115,0.0
72,71,116,0.0
72,71,117,0.0
72,71,118,0.0
72,71,119,0.0
72,71,120,0.0
72,71,121,0.0
72,71,122,0.0
72,71,123,0.0
72,71,124,0.0
72,71,125,0.0
72,71,126,0.0
72,71,127,0.0
72,71,128,0.0
72,71,129,0.0
72,71,130,0.0
72,71,131,0.0
72,71,132,0.0
72,71,133,0.0
72,71,134,0.0
72,71,135,0.0
72,71,136,0.0
72,71,137,0.0
72,71,138,0.0
72,71,139,0.0
72,71,140,0.0
72,71,141,0.0
72,71,142,0.0
72,71,143,0.0
72,71,144,0.0
72,71,145,0.0
72,71,146,0.0
72,71,147,0.0
72,71,148,0.0
72,71,149,0.0
72,71,150,0.0
72,71,151,0.0
72,71,152,0.0
72,71,153,0.0
72,71,154,0.0
72,71,155,0.0
72,71,156,0.0
72,71,157,0.0
72,71,158,0.0
72,71,159,0.0
72,71,160,0.0
72,71,161,0.0
72,71,162,0.0
72,71,163,0.0
72,71,164,0.0
72,71,165,0.0
72,71,166,0.0
72,71,167,0.0
72,71,168,0.0
72,71,169,0.0
72,71,170,0.0
72,71,171,0.0
72,71,172,0.0
72,71,173,0.0
72,71,174,0.0
72,71,175,0.0
72,71,176,0.0
72,71,177,0.0
72,71,178,0.0
72,71,179,0.0
72,71,180,0.0
72,71,181,0.0
72,71,182,0.0
72,71,183,0.0
72,71,184,0.0
72,71,185,0.0
72,71,186,0.0
72,71,187,0.0
72,71,188,0.0
72,71,189,0.0
72,71,190,0.0
72,71,191,0.0
72,71,192,0.0
72,71,193,0.0
72,71,194,0.0
72,71,195,0.0
72,71,196,0.0
72,71,197,0.0
72,71,198,0.0
72,71,199,0.0
72,71,200,0.0
72,71,201,0.0
72,71,202,0.0
72,71,203,0.0
72,71,204,0.0
72,71,205,0.0
72,71,206,0.0
72,71,207,0.0
72,71,208,0.0
72,71,209,0.0
72,71,210,0.0
72,71,211,0.0
72,71,212,0.0
72,71,213,0.0
72,71,214,0.0
72,71,215,0.0
72,71,216,0.0
72,71,217,0.0
72,71,218,0.0
72,71,219,0.0
72,71,220,0.0
72,71,221,0.0
72,71,222,0.0
72,71,223,0.0
72,71,224,0.0
72,71,225,0.0
72,71,226,0.0
72,71,227,0.0
72,71,228,0.0
72,71,229,0.0
72,71,230,0.0
72,71,231,0.0
72,71,232,0.0
72,71,233,-0.0
72,71,234,0.0
72,71,235,-0.0
72,71,236,0.0
72,71,237,0.0
72,71,238,0.0
72,71,239,0.0
72,71,240,0.0
72,71,241,0.0
72,71,242,0.0
72,71,243,0.0
72,71,244,-0.0
72,71,245,0.0
72,71,246,0.0
72,71,247,0.0
72,71,248,0.0
72,71,249,0.0
72,71,250,0.0
72,71,251,0.0
72,71,252,0.0
72,71,253,0.0
72,71,254,0.0
72,71,255,0.0
72,71,256,0.0
72,71,257,0.0
72,71,258,0.0
72,71,259,0.0
72,71,260,0.0
72,71,261,0.0
72,71,262,0.0
72,71,263,0.0
72,71,264,0.0
72,71,265,0.0
72,71,266,0.0
72,71,267,0.0
72,71,268,0.0
72,71,269,0.0
72,71,270,0.0
72,71,271,0.0
72,71,272,0.0
72,71,273,0.0
72,71,274,0.0
72,71,275,0.0
72,71,276,0.0
72,71,277,0.0
72,71,278,0.0
72,71,279,0.0
72,71,280,0.0
72,71,281,0.0
72,71,282,0.0
72,71,283,0.0
72,71,284,-0.0
72,71,285,0.0
72,71,286,0.0
72,71,287,0.0
72,71,288,0.0
72,71,289,0.0
72,71,290,0.0
72,71,291,0.0
72,71,292,0.0
72,71,293,0.0
72,71,294,0.0
72,71,295,0.0
72,71,296,0.0
72,71,297,0.0
72,71,298,0.0
72,71,299,0.0
72,71,300,-0.0
72,71,301,0.0
72,71,302,0.0
72,71,303,0.0
72,71,304,0.0
72,71,305,0.0
72,71,306,0.0
72,71,307,0.0
72,71,308,0.0
72,71,309,0.0
72,71,310,0.0
72,71,311,0.0
72,71,312,0.0
72,71,313,0.0
72,71,314,0.0
72,71,315,0.0
72,71,316,0.0
72,71,317,-0.0
72,71,318,0.0
72,71,319,0.0
72,71,320,0.0
72,71,321,0.0
72,71,322,0.0
72,71,323,0.0
72,71,324,0.0
72,71,325,0.0
72,71,326,-0.0
72,71,327,0.0
72,71,328,0.0
72,71,329,0.0
72,71,330,0.0
72,71,331,0.0
72,71,332,0.0
72,71,333,0.0
72,71,334,0.0
72,71,335,0.0
72,71,336,0.0
72,71,337,0.0
72,71,338,0.0
72,71,339,0.0
72,71,340,0.0
72,71,341,0.0
72,71,342,0.0
72,71,343,0.0
72,71,344,0.0
72,71,345,0.0
72,71,346,0.0
72,71,347,0.0
72,71,348,0.0
72,71,349,0.0
72,71,350,0.0
72,71,351,0.0
72,71,352,0.0
72,71,353,0.0
72,71,354,0.0
72,71,355,0.0
72,71,356,0.0
72,71,357,0.0
72,71,358,0.0
72,71,359,-0.0
72,71,360,-0.0
33,34,0,0.0
33,34,1,0.0
33,34,2,0.0
33,34,3,5.0
33,34,4,0.0
33,34,5,6.0
33,34,6,3.0
33,34,7,0.0
33,34,8,0.0
33,34,9,5.0
33,34,10,0.0
33,34,11,5.0
33,34,12,5.0
33,34,13,0.0
33,34,14,5.0
33,34,15,3.0
33,34,16,0.0
33,34,17,5.0
33,34,18,5.0
33,34,19,-0.0
33,34,20,0.0
33,34,21,0.0
33,34,22,1.0
33,34,23,0.0
33,34,24,0.0
33,34,25,6.0
33,34,26,0.0
33,34,27,0.0
33,34,28,3.0
33,34,29,5.0
33,34,30,0.0
33,34,31,1.0
33,34,32,0.0
33,34,33,0.0
33,34,34,0.0
33,34,35,5.0
33,34,36,-0.0
33,34,37,6.0
33,34,38,0.0
33,34,39,5.0
33,34,40,6.0
33,34,41,0.0
33,34,42,0.0
33,34,43,0.0
33,34,44,3.0
33,34,45,0.0
33,34,46,5.0
33,34,47,0.0
33,34,48,0.0
33,34,49,0.0
33,34,50,0.0
33,34,51,0.0
33,34,52,0.0
33,34,53,0.0
33,34,54,0.0
33,34,55,5.0
33,34,56,0.0
33,34,57,0.0
33,34,58,5.0
33,34,59,-0.0
33,34,60,0.0
33,34,61,0.0
33,34,62,0.0
33,34,63,5.0
33,34,64,0.0
33,34,65,0.0
33,34,66,0.0
33,34,67,0.0
33,34,68,3.0
33,34,69,0.0
33,34,70,0.0
33,34,71,0.0
33,34,72,0.0
33,34,73,0.0
33,34,74,0.0
33,34,75,0.0
33,34,76,0.0
33,34,77,3.0
33,34,78,3.0
33,34,79,-0.0
33,34,80,0.0
33,34,81,0.0
33,34,82,0.0
33,34,83,0.0
33,34,84,0.0
33,34,85,0.0
33,34,86,0.0
33,34,87,0.0
33,34,88,0.0
33,34,89,1.0
33,34,90,0.0
33,34,91,3.0
33,34,92,3.0
33,34,93,0.0
33,34,94,0.0
33,34,95,0.0
33,34,96,0.0
33,34,97,0.0
33,34,98,0.0
33,34,99,0.0
33,34,100,0.0
33,34,101,0.0
33,34,102,0.0
33,34,103,3.0
33,34,104,0.0
33,34,105,0.0
33,34,106,0.0
33,34,107,0.0
33,34,108,1.0
33,34,109,0.0
33,34,110,0.0
33,34,111,0.0
33,34,112,0.0
33,34,113,0.0
33,34,114,0.0
33,34,115,0.0
33,34,116,0.0
33,34,117,0.0
33,34,118,0.0
33,34,119,0.0
33,34,120,3.0
33,34,121,0.0
33,34,122,0.0
33,34,123,0.0
33,34,124,5.0
33,34,125,0.0
33,34,126,0.0
33,34,127,6.0
33,34,128,0.0
33,34,129,0.0
33,34,130,0.0
33,34,131,0.0
33,34,132,0.0
33,34,133,0.0
33,34,134,0.0
33,34,135,3.0
33,34,136,0.0
33,34,137,0.0
33,34,138,0.0
33,34,139,3.0
33,34,140,0.0
33,34,141,5.0
33,34,142,0.0
33,34,143,0.0
33,34,144,3.0
33,34,145,0.0
33,34,146,0.0
33,34,147,3.0
33,34,148,0.0
33,34,149,0.0
33,34,150,0.0
33,34,151,0.0
33,34,152,-0.0
33,34,153,3.0
33,34,154,0.0
33,34,155,1.0
33,34,156,6.0
33,34,157,6.0
33,34,158,0.0
33,34,159,0.0
33,34,160,0.0
33,34,161,0.0
33,34,162,1.0
33,34,163,0.0
33,34,164,0.0
33,34,165,0.0
33,34,166,0.0
33,34,167,0.0
33,34,168,0.0
33,34,169,0.0
33,34,170,0.0
33,34,171,0.0
33,34,172,0.0
33,34,173,0.0
33,34,174,0.0
33,34,175,3.0
33,34,176,3.0
33,34,177,0.0
33,34,178,0.0
33,34,179,0.0
33,34,180,5.0
33,34,181,0.0
33,34,182,-0.0
33,34,183,0.0
33,34,184,0.0
33,34,185,4.0
33,34,186,0.0
33,34,187,5.0
33,34,188,0.0
33,34,189,0.0
33,34,190,0.0
33,34,191,0.0
33,34,192,0.0
33,34,193,0.0
33,34,194,0.0
33,34,195,0.0
33,34,196,0.0
33,34,197,0.0
33,34,198,0.0
33,34,199,0.0
33,34,200,0.0
33,34,201,3.0
33,34,202,3.0
33,34,203,0.0
33,34,204,0.0
33,34,205,0.0
33,34,206,0.0
33,34,207,0.0
33,34,208,3.0
33,34,209,0.0
33,34,210,5.0
33,34,211,0.0
33,34,212,0.0
33,34,213,3.0
33,34,214,0.0
33,34,215,0.0
33,34,216,3.0
33,34,217,0.0
33,34,218,0.0
33,34,219,0.0
33,34,220,3.0
33,34,221,0.0
33,34,222,0.0
33,34,223,0.0
33,34,224,0.0
33,34,225,0.0
33,34,226,0.0
33,34,227,0.0
33,34,228,3.0
33,34,229,0.0
33,34,230,0.0
33,34,231,5.0
33,34,232,0.0
33,34,233,3.0
33,34,234,0.0
33,34,235,0.0
33,34,236,0.0
33,34,237,3.0
33,34,238,0.0
33,34,239,0.0
33,34,240,3.0
33,34,241,3.0
33,34,242,1.0
33,34,243,0.0
33,34,244,0.0
33,34,245,3.0
33,34,246,0.0
33,34,247,0.0
33,34,248,0.0
33,34,249,5.0
33,34,250,0.0
33,34,251,6.0
33,34,252,0.0
33,34,253,0.0
33,34,254,0.0
33,34,255,3.0
33,34,256,0.0
33,34,257,0.0
33,34,258,5.0
33,34,259,3.0
33,34,260,0.0
33,34,261,0.0
33,34,262,0.0
33,34,263,0.0
33,34,264,0.0
33,34,265,3.0
33,34,266,3.0
33,34,267,0.0
33,34,268,0.0
33,34,269,0.0
33,34,270,0.0
33,34,271,0.0
33,34,272,0.0
33,34,273,0.0
33,34,274,0.0
33,34,275,0.0
33,34,276,0.0
33,34,277,0.0
33,34,278,0.0
33,34,279,0.0
33,34,280,0.0
33,34,281,0.0
33,34,282,0.0
33,34,283,6.0
33,34,284,3.0
33,34,285,0.0
33,34,286,0.0
33,34,287,0.0
33,34,288,0.0
33,34,289,0.0
33,34,290,0.0
33,34,291,0.0
33,34,292,3.0
33,34,293,0.0
33,34,294,0.0
33,34,295,0.0
33,34,296,3.0
33,34,297,0.0
33,34,298,0.0
33,34,299,0.0
33,34,300,0.0
33,34,301,0.0
33,34,302,0.0
33,34,303,0.0
33,34,304,0.0
33,34,305,0.0
33,34,306,0.0
33,34,307,0.0
33,34,308,0.0
33,34,309,0.0
33,34,310,0.0
33,34,311,0.0
33,34,312,0.0
33,34,313,0.0
33,34,314,3.0
33,34,315,0.0
33,34,316,0.0
33,34,317,3.0
33,34,318,0.0
33,34,319,0.0
33,34,320,0.0
33,34,321,0.0
33,34,322,0.0
33,34,323,0.0
33,34,324,0.0
33,34,325,0.0
33,34,326,0.0
33,34,327,3.0
33,34,328,0.0
33,34,329,0.0
33,34,330,-0.0
33,34,331,0.0
33,34,332,0.0
33,34,333,5.0
33,34,334,0.0
33,34,335,3.0
33,34,336,0.0
33,34,337,0.0
33,34,338,0.0
33,34,339,0.0
33,34,340,0.0
33,34,341,0.0
33,34,342,0.0
33,34,343,1.0
33,34,344,5.0
33,34,345,0.0
33,34,346,0.0
33,34,347,0.0
33,34,348,0.0
33,34,349,0.0
33,34,350,0.0
33,34,351,0.0
33,34,352,0.0
33,34,353,0.0
33,34,354,0.0
33,34,355,5.0
33,34,356,1.0
33,34,357,4.0
33,34,358,0.0
33,34,359,0.0
33,34,360,-0.0
1,29,0,0.0
1,29,1,-0.0
1,29,2,-0.0
1,29,3,-0.0
1,29,4,-0.0
1,29,5,0.0
1,29,6,5.0
1,29,7,1.0
1,29,8,-0.0
1,29,9,0.0
1,29,10,0.0
1,29,11,-0.0
1,29,12,0.0
1,29,13,-0.0
1,29,14,0.0
1,29,15,6.0
1,29,16,-0.0
1,29,17,-0.0
1,29,18,0.0
1,29,19,-0.0
1,29,20,-0.0
1,29,21,5.0
1,29,22,-0.0
1,29,23,-0.0
1,29,24,-0.0
1,29,25,-0.0
1,29,26,0.0
1,29,27,1.0
1,29,28,-0.0
1,29,29,-0.0
1,29,30,4.0
1,29,31,-0.0
1,29,32,0.0
1,29,33,-0.0
1,29,34,-0.0
1,29,35,-0.0
1,29,36,-0.0
1,29,37,0.0
1,29,38,-0.0
1,29,39,0.0
1,29,40,-0.0
1,29,41,0.0
1,29,42,-0.0
1,29,43,-0.0
1,29,44,-0.0
1,29,45,0.0
1,29,46,6.0
1,29,47,-0.0
1,29,48,0.0
1,29,49,6.0
1,29,50,-0.0
1,29,51,-0.0
1,29,52,-0.0
1,29,53,-0.0
1,29,54,0.0
1,29,55,-0.0
1,29,56,-0.0
1,29,57,-0.0
1,29,58,6.0
1,29,59,-0.0
1,29,60,-0.0
1,29,61,-0.0
1,29,62,-0.0
1,29,63,-0.0
1,29,64,-0.0
1,29,65,-0.0
1,29,66,-0.0
1,29,67,-0.0
1,29,68,-0.0
1,29,69,-0.0
1,29,70,6.0
1,29,71,-0.0
1,29,72,-0.0
1,29,73,-0.0
1,29,74,-0.0
1,29,75,-0.0
1,29,76,-0.0
1,29,77,-0.0
1,29,78,0.0
1,29,79,-0.0
1,29,80,-0.0
1,29,81,-0.0
1,29,82,5.0
1,29,83,-0.0
1,29,84,-0.0
1,29,85,-0.0
1,29,86,-0.0
1,29,87,-0.0
1,29,88,-0.0
1,29,89,-0.0
1,29,90,-0.0
1,29,91,-0.0
1,29,92,-0.0
1,29,93,-0.0
1,29,94,-0.0
1,29,95,-0.0
1,29,96,-0.0
1,29,97,-0.0
1,29,98,-0.0
1,29,99,-0.0
1,29,100,0.0
1,29,101,-0.0
1,29,102,-0.0
1,29,103,-0.0
1,29,104,-0.0
1,29,105,-0.0
1,29,106,5.0
1,29,107,-0.0
1,29,108,-0.0
1,29,109,-0.0
1,29,110,0.0
1,29,111,-0.0
1,29,112,-0.0
1,29,113,-0.0
1,29,114,-0.0
1,29,115,-0.0
1,29,116,-0.0
1,29,117,-0.0
1,29,118,-0.0
1,29,119,-0.0
1,29,120,-0.0
1,29,121,-0.0
1,29,122,-0.0
1,29,123,-0.0
1,29,124,-0.0
1,29,125,-0.0
1,29,126,-0.0
1,29,127,-0.0
1,29,128,6.0
1,29,129,-0.0
1,29,130,-0.0
1,29,131,0.0
1,29,132,-0.0
1,29,133,-0.0
1,29,134,-0.0
1,29,135,-0.0
1,29,136,-0.0
1,29,137,-0.0
1,29,138,-0.0
1,29,139,-0.0
1,29,140,-0.0
1,29,141,-0.0
1,29,142,-0.0
1,29,143,-0.0
1,29,144,-0.0
1,29,145,-0.0
1,29,146,0.0
1,29,147,3.0
1,29,148,3.0
1,29,149,1.0
1,29,150,-0.0
1,29,151,-0.0
1,29,152,0.0
1,29,153,-0.0
1,29,154,-0.0
1,29,155,-0.0
1,29,156,6.0
1,29,157,-0.0
1,29,158,6.0
1,29,159,-0.0
1,29,160,0.0
1,29,161,0.0
1,29,162,-0.0
1,29,163,-0.0
1,29,164,0.0
1,29,165,-0.0
1,29,166,-0.0
1,29,167,3.0
1,29,168,3.0
1,29,169,-0.0
1,29,170,-0.0
1,29,171,-0.0
1,29,172,-0.0
1,29,173,-0.0
1,29,174,-0.0
1,29,175,-0.0
1,29,176,0.0
1,29,177,-0.0
1,29,178,-0.0
1,29,179,-0.0
1,29,180,-0.0
1,29,181,6.0
1,29,182,0.0
1,29,183,-0.0
1,29,184,0.0
1,29,185,-0.0
1,29,186,-0.0
1,29,187,-0.0
1,29,188,-0.0
1,29,189,0.0
1,29,190,-0.0
1,29,191,0.0
1,29,192,-0.0
1,29,193,0.0
1,29,194,6.0
1,29,195,-0.0
1,29,196,0.0
1,29,197,-0.0
1,29,198,-0.0
1,29,199,-0.0
1,29,200,-0.0
1,29,201,-0.0
1,29,202,-0.0
1,29,203,-0.0
1,29,204,-0.0
1,29,205,2.0
1,29,206,0.0
1,29,207,-0.0
1,29,208,-0.0
1,29,209,-0.0
1,29,210,-0.0
1,29,211,-0.0
1,29,212,-0.0
1,29,213,-0.0
1,29,214,-0.0
1,29,215,-0.0
1,29,216,1.0
1,29,217,-0.0
1,29,218,-0.0
1,29,219,-0.0
1,29,220,-0.0
1,29,221,-0.0
1,29,222,0.0
1,29,223,0.0
1,29,224,-0.0
1,29,225,-0.0
1,29,226,-0.0
1,29,227,-0.0
1,29,228,-0.0
1,29,229,-0.0
1,29,230,-0.0
1,29,231,-0.0
1,29,232,-0.0
1,29,233,-0.0
1,29,234,6.0
1,29,235,-0.0
1,29,236,0.0
1,29,237,-0.0
1,29,238,-0.0
1,29,239,-0.0
1,29,240,-0.0
1,29,241,-0.0
1,29,242,-0.0
1,29,243,-0.0
1,29,244,-0.0
1,29,245,-0.0
1,29,246,6.0
1,29,247,0.0
1,29,248,0.0
1,29,249,-0.0
1,29,250,-0.0
1,29,251,-0.0
1,29,252,0.0
1,29,253,-0.0
1,29,254,0.0
1,29,255,-0.0
1,29,256,-0.0
1,29,257,-0.0
1,29,258,-0.0
1,29,259,-0.0
1,29,260,-0.0
1,29,261,-0.0
1,29,262,0.0
1,29,263,-0.0
1,29,264,-0.0
1,29,265,-0.0
1,29,266,-0.0
1,29,267,-0.0
1,29,268,-0.0
1,29,269,-0.0
1,29,270,-0.0
1,29,271,-0.0
1,29,272,-0.0
1,29,273,-0.0
1,29,274,-0.0
1,29,275,-0.0
1,29,276,6.0
1,29,277,-0.0
1,29,278,-0.0
1,29,279,-0.0
1,29,280,-0.0
1,29,281,-0.0
1,29,282,-0.0
1,29,283,-0.0
1,29,284,-0.0
1,29,285,-0.0
1,29,286,6.0
1,29,287,-0.0
1,29,288,-0.0
1,29,289,-0.0
1,29,290,0.0
1,29,291,-0.0
1,29,292,6.0
1,29,293,-0.0
1,29,294,-0.0
1,29,295,0.0
1,29,296,-0.0
1,29,297,-0.0
1,29,298,-0.0
1,29,299,-0.0
1,29,300,0.0
1,29,301,0.0
1,29,302,-0.0
1,29,303,-0.0
1,29,304,-0.0
1,29,305,-0.0
1,29,306,-0.0
1,29,307,-0.0
1,29,308,-0.0
1,29,309,-0.0
1,29,310,-0.0
1,29,311,-0.0
1,29,312,-0.0
1,29,313,-0.0
1,29,314,-0.0
1,29,315,-0.0
1,29,316,0.0
1,29,317,-0.0
1,29,318,-0.0
1,29,319,0.0
1,29,320,0.0
1,29,321,-0.0
1,29,322,-0.0
1,29,323,-0.0
1,29,324,4.0
1,29,325,-0.0
1,29,326,-0.0
1,29,327,-0.0
1,29,328,-0.0
1,29,329,4.0
1,29,330,-0.0
1,29,331,-0.0
1,29,332,-0.0
1,29,333,-0.0
1,29,334,-0.0
1,29,335,0.0
1,29,336,-0.0
1,29,337,0.0
1,29,338,6.0
1,29,339,-0.0
1,29,340,-0.0
1,29,341,-0.0
1,29,342,-0.0
1,29,343,-0.0
1,29,344,0.0
1,29,345,0.0
1,29,346,-0.0
1,29,347,-0.0
1,29,348,0.0
1,29,349,-0.0
1,29,350,1.0
1,29,351,-0.0
1,29,352,0.0
1,29,353,-0.0
1,29,354,-0.0
1,29,355,-0.0
1,29,356,-0.0
1,29,357,-0.0
1,29,358,0.0
1,29,359,-0.0
1,29,360,-0.0
67,66,0,0.0
67,66,1,0.0
67,66,2,0.0
67,66,3,0.0
67,66,4,0.0
67,66,5,0.0
67,66,6,0.0
67,66,7,0.0
67,66,8,0.0
67,66,9,0.0
67,66,10,0.0
67,66,11,0.0
67,66,12,0.0
67,66,13,0.0
67,66,14,0.0
67,66,15,0.0
67,66,16,0.0
67,66,17,0.0
67,66,18,0.0
67,66,19,0.0
67,66,20,0.0
67,66,21,0.0
67,66,22,0.0
67,66,23,0.0
67,66,24,0.0
67,66,25,0.0
67,66,26,0.0
67,66,27,0.0
67,66,28,0.0
67,66,29,0.0
67,66,30,0.0
67,66,31,0.0
67,66,32,0.0
67,66,33,0.0
67,66,34,0.0
67,66,35,0.0
67,66,36,0.0
67,66,37,0.0
67,66,38,0.0
67,66,39,0.0
67,66,40,0.0
67,66,41,0.0
67,66,42,0.0
67,66,43,0.0
67,66,44,0.0
67,66,45,0.0
67,66,46,0.0
67,66,47,0.0
67,66,48,0.0
67,66,49,0.0
67,66,50,0.0
67,66,51,0.0
67,66,52,0.0
67,66,53,0.0
67,66,54,0.0
67,66,55,0.0
67,66,56,0.0
67,66,57,0.0
67,66,58,0.0
67,66,59,0.0
67,66,60,0.0
67,66,61,0.0
67,66,62,0.0
67,66,63,0.0
67,66,64,0.0
67,66,65,0.0
67,66,66,0.0
67,66,67,0.0
67,66,68,0.0
67,66,69,0.0
67,66,70,0.0
67,66,71,0.0
67,66,72,0.0
67,66,73,0.0
67,66,74,0.0
67,66,75,0.0
67,66,76,0.0
67,66,77,0.0
67,66,78,0.0
67,66,79,0.0
67,66,80,0.0
67,66,81,0.0
67,66,82,0.0
67,66,83,0.0
67,66,84,0.0
67,66,85,0.0
67,66,86,0.0
67,66,87,0.0
67,66,88,0.0
67,66,89,0.0
67,66,90,0.0
67,66,91,0.0
67,66,92,0.0
67,66,93,0.0
67,66,94,0.0
67,66,95,0.0
67,66,96,0.0
67,66,97,0.0
67,66,98,0.0
67,66,99,-0.0
67,66,100,0.0
67,66,101,0.0
67,66,102,0.0
67,66,103,0.0
67,66,104,0.0
67,66,105,0.0
67,66,106,0.0
67,66,107,0.0
67,66,108,0.0
67,66,109,0.0
67,66,110,0.0
67,66,111,0.0
67,66,112,0.0
67,66,113,0.0
67,66,114,0.0
67,66,115,0.0
67,66,116,0.0
67,66,117,0.0
67,66,118,0.0
67,66,119,0.0
67,66,120,0.0
67,66,121,0.0
67,66,122,0.0
67,66,123,0.0
67,66,124,0.0
67,66,125,0.0
67,66,126,0.0
67,66,127,0.0
67,66,128,0.0
67,66,129,0.0
67,66,130,0.0
67,66,131,0.0
67,66,132,0.0
67,66,133,0.0
67,66,134,0.0
67,66,135,0.0
67,66,136,0.0
67,66,137,0.0
67,66,138,0.0
67,66,139,0.0
67,66,140,0.0
67,66,141,0.0
67,66,142,0.0
67,66,143,0.0
67,66,144,0.0
67,66,145,0.0
67,66,146,0.0
67,66,147,0.0
67,66,148,0.0
67,66,149,0.0
67,66,150,0.0
67,66,151,0.0
67,66,152,0.0
67,66,153,0.0
67,66,154,0.0
67,66,155,0.0
67,66,156,0.0
67,66,157,0.0
67,66,158,0.0
67,66,159,0.0
67,66,160,0.0
67,66,161,0.0
67,66,162,0.0
67,66,163,0.0
67,66,164,0.0
67,66,165,0.0
67,66,166,0.0
67,66,167,0.0
67,66,168,0.0
67,66,169,0.0
67,66,170,0.0
67,66,171,0.0
67,66,172,0.0
67,66,173,0.0
67,66,174,0.0
67,66,175,0.0
67,66,176,0.0
67,66,177,-0.0
67,66,178,0.0
67,66,179,0.0
67,66,180,0.0
67,66,181,0.0
67,66,182,0.0
67,66,183,0.0
67,66,184,0.0
67,66,185,0.0
67,66,186,0.0
67,66,187,0.0
67,66,188,0.0
67,66,189,0.0
67,66,190,0.0
67,66,191,0.0
67,66,192,0.0
67,66,193,0.0
67,66,194,0.0
67,66,195,0.0
67,66,196,0.0
67,66,197,0.0
67,66,198,0.0
67,66,199,0.0
67,66,200,0.0
67,66,201,0.0
67,66,202,0.0
67,66,203,0.0
67,66,204,0.0
67,66,205,0.0
67,66,206,0.0
67,66,207,0.0
67,66,208,0.0
67,66,209,0.0
67,66,210,0.0
67,66,211,0.0
67,66,212,0.0
67,66,213,0.0
67,66,214,0.0
67,66,215,0.0
67,66,216,0.0
67,66,217,0.0
67,66,218,0.0
67,66,219,0.0
67,66,220,0.0
67,66,221,0.0
67,66,222,0.0
67,66,223,0.0
67,66,224,0.0
67,66,225,0.0
67,66,226,0.0
67,66,227,0.0
67,66,228,0.0
67,66,229,0.0
67,66,230,0.0
67,66,231,0.0
67,66,232,0.0
67,66,233,0.0
67,66,234,0.0
67,66,235,0.0
67,66,236,0.0
67,66,237,0.0
67,66,238,0.0
67,66,239,0.0
67,66,240,0.0
67,66,241,0.0
67,66,242,0.0
67,66,243,0.0
67,66,244,0.0
67,66,245,0.0
67,66,246,0.0
67,66,247,0.0
67,66,248,0.0
67,66,249,0.0
67,66,250,0.0
67,66,251,0.0
67,66,252,0.0
67,66,253,0.0
67,66,254,0.0
67,66,255,0.0
67,66,256,0.0
67,66,257,0.0
67,66,258,0.0
67,66,259,0.0
67,66,260,0.0
67,66,261,0.0
67,66,262,0.0
67,66,263,0.0
67,66,264,0.0
67,66,265,0.0
67,66,266,0.0
67,66,267,0.0
67,66,268,0.0
67,66,269,0.0
67,66,270,0.0
67,66,271,0.0
67,66,272,0.0
67,66,273,0.0
67,66,274,0.0
67,66,275,0.0
67,66,276,-0.0
67,66,277,0.0
67,66,278,0.0
67,66,279,0.0
67,66,280,0.0
67,66,281,0.0
67,66,282,0.0
67,66,283,0.0
67,66,284,0.0
67,66,285,0.0
67,66,286,0.0
67,66,287,0.0
67,66,288,0.0
67,66,289,0.0
67,66,290,-0.0
67,66,291,0.0
67,66,292,0.0
67,66,293,0.0
67,66,294,0.0
67,66,295,0.0
67,66,296,0.0
67,66,297,0.0
67,66,298,0.0
67,66,299,0.0
67,66,300,0.0
67,66,301,0.0
67,66,302,0.0
67,66,303,0.0
67,66,304,0.0
67,66,305,0.0
67,66,306,-0.0
67,66,307,0.0
67,66,308,0.0
67,66,309,0.0
67,66,310,0.0
67,66,311,0.0
67,66,312,0.0
67,66,313,0.0
67,66,314,-0.0
67,66,315,0.0
67,66,316,0.0
67,66,317,0.0
67,66,318,-0.0
67,66,319,0.0
67,66,320,0.0
67,66,321,0.0
67,66,322,0.0
67,66,323,0.0
67,66,324,0.0
67,66,325,0.0
67,66,326,0.0
67,66,327,0.0
67,66,328,0.0
67,66,329,0.0
67,66,330,0.0
67,66,331,0.0
67,66,332,0.0
67,66,333,0.0
67,66,334,0.0
67,66,335,0.0
67,66,336,0.0
67,66,337,0.0
67,66,338,0.0
67,66,339,0.0
67,66,340,0.0
67,66,341,0.0
67,66,342,0.0
67,66,343,0.0
67,66,344,0.0
67,66,345,0.0
67,66,346,0.0
67,66,347,0.0
67,66,348,0.0
67,66,349,0.0
67,66,350,0.0
67,66,351,0.0
67,66,352,0.0
67,66,353,0.0
67,66,354,0.0
67,66,355,0.0
67,66,356,0.0
67,66,357,0.0
67,66,358,0.0
67,66,359,-0.0
67,66,360,-0.0
43,44,0,0.0
43,44,1,0.0
43,44,2,0.0
43,44,3,0.0
43,44,4,0.0
43,44,5,0.0
43,44,6,0.0
43,44,7,0.0
43,44,8,11.0
43,44,9,0.0
43,44,10,11.0
43,44,11,0.0
43,44,12,0.0
43,44,13,0.0
43,44,14,0.0
43,44,15,0.0
43,44,16,0.0
43,44,17,0.0
43,44,18,0.0
43,44,19,11.0
43,44,20,0.0
43,44,21,0.0
43,44,22,0.0
43,44,23,0.0
43,44,24,0.0
43,44,25,0.0
43,44,26,0.0
43,44,27,0.0
43,44,28,0.0
43,44,29,0.0
43,44,30,0.0
43,44,31,0.0
43,44,32,0.0
43,44,33,0.0
43,44,34,0.0
43,44,35,0.0
43,44,36,0.0
43,44,37,0.0
43,44,38,0.0
43,44,39,0.0
43,44,40,0.0
43,44,41,0.0
43,44,42,0.0
43,44,43,0.0
43,44,44,0.0
43,44,45,0.0
43,44,46,0.0
43,44,47,0.0
43,44,48,0.0
43,44,49,0.0
43,44,50,0.0
43,44,51,0.0
43,44,52,0.0
43,44,53,0.0
43,44,54,0.0
43,44,55,0.0
43,44,56,0.0
43,44,57,0.0
43,44,58,0.0
43,44,59,0.0
43,44,60,0.0
43,44,61,0.0
43,44,62,6.0
43,44,63,11.0
43,44,64,0.0
43,44,65,0.0
43,44,66,0.0
43,44,67,0.0
43,44,68,0.0
43,44,69,0.0
43,44,70,0.0
43,44,71,0.0
43,44,72,0.0
43,44,73,0.0
43,44,74,0.0
43,44,75,0.0
43,44,76,0.0
43,44,77,6.0
43,44,78,6.0
43,44,79,0.0
43,44,80,2.0
43,44,81,0.0
43,44,82,9.0
43,44,83,8.0
43,44,84,0.0
43,44,85,6.0
43,44,86,6.0
43,44,87,0.0
43,44,88,0.0
43,44,89,0.0
43,44,90,6.0
43,44,91,0.0
43,44,92,0.0
43,44,93,0.0
43,44,94,0.0
43,44,95,0.0
43,44,96,3.0
43,44,97,9.0
43,44,98,0.0
43,44,99,0.0
43,44,100,0.0
43,44,101,6.0
43,44,102,0.0
43,44,103,4.0
43,44,104,0.0
43,44,105,0.0
43,44,106,0.0
43,44,107,0.0
43,44,108,0.0
43,44,109,0.0
43,44,110,0.0
43,44,111,0.0
43,44,112,0.0
43,44,113,0.0
43,44,114,0.0
43,44,115,0.0
43,44,116,0.0
43,44,117,0.0
43,44,118,0.0
43,44,119,0.0
43,44,120,0.0
43,44,121,0.0
43,44,122,0.0
43,44,123,0.0
43,44,124,0.0
43,44,125,0.0
43,44,126,0.0
43,44,127,0.0
43,44,128,0.0
43,44,129,0.0
43,44,130,0.0
43,44,131,0.0
43,44,132,0.0
43,44,133,0.0
43,44,134,0.0
43,44,135,0.0
43,44,136,0.0
43,44,137,0.0
43,44,138,0.0
43,44,139,0.0
43,44,140,3.0
43,44,141,1.0
43,44,142,6.0
43,44,143,0.0
43,44,144,9.0
43,44,145,0.0
43,44,146,11.0
43,44,147,0.0
43,44,148,6.0
43,44,149,0.0
43,44,150,6.0
43,44,151,6.0
43,44,152,0.0
43,44,153,0.0
43,44,154,0.0
43,44,155,0.0
43,44,156,0.0
43,44,157,6.0
43,44,158,9.0
43,44,159,6.0
43,44,160,0.0
43,44,161,0.0
43,44,162,0.0
43,44,163,6.0
43,44,164,6.0
43,44,165,0.0
43,44,166,6.0
43,44,167,7.0
43,44,168,0.0
43,44,169,6.0
43,44,170,6.0
43,44,171,0.0
43,44,172,0.0
43,44,173,6.0
43,44,174,0.0
43,44,175,0.0
43,44,176,0.0
43,44,177,0.0
43,44,178,0.0
43,44,179,0.0
43,44,180,0.0
43,44,181,9.0
43,44,182,0.0
43,44,183,0.0
43,44,184,0.0
43,44,185,0.0
43,44,186,0.0
43,44,187,0.0
43,44,188,0.0
43,44,189,0.0
43,44,190,0.0
43,44,191,0.0
43,44,192,0.0
43,44,193,0.0
43,44,194,0.0
43,44,195,0.0
43,44,196,0.0
43,44,197,0.0
43,44,198,0.0
43,44,199,6.0
43,44,200,0.0
43,44,201,0.0
43,44,202,0.0
43,44,203,0.0
43,44,204,0.0
43,44,205,0.0
43,44,206,0.0
43,44,207,0.0
43,44,208,0.0
43,44,209,0.0
43,44,210,6.0
43,44,211,6.0
43,44,212,6.0
43,44,213,0.0
43,44,214,0.0
43,44,215,11.0
43,44,216,0.0
43,44,217,6.0
43,44,218,0.0
43,44,219,0.0
43,44,220,0.0
43,44,221,0.0
43,44,222,0.0
43,44,223,0.0
43,44,224,0.0
43,44,225,0.0
43,44,226,0.0
43,44,227,0.0
43,44,228,0.0
43,44,229,0.0
43,44,230,0.0
43,44,231,6.0
43,44,232,0.0
43,44,233,0.0
43,44,234,0.0
43,44,235,0.0
43,44,236,0.0
43,44,237,0.0
43,44,238,3.0
43,44,239,0.0
43,44,240,0.0
43,44,241,0.0
43,44,242,3.0
43,44,243,0.0
43,44,244,6.0
43,44,245,0.0
43,44,246,0.0
43,44,247,0.0
43,44,248,6.0
43,44,249,0.0
43,44,250,9.0
43,44,251,6.0
43,44,252,0.0
43,44,253,6.0
43,44,254,11.0
43,44,255,0.0
43,44,256,0.0
43,44,257,0.0
43,44,258,0.0
43,44,259,0.0
43,44,260,3.0
43,44,261,0.0
43,44,262,0.0
43,44,263,11.0
43,44,264,0.0
43,44,265,6.0
43,44,266,0.0
43,44,267,0.0
43,44,268,0.0
43,44,269,0.0
43,44,270,0.0
43,44,271,9.0
43,44,272,6.0
43,44,273,0.0
43,44,274,0.0
43,44,275,0.0
43,44,276,0.0
43,44,277,0.0
43,44,278,0.0
43,44,279,0.0
43,44,280,6.0
43,44,281,0.0
43,44,282,0.0
43,44,283,0.0
43,44,284,0.0
43,44,285,0.0
43,44,286,0.0
43,44,287,0.0
43,44,288,0.0
43,44,289,0.0
43,44,290,6.0
43,44,291,6.0
43,44,292,0.0
43,44,293,0.0
43,44,294,0.0
43,44,295,0.0
43,44,296,6.0
43,44,297,9.0
43,44,298,6.0
43,44,299,6.0
43,44,300,6.0
43,44,301,9.0
43,44,302,6.0
43,44,303,0.0
43,44,304,0.0
43,44,305,0.0
43,44,306,0.0
43,44,307,0.0
43,44,308,6.0
43,44,309,6.0
43,44,310,0.0
43,44,311,0.0
43,44,312,0.0
43,44,313,0.0
43,44,314,6.0
43,44,315,0.0
43,44,316,0.0
43,44,317,0.0
43,44,318,0.0
43,44,319,0.0
43,44,320,0.0
43,44,321,0.0
43,44,322,0.0
43,44,323,0.0
43,44,324,0.0
43,44,325,0.0
43,44,326,0.0
43,44,327,3.0
43,44,328,0.0
43,44,329,0.0
43,44,330,0.0
43,44,331,6.0
43,44,332,0.0
43,44,333,0.0
43,44,334,0.0
43,44,335,0.0
43,44,336,0.0
43,44,337,0.0
43,44,338,0.0
43,44,339,0.0
43,44,340,9.0
43,44,341,6.0
43,44,342,0.0
43,44,343,6.0
43,44,344,0.0
43,44,345,6.0
43,44,346,0.0
43,44,347,6.0
43,44,348,0.0
43,44,349,0.0
43,44,350,0.0
43,44,351,0.0
43,44,352,0.0
43,44,353,0.0
43,44,354,0.0
43,44,355,0.0
43,44,356,0.0
43,44,357,0.0
43,44,358,0.0
43,44,359,0.0
43,44,360,-0.0
2,46,0,0.0
2,46,1,-0.0
2,46,2,-0.0
2,46,3,0.0
2,46,4,-0.0
2,46,5,-0.0
2,46,6,0.0
2,46,7,-0.0
2,46,8,0.0
2,46,9,0.0
2,46,10,-0.0
2,46,11,-0.0
2,46,12,-0.0
2,46,13,0.0
2,46,14,0.0
2,46,15,0.0
2,46,16,0.0
2,46,17,0.0
2,46,18,-0.0
2,46,19,0.0
2,46,20,-0.0
2,46,21,-0.0
2,46,22,0.0
2,46,23,-0.0
2,46,24,0.0
2,46,25,-0.0
2,46,26,-0.0
2,46,27,0.0
2,46,28,-0.0
2,46,29,0.0
2,46,30,0.0
2,46,31,0.0
2,46,32,0.0
2,46,33,-0.0
2,46,34,-0.0
2,46,35,0.0
2,46,36,0.0
2,46,37,-0.0
2,46,38,0.0
2,46,39,0.0
2,46,40,-0.0
2,46,41,0.0
2,46,42,-0.0
2,46,43,-0.0
2,46,44,-0.0
2,46,45,0.0
2,46,46,0.0
2,46,47,0.0
2,46,48,0.0
2,46,49,0.0
2,46,50,0.0
2,46,51,-0.0
2,46,52,0.0
2,46,53,-0.0
2,46,54,0.0
2,46,55,-0.0
2,46,56,0.0
2,46,57,0.0
2,46,58,-0.0
2,46,59,-0.0
2,46,60,-0.0
2,46,61,-0.0
2,46,62,-0.0
2,46,63,-0.0
2,46,64,0.0
2,46,65,0.0
2,46,66,0.0
2,46,67,-0.0
2,46,68,-0.0
2,46,69,0.0
2,46,70,0.0
2,46,71,0.0
2,46,72,0.0
2,46,73,-0.0
2,46,74,-0.0
2,46,75,0.0
2,46,76,0.0
2,46,77,0.0
2,46,78,-0.0
2,46,79,0.0
2,46,80,-0.0
2,46,81,-0.0
2,46,82,0.0
2,46,83,0.0
2,46,84,0.0
2,46,85,0.0
2,46,86,0.0
2,46,87,0.0
2,46,88,-0.0
2,46,89,0.0
2,46,90,0.0
2,46,91,0.0
2,46,92,-0.0
2,46,93,0.0
2,46,94,-0.0
2,46,95,-0.0
2,46,96,0.0
2,46,97,-0.0
2,46,98,0.0
2,46,99,0.0
2,46,100,0.0
2,46,101,0.0
2,46,102,-0.0
2,46,103,-0.0
2,46,104,0.0
2,46,105,0.0
2,46,106,-0.0
2,46,107,-0.0
2,46,108,-0.0
2,46,109,0.0
2,46,110,0.0
2,46,111,-0.0
2,46,112,0.0
2,46,113,-0.0
2,46,114,-0.0
2,46,115,0.0
2,46,116,0.0
2,46,117,-0.0
2,46,118,-0.0
2,46,119,0.0
2,46,120,-0.0
2,46,121,0.0
2,46,122,-0.0
2,46,123,0.0
2,46,124,0.0
2,46,125,0.0
2,46,126,0.0
2,46,127,0.0
2,46,128,0.0
2,46,129,0.0
2,46,130,0.0
2,46,131,-0.0
2,46,132,-0.0
2,46,133,0.0
2,46,134,-0.0
2,46,135,-0.0
2,46,136,0.0
2,46,137,0.0
2,46,138,0.0
2,46,139,-0.0
2,46,140,0.0
2,46,141,-0.0
2,46,142,0.0
2,46,143,0.0
2,46,144,-0.0
2,46,145,-0.0
2,46,146,0.0
2,46,147,-0.0
2,46,148,-0.0
2,46,149,0.0
2,46,150,0.0
2,46,151,0.0
2,46,152,-0.0
2,46,153,0.0
2,46,154,0.0
2,46,155,0.0
2,46,156,0.0
2,46,157,-0.0
2,46,158,-0.0
2,46,159,0.0
2,46,160,0.0
2,46,161,-0.0
2,46,162,-0.0
2,46,163,-0.0
2,46,164,0.0
2,46,165,0.0
2,46,166,0.0
2,46,167,-0.0
2,46,168,-0.0
2,46,169,-0.0
2,46,170,0.0
2,46,171,0.0
2,46,172,-0.0
2,46,173,0.0
2,46,174,-0.0
2,46,175,-0.0
2,46,176,-0.0
2,46,177,0.0
2,46,178,0.0
2,46,179,0.0
2,46,180,0.0
2,46,181,-0.0
2,46,182,0.0
2,46,183,-0.0
2,46,184,-0.0
2,46,185,-0.0
2,46,186,-0.0
2,46,187,0.0
2,46,188,0.0
2,46,189,0.0
2,46,190,-0.0
2,46,191,0.0
2,46,192,0.0
2,46,193,0.0
2,46,194,-0.0
2,46,195,0.0
2,46,196,-0.0
2,46,197,0.0
2,46,198,-0.0
2,46,199,-0.0
2,46,200,-0.0
2,46,201,-0.0
2,46,202,0.0
2,46,203,0.0
2,46,204,-0.0
2,46,205,0.0
2,46,206,-0.0
2,46,207,-0.0
2,46,208,0.0
2,46,209,0.0
2,46,210,0.0
2,46,211,-0.0
2,46,212,-0.0
2,46,213,0.0
2,46,214,0.0
2,46,215,0.0
2,46,216,0.0
2,46,217,-0.0
2,46,218,-0.0
2,46,219,-0.0
2,46,220,0.0
2,46,221,0.0
2,46,222,-0.0
2,46,223,0.0
2,46,224,-0.0
2,46,225,-0.0
2,46,226,-0.0
2,46,227,-0.0
2,46,228,-0.0
2,46,229,-0.0
2,46,230,0.0
2,46,231,0.0
2,46,232,-0.0
2,46,233,-0.0
2,46,234,-0.0
2,46,235,-0.0
2,46,236,0.0
2,46,237,0.0
2,46,238,-0.0
2,46,239,-0.0
2,46,240,-0.0
2,46,241,0.0
2,46,242,0.0
2,46,243,-0.0
2,46,244,0.0
2,46,245,-0.0
2,46,246,-0.0
2,46,247,0.0
2,46,248,-0.0
2,46,249,-0.0
2,46,250,0.0
2,46,251,-0.0
2,46,252,0.0
2,46,253,0.0
2,46,254,-0.0
2,46,255,0.0
2,46,256,-0.0
2,46,257,0.0
2,46,258,0.0
2,46,259,0.0
2,46,260,0.0
2,46,261,0.0
2,46,262,-0.0
2,46,263,0.0
2,46,264,-0.0
2,46,265,0.0
2,46,266,-0.0
2,46,267,0.0
2,46,268,-0.0
2,46,269,-0.0
2,46,270,0.0
2,46,271,0.0
2,46,272,0.0
2,46,273,0.0
2,46,274,0.0
2,46,275,-0.0
2,46,276,0.0
2,46,277,-0.0
2,46,278,0.0
2,46,279,0.0
2,46,280,-0.0
2,46,281,-0.0
2,46,282,0.0
2,46,283,-0.0
2,46,284,0.0
2,46,285,-0.0
2,46,286,-0.0
2,46,287,0.0
2,46,288,0.0
2,46,289,-0.0
2,46,290,0.0
2,46,291,-0.0
2,46,292,0.0
2,46,293,-0.0
2,46,294,-0.0
2,46,295,0.0
2,46,296,-0.0
2,46,297,0.0
2,46,298,0.0
2,46,299,0.0
2,46,300,0.0
2,46,301,0.0
2,46,302,-0.0
2,46,303,-0.0
2,46,304,0.0
2,46,305,-0.0
2,46,306,-0.0
2,46,307,-0.0
2,46,308,-0.0
2,46,309,-0.0
2,46,310,-0.0
2,46,311,0.0
2,46,312,-0.0
2,46,313,-0.0
2,46,314,0.0
2,46,315,-0.0
2,46,316,0.0
2,46,317,-0.0
2,46,318,-0.0
2,46,319,0.0
2,46,320,-0.0
2,46,321,0.0
2,46,322,-0.0
2,46,323,-0.0
2,46,324,0.0
2,46,325,-0.0
2,46,326,0.0
2,46,327,-0.0
2,46,328,-0.0
2,46,329,-0.0
2,46,330,0.0
2,46,331,-0.0
2,46,332,0.0
2,46,333,-0.0
2,46,334,0.0
2,46,335,-0.0
2,46,336,0.0
2,46,337,-0.0
2,46,338,0.0
2,46,339,-0.0
2,46,340,-0.0
2,46,341,0.0
2,46,342,-0.0
2,46,343,-0.0
2,46,344,-0.0
2,46,345,-0.0
2,46,346,0.0
2,46,347,-0.0
2,46,348,0.0
2,46,349,0.0
2,46,350,0.0
2,46,351,-0.0
2,46,352,0.0
2,46,353,0.0
2,46,354,-0.0
2,46,355,-0.0
2,46,356,-0.0
2,46,357,0.0
2,46,358,0.0
2,46,359,-0.0
2,46,360,-0.0
39,40,0,0.0
39,40,1,0.0
39,40,2,0.0
39,40,3,0.0
39,40,4,0.0
39,40,5,11.0
39,40,6,0.0
39,40,7,11.0
39,40,8,9.0
39,40,9,6.0
39,40,10,0.0
39,40,11,11.0
39,40,12,6.0
39,40,13,0.0
39,40,14,11.0
39,40,15,6.0
39,40,16,11.0
39,40,17,9.0
39,40,18,0.0
39,40,19,0.0
39,40,20,11.0
39,40,21,6.0
39,40,22,6.0
39,40,23,6.0
39,40,24,1.0
39,40,25,6.0
39,40,26,0.0
39,40,27,6.0
39,40,28,0.0
39,40,29,0.0
39,40,30,3.0
39,40,31,11.0
39,40,32,6.0
39,40,33,7.0
39,40,34,6.0
39,40,35,0.0
39,40,36,0.0
39,40,37,11.0
39,40,38,6.0
39,40,39,0.0
39,40,40,0.0
39,40,41,11.0
39,40,42,11.0
39,40,43,6.0
39,40,44,6.0
39,40,45,0.0
39,40,46,9.0
39,40,47,0.0
39,40,48,11.0
39,40,49,0.0
39,40,50,6.0
39,40,51,6.0
39,40,52,0.0
39,40,53,0.0
39,40,54,0.0
39,40,55,0.0
39,40,56,0.0
39,40,57,11.0
39,40,58,0.0
39,40,59,6.0
39,40,60,11.0
39,40,61,6.0
39,40,62,0.0
39,40,63,0.0
39,40,64,0.0
39,40,65,0.0
39,40,66,6.0
39,40,67,6.0
39,40,68,0.0
39,40,69,0.0
39,40,70,9.0
39,40,71,0.0
39,40,72,6.0
39,40,73,0.0
39,40,74,6.0
39,40,75,6.0
39,40,76,0.0
39,40,77,2.0
39,40,78,0.0
39,40,79,9.0
39,40,80,8.0
39,40,81,0.0
39,40,82,6.0
39,40,83,6.0
39,40,84,6.0
39,40,85,0.0
39,40,86,0.0
39,40,87,6.0
39,40,88,0.0
39,40,89,0.0
39,40,90,0.0
39,40,91,0.0
39,40,92,0.0
39,40,93,3.0
39,40,94,9.0
39,40,95,0.0
39,40,96,6.0
39,40,97,6.0
39,40,98,6.0
39,40,99,0.0
39,40,100,4.0
39,40,101,0.0
39,40,102,1.0
39,40,103,0.0
39,40,104,0.0
39,40,105,9.0
39,40,106,0.0
39,40,107,0.0
39,40,108,6.0
39,40,109,0.0
39,40,110,0.0
39,40,111,0.0
39,40,112,0.0
39,40,113,0.0
39,40,114,0.0
39,40,115,0.0
39,40,116,0.0
39,40,117,0.0
39,40,118,6.0
39,40,119,0.0
39,40,120,0.0
39,40,121,0.0
39,40,122,9.0
39,40,123,0.0
39,40,124,6.0
39,40,125,0.0
39,40,126,0.0
39,40,127,0.0
39,40,128,0.0
39,40,129,0.0
39,40,130,0.0
39,40,131,0.0
39,40,132,0.0
39,40,133,6.0
39,40,134,0.0
39,40,135,0.0
39,40,136,6.0
39,40,137,3.0
39,40,138,1.0
39,40,139,6.0
39,40,140,0.0
39,40,141,9.0
39,40,142,6.0
39,40,143,11.0
39,40,144,6.0
39,40,145,6.0
39,40,146,0.0
39,40,147,6.0
39,40,148,6.0
39,40,149,0.0
39,40,150,0.0
39,40,151,6.0
39,40,152,0.0
39,40,153,0.0
39,40,154,6.0
39,40,155,9.0
39,40,156,6.0
39,40,157,0.0
39,40,158,0.0
39,40,159,0.0
39,40,160,6.0
39,40,161,6.0
39,40,162,0.0
39,40,163,6.0
39,40,164,7.0
39,40,165,0.0
39,40,166,6.0
39,40,167,6.0
39,40,168,0.0
39,40,169,0.0
39,40,170,6.0
39,40,171,0.0
39,40,172,0.0
39,40,173,0.0
39,40,174,0.0
39,40,175,0.0
39,40,176,0.0
39,40,177,9.0
39,40,178,9.0
39,40,179,0.0
39,40,180,0.0
39,40,181,0.0
39,40,182,0.0
39,40,183,0.0
39,40,184,0.0
39,40,185,0.0
39,40,186,0.0
39,40,187,0.0
39,40,188,0.0
39,40,189,11.0
39,40,190,0.0
39,40,191,0.0
39,40,192,0.0
39,40,193,0.0
39,40,194,0.0
39,40,195,0.0
39,40,196,6.0
39,40,197,0.0
39,40,198,0.0
39,40,199,0.0
39,40,200,0.0
39,40,201,0.0
39,40,202,6.0
39,40,203,0.0
39,40,204,9.0
39,40,205,0.0
39,40,206,0.0
39,40,207,6.0
39,40,208,6.0
39,40,209,6.0
39,40,210,0.0
39,40,211,0.0
39,40,212,11.0
39,40,213,0.0
39,40,214,6.0
39,40,215,0.0
39,40,216,0.0
39,40,217,0.0
39,40,218,0.0
39,40,219,0.0
39,40,220,0.0
39,40,221,0.0
39,40,222,9.0
39,40,223,0.0
39,40,224,6.0
39,40,225,0.0
39,40,226,6.0
39,40,227,0.0
39,40,228,6.0
39,40,229,0.0
39,40,230,0.0
39,40,231,0.0
39,40,232,6.0
39,40,233,0.0
39,40,234,0.0
39,40,235,3.0
39,40,236,0.0
39,40,237,0.0
39,40,238,0.0
39,40,239,3.0
39,40,240,0.0
39,40,241,6.0
39,40,242,0.0
39,40,243,0.0
39,40,244,0.0
39,40,245,6.0
39,40,246,0.0
39,40,247,9.0
39,40,248,6.0
39,40,249,0.0
39,40,250,6.0
39,40,251,11.0
39,40,252,0.0
39,40,253,0.0
39,40,254,0.0
39,40,255,0.0
39,40,256,0.0
39,40,257,3.0
39,40,258,0.0
39,40,259,0.0
39,40,260,11.0
39,40,261,0.0
39,40,262,6.0
39,40,263,0.0
39,40,264,0.0
39,40,265,6.0
39,40,266,0.0
39,40,267,0.0
39,40,268,9.0
39,40,269,6.0
39,40,270,0.0
39,40,271,6.0
39,40,272,0.0
39,40,273,0.0
39,40,274,6.0
39,40,275,0.0
39,40,276,0.0
39,40,277,6.0
39,40,278,0.0
39,40,279,0.0
39,40,280,0.0
39,40,281,0.0
39,40,282,0.0
39,40,283,6.0
39,40,284,0.0
39,40,285,0.0
39,40,286,9.0
39,40,287,6.0
39,40,288,6.0
39,40,289,0.0
39,40,290,0.0
39,40,291,0.0
39,40,292,0.0
39,40,293,6.0
39,40,294,9.0
39,40,295,6.0
39,40,296,6.0
39,40,297,6.0
39,40,298,9.0
39,40,299,6.0
39,40,300,0.0
39,40,301,0.0
39,40,302,0.0
39,40,303,0.0
39,40,304,6.0
39,40,305,6.0
39,40,306,6.0
39,40,307,0.0
39,40,308,0.0
39,40,309,0.0
39,40,310,0.0
39,40,311,6.0
39,40,312,0.0
39,40,313,0.0
39,40,314,0.0
39,40,315,6.0
39,40,316,0.0
39,40,317,0.0
39,40,318,0.0
39,40,319,3.0
39,40,320,0.0
39,40,321,0.0
39,40,322,0.0
39,40,323,0.0
39,40,324,3.0
39,40,325,0.0
39,40,326,0.0
39,40,327,0.0
39,40,328,6.0
39,40,329,0.0
39,40,330,0.0
39,40,331,11.0
39,40,332,0.0
39,40,333,6.0
39,40,334,6.0
39,40,335,0.0
39,40,336,0.0
39,40,337,9.0
39,40,338,6.0
39,40,339,0.0
39,40,340,6.0
39,40,341,0.0
39,40,342,6.0
39,40,343,0.0
39,40,344,6.0
39,40,345,0.0
39,40,346,11.0
39,40,347,0.0
39,40,348,0.0
39,40,349,0.0
39,40,350,0.0
39,40,351,0.0
39,40,352,0.0
39,40,353,0.0
39,40,354,0.0
39,40,355,0.0
39,40,356,0.0
39,40,357,0.0
39,40,358,1.0
39,40,359,10.0
39,40,360,-0.0
19,16,0,0.0
19,16,1,6.0
19,16,2,6.0
19,16,3,6.0
19,16,4,6.0
19,16,5,6.0
19,16,6,6.0
19,16,7,6.0
19,16,8,6.0
19,16,9,6.0
19,16,10,6.0
19,16,11,6.0
19,16,12,6.0
19,16,13,6.0
19,16,14,6.0
19,16,15,6.0
19,16,16,6.0
19,16,17,6.0
19,16,18,6.0
19,16,19,6.0
19,16,20,6.0
19,16,21,6.0
19,16,22,6.0
19,16,23,6.0
19,16,24,6.0
19,16,25,6.0
19,16,26,6.0
19,16,27,6.0
19,16,28,6.0
19,16,29,6.0
19,16,30,6.0
19,16,31,6.0
19,16,32,6.0
19,16,33,6.0
19,16,34,6.0
19,16,35,6.0
19,16,36,6.0
19,16,37,6.0
19,16,38,6.0
19,16,39,6.0
19,16,40,6.0
19,16,41,6.0
19,16,42,6.0
19,16,43,6.0
19,16,44,6.0
19,16,45,6.0
19,16,46,6.0
19,16,47,6.0
19,16,48,6.0
19,16,49,6.0
19,16,50,6.0
19,16,51,6.0
19,16,52,6.0
19,16,53,6.0
19,16,54,6.0
19,16,55,6.0
19,16,56,6.0
19,16,57,6.0
19,16,58,6.0
19,16,59,6.0
19,16,60,6.0
19,16,61,6.0
19,16,62,6.0
19,16,63,6.0
19,16,64,6.0
19,16,65,6.0
19,16,66,6.0
19,16,67,6.0
19,16,68,6.0
19,16,69,6.0
19,16,70,6.0
19,16,71,6.0
19,16,72,6.0
19,16,73,6.0
19,16,74,6.0
19,16,75,6.0
19,16,76,6.0
19,16,77,6.0
19,16,78,6.0
19,16,79,6.0
19,16,80,6.0
19,16,81,6.0
19,16,82,6.0
19,16,83,6.0
19,16,84,6.0
19,16,85,6.0
19,16,86,6.0
19,16,87,6.0
19,16,88,6.0
19,16,89,6.0
19,16,90,6.0
19,16,91,6.0
19,16,92,6.0
19,16,93,6.0
19,16,94,6.0
19,16,95,6.0
19,16,96,6.0
19,16,97,6.0
19,16,98,6.0
19,16,99,6.0
19,16,100,6.0
19,16,101,6.0
19,16,102,6.0
19,16,103,6.0
19,16,104,6.0
19,16,105,6.0
19,16,106,6.0
19,16,107,6.0
19,16,108,6.0
19,16,109,6.0
19,16,110,6.0
19,16,111,6.0
19,16,112,6.0
19,16,113,6.0
19,16,114,6.0
19,16,115,6.0
19,16,116,6.0
19,16,117,6.0
19,16,118,6.0
19,16,119,6.0
19,16,120,6.0
19,16,121,6.0
19,16,122,6.0
19,16,123,6.0
19,16,124,6.0
19,16,125,6.0
19,16,126,6.0
19,16,127,6.0
19,16,128,6.0
19,16,129,6.0
19,16,130,6.0
19,16,131,6.0
19,16,132,6.0
19,16,133,6.0
19,16,134,6.0
19,16,135,6.0
19,16,136,6.0
19,16,137,6.0
19,16,138,6.0
19,16,139,6.0
19,16,140,6.0
19,16,141,6.0
19,16,142,6.0
19,16,143,6.0
19,16,144,6.0
19,16,145,6.0
19,16,146,6.0
19,16,147,6.0
19,16,148,6.0
19,16,149,6.0
19,16,150,6.0
19,16,151,6.0
19,16,152,6.0
19,16,153,6.0
19,16,154,6.0
19,16,155,6.0
19,16,156,6.0
19,16,157,6.0
19,16,158,6.0
19,16,159,6.0
19,16,160,6.0
19,16,161,6.0
19,16,162,6.0
19,16,163,6.0
19,16,164,6.0
19,16,165,6.0
19,16,166,6.0
19,16,167,6.0
19,16,168,6.0
19,16,169,6.0
19,16,170,6.0
19,16,171,6.0
19,16,172,6.0
19,16,173,6.0
19,16,174,6.0
19,16,175,6.0
19,16,176,6.0
19,16,177,6.0
19,16,178,6.0
19,16,179,6.0
19,16,180,6.0
19,16,181,6.0
19,16,182,6.0
19,16,183,6.0
19,16,184,6.0
19,16,185,6.0
19,16,186,6.0
19,16,187,6.0
19,16,188,6.0
19,16,189,6.0
19,16,190,6.0
19,16,191,6.0
19,16,192,6.0
19,16,193,6.0
19,16,194,6.0
19,16,195,6.0
19,16,196,6.0
19,16,197,6.0
19,16,198,6.0
19,16,199,6.0
19,16,200,6.0
19,16,201,6.0
19,16,202,6.0
19,16,203,6.0
19,16,204,6.0
19,16,205,6.0
19,16,206,6.0
19,16,207,6.0
19,16,208,6.0
19,16,209,6.0
19,16,210,6.0
19,16,211,6.0
19,16,212,6.0
19,16,213,6.0
19,16,214,6.0
19,16,215,6.0
19,16,216,6.0
19,16,217,6.0
19,16,218,6.0
19,16,219,6.0
19,16,220,6.0
19,16,221,6.0
19,16,222,6.0
19,16,223,6.0
19,16,224,6.0
19,16,225,6.0
19,16,226,6.0
19,16,227,6.0
19,16,228,6.0
19,16,229,6.0
19,16,230,6.0
19,16,231,6.0
19,16,232,6.0
19,16,233,6.0
19,16,234,6.0
19,16,235,6.0
19,16,236,6.0
19,16,237,6.0
19,16,238,6.0
19,16,239,6.0
19,16,240,6.0
19,16,241,6.0
19,16,242,6.0
19,16,243,6.0
19,16,244,6.0
19,16,245,6.0
19,16,246,6.0
19,16,247,6.0
19,16,248,6.0
19,16,249,6.0
19,16,250,6.0
19,16,251,6.0
19,16,252,6.0
19,16,253,6.0
19,16,254,6.0
19,16,255,6.0
19,16,256,6.0
19,16,257,6.0
19,16,258,6.0
19,16,259,6.0
19,16,260,6.0
19,16,261,6.0
19,16,262,6.0
19,16,263,6.0
19,16,264,6.0
19,16,265,6.0
19,16,266,6.0
19,16,267,6.0
19,16,268,6.0
19,16,269,6.0
19,16,270,6.0
19,16,271,6.0
19,16,272,6.0
19,16,273,6.0
19,16,274,6.0
19,16,275,6.0
19,16,276,6.0
19,16,277,6.0
19,16,278,6.0
19,16,279,6.0
19,16,280,6.0
19,16,281,6.0
19,16,282,6.0
19,16,283,6.0
19,16,284,6.0
19,16,285,6.0
19,16,286,6.0
19,16,287,6.0
19,16,288,6.0
19,16,289,6.0
19,16,290,6.0
19,16,291,6.0
19,16,292,6.0
19,16,293,6.0
19,16,294,6.0
19,16,295,6.0
19,16,296,6.0
19,16,297,6.0
19,16,298,6.0
19,16,299,6.0
19,16,300,6.0
19,16,301,6.0
19,16,302,6.0
19,16,303,6.0
19,16,304,6.0
19,16,305,6.0
19,16,306,6.0
19,16,307,6.0
19,16,308,6.0
19,16,309,6.0
19,16,310,6.0
19,16,311,6.0
19,16,312,6.0
19,16,313,6.0
19,16,314,6.0
19,16,315,6.0
19,16,316,6.0
19,16,317,6.0
19,16,318,6.0
19,16,319,6.0
19,16,320,6.0
19,16,321,6.0
19,16,322,6.0
19,16,323,6.0
19,16,324,6.0
19,16,325,6.0
19,16,326,6.0
19,16,327,6.0
19,16,328,6.0
19,16,329,6.0
19,16,330,6.0
19,16,331,6.0
19,16,332,6.0
19,16,333,6.0
19,16,334,6.0
19,16,335,6.0
19,16,336,6.0
19,16,337,6.0
19,16,338,6.0
19,16,339,6.0
19,16,340,6.0
19,16,341,6.0
19,16,342,6.0
19,16,343,6.0
19,16,344,6.0
19,16,345,6.0
19,16,346,6.0
19,16,347,6.0
19,16,348,6.0
19,16,349,6.0
19,16,350,6.0
19,16,351,6.0
19,16,352,6.0
19,16,353,6.0
19,16,354,6.0
19,16,355,6.0
19,16,356,6.0
19,16,357,6.0
19,16,358,6.0
19,16,359,0.0
19,16,360,-0.0
62,51,0,0.0
62,51,1,0.0
62,51,2,0.0
62,51,3,0.0
62,51,4,0.0
62,51,5,0.0
62,51,6,-0.0
62,51,7,0.0
62,51,8,-0.0
62,51,9,-0.0
62,51,10,-0.0
62,51,11,-0.0
62,51,12,0.0
62,51,13,-0.0
62,51,14,-0.0
62,51,15,-0.0
62,51,16,-0.0
62,51,17,-0.0
62,51,18,-0.0
62,51,19,-0.0
62,51,20,-0.0
62,51,21,-0.0
62,51,22,0.0
62,51,23,-0.0
62,51,24,-0.0
62,51,25,0.0
62,51,26,-0.0
62,51,27,-0.0
62,51,28,-0.0
62,51,29,-0.0
62,51,30,0.0
62,51,31,-0.0
62,51,32,-0.0
62,51,33,-0.0
62,51,34,-0.0
62,51,35,-0.0
62,51,36,-0.0
62,51,37,-0.0
62,51,38,0.0
62,51,39,0.0
62,51,40,-0.0
62,51,41,-0.0
62,51,42,-0.0
62,51,43,-0.0
62,51,44,0.0
62,51,45,-0.0
62,51,46,-0.0
62,51,47,-0.0
62,51,48,-0.0
62,51,49,-0.0
62,51,50,-0.0
62,51,51,-0.0
62,51,52,-0.0
62,51,53,-0.0
62,51,54,-0.0
62,51,55,-0.0
62,51,56,-0.0
62,51,57,-0.0
62,51,58,0.0
62,51,59,-0.0
62,51,60,-0.0
62,51,61,-0.0
62,51,62,-0.0
62,51,63,-0.0
62,51,64,0.0
62,51,65,-0.0
62,51,66,-0.0
62,51,67,-0.0
62,51,68,-0.0
62,51,69,-0.0
62,51,70,-0.0
62,51,71,-0.0
62,51,72,0.0
62,51,73,-0.0
62,51,74,0.0
62,51,75,-0.0
62,51,76,-0.0
62,51,77,0.0
62,51,78,-0.0
62,51,79,-0.0
62,51,80,-0.0
62,51,81,0.0
62,51,82,-0.0
62,51,83,-0.0
62,51,84,-0.0
62,51,85,-0.0
62,51,86,0.0
62,51,87,-0.0
62,51,88,-0.0
62,51,89,0.0
62,51,90,-0.0
62,51,91,-0.0
62,51,92,0.0
62,51,93,-0.0
62,51,94,-0.0
62,51,95,0.0
62,51,96,-0.0
62,51,97,-0.0
62,51,98,0.0
62,51,99,0.0
62,51,100,-0.0
62,51,101,0.0
62,51,102,0.0
62,51,103,-0.0
62,51,104,0.0
62,51,105,0.0
62,51,106,-0.0
62,51,107,-0.0
62,51,108,-0.0
62,51,109,-0.0
62,51,110,-0.0
62,51,111,-0.0
62,51,112,-0.0
62,51,113,-0.0
62,51,114,-0.0
62,51,115,-0.0
62,51,116,-0.0
62,51,117,-0.0
62,51,118,-0.0
62,51,119,-0.0
62,51,120,-0.0
62,51,121,-0.0
62,51,122,-0.0
62,51,123,-0.0
62,51,124,-0.0
62,51,125,-0.0
62,51,126,-0.0
62,51,127,-0.0
62,51,128,-0.0
62,51,129,-0.0
62,51,130,-0.0
62,51,131,-0.0
62,51,132,-0.0
62,51,133,-0.0
62,51,134,-0.0
62,51,135,-0.0
62,51,136,-0.0
62,51,137,0.0
62,51,138,0.0
62,51,139,-0.0
62,51,140,0.0
62,51,141,-0.0
62,51,142,0.0
62,51,143,-0.0
62,51,144,-0.0
62,51,145,-0.0
62,51,146,0.0
62,51,147,0.0
62,51,148,-0.0
62,51,149,-0.0
62,51,150,-0.0
62,51,151,0.0
62,51,152,-0.0
62,51,153,0.0
62,51,154,-0.0
62,51,155,-0.0
62,51,156,-0.0
62,51,157,-0.0
62,51,158,-0.0
62,51,159,-0.0
62,51,160,-0.0
62,51,161,0.0
62,51,162,-0.0
62,51,163,0.0
62,51,164,-0.0
62,51,165,-0.0
62,51,166,0.0
62,51,167,0.0
62,51,168,-0.0
62,51,169,-0.0
62,51,170,-0.0
62,51,171,-0.0
62,51,172,0.0
62,51,173,-0.0
62,51,174,-0.0
62,51,175,-0.0
62,51,176,-0.0
62,51,177,-0.0
62,51,178,-0.0
62,51,179,-0.0
62,51,180,-0.0
62,51,181,-0.0
62,51,182,-0.0
62,51,183,-0.0
62,51,184,-0.0
62,51,185,-0.0
62,51,186,-0.0
62,51,187,-0.0
62,51,188,0.0
62,51,189,-0.0
62,51,190,-0.0
62,51,191,0.0
62,51,192,-0.0
62,51,193,-0.0
62,51,194,0.0
62,51,195,-0.0
62,51,196,-0.0
62,51,197,-0.0
62,51,198,-0.0
62,51,199,-0.0
62,51,200,-0.0
62,51,201,-0.0
62,51,202,-0.0
62,51,203,-0.0
62,51,204,-0.0
62,51,205,-0.0
62,51,206,-0.0
62,51,207,-0.0
62,51,208,-0.0
62,51,209,0.0
62,51,210,-0.0
62,51,211,-0.0
62,51,212,-0.0
62,51,213,-0.0
62,51,214,-0.0
62,51,215,-0.0
62,51,216,-0.0
62,51,217,-0.0
62,51,218,-0.0
62,51,219,-0.0
62,51,220,-0.0
62,51,221,-0.0
62,51,222,-0.0
62,51,223,-0.0
62,51,224,-0.0
62,51,225,-0.0
62,51,226,0.0
62,51,227,-0.0
62,51,228,0.0
62,51,229,-0.0
62,51,230,-0.0
62,51,231,-0.0
62,51,232,-0.0
62,51,233,-0.0
62,51,234,0.0
62,51,235,-0.0
62,51,236,-0.0
62,51,237,-0.0
62,51,238,-0.0
62,51,239,-0.0
62,51,240,-0.0
62,51,241,-0.0
62,51,242,-0.0
62,51,243,-0.0
62,51,244,-0.0
62,51,245,-0.0
62,51,246,0.0
62,51,247,-0.0
62,51,248,0.0
62,51,249,-0.0
62,51,250,-0.0
62,51,251,-0.0
62,51,252,-0.0
62,51,253,-0.0
62,51,254,-0.0
62,51,255,-0.0
62,51,256,-0.0
62,51,257,-0.0
62,51,258,0.0
62,51,259,-0.0
62,51,260,-0.0
62,51,261,-0.0
62,51,262,-0.0
62,51,263,-0.0
62,51,264,-0.0
62,51,265,-0.0
62,51,266,-0.0
62,51,267,-0.0
62,51,268,-0.0
62,51,269,-0.0
62,51,270,-0.0
62,51,271,-0.0
62,51,272,-0.0
62,51,273,-0.0
62,51,274,-0.0
62,51,275,-0.0
62,51,276,-0.0
62,51,277,-0.0
62,51,278,-0.0
62,51,279,0.0
62,51,280,0.0
62,51,281,-0.0
62,51,282,-0.0
62,51,283,-0.0
62,51,284,-0.0
62,51,285,-0.0
62,51,286,-0.0
62,51,287,0.0
62,51,288,-0.0
62,51,289,-0.0
62,51,290,-0.0
62,51,291,0.0
62,51,292,0.0
62,51,293,0.0
62,51,294,-0.0
62,51,295,-0.0
62,51,296,-0.0
62,51,297,-0.0
62,51,298,-0.0
62,51,299,-0.0
62,51,300,0.0
62,51,301,0.0
62,51,302,-0.0
62,51,303,-0.0
62,51,304,-0.0
62,51,305,-0.0
62,51,306,-0.0
62,51,307,-0.0
62,51,308,-0.0
62,51,309,-0.0
62,51,310,-0.0
62,51,311,-0.0
62,51,312,-0.0
62,51,313,-0.0
62,51,314,-0.0
62,51,315,-0.0
62,51,316,-0.0
62,51,317,-0.0
62,51,318,-0.0
62,51,319,-0.0
62,51,320,0.0
62,51,321,0.0
62,51,322,-0.0
62,51,323,-0.0
62,51,324,-0.0
62,51,325,0.0
62,51,326,-0.0
62,51,327,-0.0
62,51,328,-0.0
62,51,329,-0.0
62,51,330,-0.0
62,51,331,-0.0
62,51,332,-0.0
62,51,333,-0.0
62,51,334,-0.0
62,51,335,-0.0
62,51,336,-0.0
62,51,337,-0.0
62,51,338,-0.0
62,51,339,-0.0
62,51,340,-0.0
62,51,341,-0.0
62,51,342,-0.0
62,51,343,-0.0
62,51,344,0.0
62,51,345,-0.0
62,51,346,0.0
62,51,347,-0.0
62,51,348,0.0
62,51,349,-0.0
62,51,350,0.0
62,51,351,0.0
62,51,352,-0.0
62,51,353,-0.0
62,51,354,-0.0
62,51,355,0.0
62,51,356,-0.0
62,51,357,-0.0
62,51,358,-0.0
62,51,359,-0.0
62,51,360,-0.0
91,87,0,0.0
91,87,1,0.0
91,87,2,0.0
91,87,3,-0.0
91,87,4,-0.0
91,87,5,0.0
91,87,6,4.0
91,87,7,-0.0
91,87,8,0.0
91,87,9,-0.0
91,87,10,0.0
91,87,11,-0.0
91,87,12,6.0
91,87,13,-0.0
91,87,14,6.0
91,87,15,6.0
91,87,16,6.0
91,87,17,-0.0
91,87,18,0.0
91,87,19,-0.0
91,87,20,6.0
91,87,21,-0.0
91,87,22,-0.0
91,87,23,-0.0
91,87,24,-0.0
91,87,25,-0.0
91,87,26,6.0
91,87,27,-0.0
91,87,28,5.0
91,87,29,-0.0
91,87,30,4.0
91,87,31,6.0
91,87,32,-0.0
91,87,33,-0.0
91,87,34,0.0
91,87,35,-0.0
91,87,36,0.0
91,87,37,0.0
91,87,38,5.0
91,87,39,4.0
91,87,40,-0.0
91,87,41,2.0
91,87,42,6.0
91,87,43,0.0
91,87,44,4.0
91,87,45,0.0
91,87,46,6.0
91,87,47,0.0
91,87,48,0.0
91,87,49,4.0
91,87,50,6.0
91,87,51,0.0
91,87,52,0.0
91,87,53,-0.0
91,87,54,-0.0
91,87,55,-0.0
91,87,56,-0.0
91,87,57,-0.0
91,87,58,4.0
91,87,59,-0.0
91,87,60,1.0
91,87,61,-0.0
91,87,62,-0.0
91,87,63,5.0
91,87,64,0.0
91,87,65,0.0
91,87,66,-0.0
91,87,67,4.0
91,87,68,-0.0
91,87,69,-0.0
91,87,70,0.0
91,87,71,-0.0
91,87,72,6.0
91,87,73,6.0
91,87,74,1.0
91,87,75,-0.0
91,87,76,-0.0
91,87,77,0.0
91,87,78,-0.0
91,87,79,6.0
91,87,80,-0.0
91,87,81,6.0
91,87,82,6.0
91,87,83,0.0
91,87,84,6.0
91,87,85,0.0
91,87,86,-0.0
91,87,87,-0.0
91,87,88,-0.0
91,87,89,0.0
91,87,90,-0.0
91,87,91,6.0
91,87,92,6.0
91,87,93,0.0
91,87,94,-0.0
91,87,95,5.0
91,87,96,0.0
91,87,97,6.0
91,87,98,-0.0
91,87,99,-0.0
91,87,100,0.0
91,87,101,2.0
91,87,102,0.0
91,87,103,5.0
91,87,104,0.0
91,87,105,4.0
91,87,106,0.0
91,87,107,-0.0
91,87,108,-0.0
91,87,109,-0.0
91,87,110,-0.0
91,87,111,-0.0
91,87,112,0.0
91,87,113,0.0
91,87,114,-0.0
91,87,115,0.0
91,87,116,-0.0
91,87,117,0.0
91,87,118,0.0
91,87,119,0.0
91,87,120,-0.0
91,87,121,4.0
91,87,122,6.0
91,87,123,4.0
91,87,124,-0.0
91,87,125,5.0
91,87,126,0.0
91,87,127,4.0
91,87,128,-0.0
91,87,129,-0.0
91,87,130,0.0
91,87,131,-0.0
91,87,132,-0.0
91,87,133,-0.0
91,87,134,0.0
91,87,135,0.0
91,87,136,-0.0
91,87,137,0.0
91,87,138,-0.0
91,87,139,-0.0
91,87,140,4.0
91,87,141,6.0
91,87,142,5.0
91,87,143,-0.0
91,87,144,6.0
91,87,145,-0.0
91,87,146,5.0
91,87,147,6.0
91,87,148,4.0
91,87,149,-0.0
91,87,150,5.0
91,87,151,6.0
91,87,152,0.0
91,87,153,0.0
91,87,154,5.0
91,87,155,6.0
91,87,156,0.0
91,87,157,-0.0
91,87,158,-0.0
91,87,159,-0.0
91,87,160,-0.0
91,87,161,-0.0
91,87,162,0.0
91,87,163,6.0
91,87,164,6.0
91,87,165,-0.0
91,87,166,1.0
91,87,167,0.0
91,87,168,-0.0
91,87,169,6.0
91,87,170,0.0
91,87,171,6.0
91,87,172,-0.0
91,87,173,-0.0
91,87,174,-0.0
91,87,175,0.0
91,87,176,0.0
91,87,177,-0.0
91,87,178,-0.0
91,87,179,-0.0
91,87,180,6.0
91,87,181,6.0
91,87,182,5.0
91,87,183,6.0
91,87,184,0.0
91,87,185,-0.0
91,87,186,-0.0
91,87,187,-0.0
91,87,188,0.0
91,87,189,-0.0
91,87,190,-0.0
91,87,191,0.0
91,87,192,6.0
91,87,193,-0.0
91,87,194,4.0
91,87,195,0.0
91,87,196,4.0
91,87,197,6.0
91,87,198,0.0
91,87,199,0.0
91,87,200,-0.0
91,87,201,0.0
91,87,202,0.0
91,87,203,2.0
91,87,204,6.0
91,87,205,-0.0
91,87,206,0.0
91,87,207,4.0
91,87,208,-0.0
91,87,209,-0.0
91,87,210,6.0
91,87,211,0.0
91,87,212,-0.0
91,87,213,0.0
91,87,214,0.0
91,87,215,0.0
91,87,216,0.0
91,87,217,4.0
91,87,218,-0.0
91,87,219,6.0
91,87,220,0.0
91,87,221,-0.0
91,87,222,-0.0
91,87,223,2.0
91,87,224,-0.0
91,87,225,-0.0
91,87,226,5.0
91,87,227,-0.0
91,87,228,0.0
91,87,229,6.0
91,87,230,0.0
91,87,231,-0.0
91,87,232,0.0
91,87,233,-0.0
91,87,234,-0.0
91,87,235,0.0
91,87,236,0.0
91,87,237,0.0
91,87,238,0.0
91,87,239,0.0
91,87,240,5.0
91,87,241,0.0
91,87,242,2.0
91,87,243,0.0
91,87,244,5.0
91,87,245,6.0
91,87,246,6.0
91,87,247,0.0
91,87,248,0.0
91,87,249,0.0
91,87,250,6.0
91,87,251,1.0
91,87,252,0.0
91,87,253,0.0
91,87,254,0.0
91,87,255,0.0
91,87,256,6.0
91,87,257,-0.0
91,87,258,4.0
91,87,259,-0.0
91,87,260,6.0
91,87,261,-0.0
91,87,262,-0.0
91,87,263,0.0
91,87,264,0.0
91,87,265,-0.0
91,87,266,6.0
91,87,267,5.0
91,87,268,0.0
91,87,269,6.0
91,87,270,0.0
91,87,271,-0.0
91,87,272,0.0
91,87,273,0.0
91,87,274,-0.0
91,87,275,5.0
91,87,276,0.0
91,87,277,4.0
91,87,278,-0.0
91,87,279,-0.0
91,87,280,6.0
91,87,281,0.0
91,87,282,0.0
91,87,283,6.0
91,87,284,-0.0
91,87,285,-0.0
91,87,286,-0.0
91,87,287,-0.0
91,87,288,4.0
91,87,289,0.0
91,87,290,-0.0
91,87,291,-0.0
91,87,292,4.0
91,87,293,-0.0
91,87,294,-0.0
91,87,295,6.0
91,87,296,-0.0
91,87,297,-0.0
91,87,298,0.0
91,87,299,0.0
91,87,300,-0.0
91,87,301,6.0
91,87,302,-0.0
91,87,303,5.0
91,87,304,0.0
91,87,305,4.0
91,87,306,-0.0
91,87,307,4.0
91,87,308,-0.0
91,87,309,-0.0
91,87,310,0.0
91,87,311,0.0
91,87,312,0.0
91,87,313,0.0
91,87,314,6.0
91,87,315,-0.0
91,87,316,0.0
91,87,317,0.0
91,87,318,-0.0
91,87,319,5.0
91,87,320,6.0
91,87,321,-0.0
91,87,322,-0.0
91,87,323,-0.0
91,87,324,0.0
91,87,325,0.0
91,87,326,0.0
91,87,327,0.0
91,87,328,-0.0
91,87,329,-0.0
91,87,330,0.0
91,87,331,0.0
91,87,332,0.0
91,87,333,6.0
91,87,334,-0.0
91,87,335,0.0
91,87,336,5.0
91,87,337,-0.0
91,87,338,4.0
91,87,339,-0.0
91,87,340,-0.0
91,87,341,-0.0
91,87,342,6.0
91,87,343,0.0
91,87,344,4.0
91,87,345,-0.0
91,87,346,0.0
91,87,347,5.0
91,87,348,-0.0
91,87,349,4.0
91,87,350,6.0
91,87,351,0.0
91,87,352,0.0
91,87,353,6.0
91,87,354,0.0
91,87,355,6.0
91,87,356,6.0
91,87,357,4.0
91,87,358,0.0
91,87,359,0.0
91,87,360,-0.0
11,12,0,0.0
11,12,1,0.0
11,12,2,0.0
11,12,3,0.0
11,12,4,0.0
11,12,5,0.0
11,12,6,0.0
11,12,7,0.0
11,12,8,5.0
11,12,9,0.0
11,12,10,0.0
11,12,11,0.0
11,12,12,-0.0
11,12,13,5.0
11,12,14,0.0
11,12,15,0.0
11,12,16,5.0
11,12,17,-0.0
11,12,18,-0.0
11,12,19,5.0
11,12,20,0.0
11,12,21,0.0
11,12,22,5.0
11,12,23,5.0
11,12,24,0.0
11,12,25,0.0
11,12,26,0.0
11,12,27,0.0
11,12,28,5.0
11,12,29,5.0
11,12,30,5.0
11,12,31,5.0
11,12,32,5.0
11,12,33,0.0
11,12,34,0.0
11,12,35,5.0
11,12,36,0.0
11,12,37,5.0
11,12,38,0.0
11,12,39,5.0
11,12,40,5.0
11,12,41,5.0
11,12,42,0.0
11,12,43,0.0
11,12,44,5.0
11,12,45,5.0
11,12,46,0.0
11,12,47,0.0
11,12,48,0.0
11,12,49,0.0
11,12,50,5.0
11,12,51,0.0
11,12,52,0.0
11,12,53,0.0
11,12,54,0.0
11,12,55,5.0
11,12,56,5.0
11,12,57,5.0
11,12,58,5.0
11,12,59,-0.0
11,12,60,0.0
11,12,61,0.0
11,12,62,0.0
11,12,63,-0.0
11,12,64,0.0
11,12,65,0.0
11,12,66,5.0
11,12,67,-0.0
11,12,68,0.0
11,12,69,-0.0
11,12,70,0.0
11,12,71,-0.0
11,12,72,0.0
11,12,73,5.0
11,12,74,0.0
11,12,75,0.0
11,12,76,0.0
11,12,77,0.0
11,12,78,0.0
11,12,79,0.0
11,12,80,0.0
11,12,81,0.0
11,12,82,0.0
11,12,83,5.0
11,12,84,5.0
11,12,85,4.0
11,12,86,0.0
11,12,87,5.0
11,12,88,5.0
11,12,89,5.0
11,12,90,5.0
11,12,91,5.0
11,12,92,0.0
11,12,93,0.0
11,12,94,0.0
11,12,95,0.0
11,12,96,5.0
11,12,97,5.0
11,12,98,5.0
11,12,99,-0.0
11,12,100,0.0
11,12,101,0.0
11,12,102,0.0
11,12,103,0.0
11,12,104,0.0
11,12,105,0.0
11,12,106,-0.0
11,12,107,4.0
11,12,108,5.0
11,12,109,0.0
11,12,110,0.0
11,12,111,5.0
11,12,112,0.0
11,12,113,0.0
11,12,114,5.0
11,12,115,0.0
11,12,116,0.0
11,12,117,5.0
11,12,118,5.0
11,12,119,0.0
11,12,120,5.0
11,12,121,1.0
11,12,122,5.0
11,12,123,0.0
11,12,124,5.0
11,12,125,0.0
11,12,126,0.0
11,12,127,5.0
11,12,128,0.0
11,12,129,0.0
11,12,130,0.0
11,12,131,0.0
11,12,132,0.0
11,12,133,0.0
11,12,134,5.0
11,12,135,-0.0
11,12,136,0.0
11,12,137,0.0
11,12,138,-0.0
11,12,139,0.0
11,12,140,0.0
11,12,141,0.0
11,12,142,0.0
11,12,143,0.0
11,12,144,0.0
11,12,145,0.0
11,12,146,0.0
11,12,147,0.0
11,12,148,0.0
11,12,149,0.0
11,12,150,0.0
11,12,151,0.0
11,12,152,-0.0
11,12,153,5.0
11,12,154,5.0
11,12,155,0.0
11,12,156,0.0
11,12,157,5.0
11,12,158,0.0
11,12,159,0.0
11,12,160,0.0
11,12,161,0.0
11,12,162,0.0
11,12,163,0.0
11,12,164,0.0
11,12,165,0.0
11,12,166,5.0
11,12,167,1.0
11,12,168,0.0
11,12,169,-0.0
11,12,170,0.0
11,12,171,0.0
11,12,172,0.0
11,12,173,0.0
11,12,174,0.0
11,12,175,0.0
11,12,176,0.0
11,12,177,0.0
11,12,178,0.0
11,12,179,0.0
11,12,180,-0.0
11,12,181,0.0
11,12,182,0.0
11,12,183,-0.0
11,12,184,0.0
11,12,185,0.0
11,12,186,0.0
11,12,187,5.0
11,12,188,-0.0
11,12,189,5.0
11,12,190,0.0
11,12,191,0.0
11,12,192,5.0
11,12,193,5.0
11,12,194,0.0
11,12,195,0.0
11,12,196,0.0
11,12,197,0.0
11,12,198,0.0
11,12,199,5.0
11,12,200,0.0
11,12,201,0.0
11,12,202,0.0
11,12,203,0.0
11,12,204,0.0
11,12,205,5.0
11,12,206,5.0
11,12,207,5.0
11,12,208,0.0
11,12,209,0.0
11,12,210,-0.0
11,12,211,0.0
11,12,212,5.0
11,12,213,0.0
11,12,214,5.0
11,12,215,5.0
11,12,216,0.0
11,12,217,0.0
11,12,218,0.0
11,12,219,-0.0
11,12,220,5.0
11,12,221,5.0
11,12,222,0.0
11,12,223,0.0
11,12,224,0.0
11,12,225,0.0
11,12,226,0.0
11,12,227,0.0
11,12,228,0.0
11,12,229,0.0
11,12,230,0.0
11,12,231,0.0
11,12,232,5.0
11,12,233,-0.0
11,12,234,0.0
11,12,235,0.0
11,12,236,0.0
11,12,237,0.0
11,12,238,0.0
11,12,239,-0.0
11,12,240,0.0
11,12,241,-0.0
11,12,242,0.0
11,12,243,0.0
11,12,244,5.0
11,12,245,5.0
11,12,246,-0.0
11,12,247,0.0
11,12,248,0.0
11,12,249,-0.0
11,12,250,5.0
11,12,251,0.0
11,12,252,-0.0
11,12,253,0.0
11,12,254,0.0
11,12,255,0.0
11,12,256,0.0
11,12,257,0.0
11,12,258,0.0
11,12,259,0.0
11,12,260,0.0
11,12,261,0.0
11,12,262,5.0
11,12,263,0.0
11,12,264,-0.0
11,12,265,5.0
11,12,266,5.0
11,12,267,0.0
11,12,268,0.0
11,12,269,5.0
11,12,270,5.0
11,12,271,5.0
11,12,272,5.0
11,12,273,0.0
11,12,274,0.0
11,12,275,5.0
11,12,276,5.0
11,12,277,0.0
11,12,278,5.0
11,12,279,0.0
11,12,280,0.0
11,12,281,0.0
11,12,282,0.0
11,12,283,5.0
11,12,284,0.0
11,12,285,0.0
11,12,286,0.0
11,12,287,0.0
11,12,288,0.0
11,12,289,0.0
11,12,290,0.0
11,12,291,5.0
11,12,292,0.0
11,12,293,0.0
11,12,294,0.0
11,12,295,0.0
11,12,296,-0.0
11,12,297,0.0
11,12,298,0.0
11,12,299,-0.0
11,12,300,0.0
11,12,301,0.0
11,12,302,5.0
11,12,303,5.0
11,12,304,-0.0
11,12,305,5.0
11,12,306,5.0
11,12,307,-0.0
11,12,308,0.0
11,12,309,5.0
11,12,310,0.0
11,12,311,0.0
11,12,312,0.0
11,12,313,5.0
11,12,314,0.0
11,12,315,5.0
11,12,316,0.0
11,12,317,0.0
11,12,318,0.0
11,12,319,5.0
11,12,320,5.0
11,12,321,5.0
11,12,322,0.0
11,12,323,5.0
11,12,324,1.0
11,12,325,0.0
11,12,326,5.0
11,12,327,-0.0
11,12,328,-0.0
11,12,329,-0.0
11,12,330,5.0
11,12,331,5.0
11,12,332,2.0
11,12,333,-0.0
11,12,334,0.0
11,12,335,0.0
11,12,336,0.0
11,12,337,-0.0
11,12,338,0.0
11,12,339,-0.0
11,12,340,0.0
11,12,341,0.0
11,12,342,5.0
11,12,343,0.0
11,12,344,5.0
11,12,345,0.0
11,12,346,5.0
11,12,347,5.0
11,12,348,5.0
11,12,349,5.0
11,12,350,0.0
11,12,351,5.0
11,12,352,5.0
11,12,353,-0.0
11,12,354,5.0
11,12,355,2.0
11,12,356,5.0
11,12,357,5.0
11,12,358,5.0
11,12,359,-0.0
11,12,360,-0.0
102,87,0,0.0
102,87,1,0.0
102,87,2,6.0
102,87,3,0.0
102,87,4,-0.0
102,87,5,-0.0
102,87,6,-0.0
102,87,7,-0.0
102,87,8,6.0
102,87,9,-0.0
102,87,10,-0.0
102,87,11,6.0
102,87,12,0.0
102,87,13,6.0
102,87,14,0.0
102,87,15,-0.0
102,87,16,-0.0
102,87,17,-0.0
102,87,18,-0.0
102,87,19,0.0
102,87,20,-0.0
102,87,21,0.0
102,87,22,-0.0
102,87,23,-0.0
102,87,24,6.0
102,87,25,5.0
102,87,26,-0.0
102,87,27,-0.0
102,87,28,-0.0
102,87,29,0.0
102,87,30,-0.0
102,87,31,-0.0
102,87,32,0.0
102,87,33,-0.0
102,87,34,-0.0
102,87,35,0.0
102,87,36,0.0
102,87,37,0.0
102,87,38,1.0
102,87,39,0.0
102,87,40,1.0
102,87,41,-0.0
102,87,42,-0.0
102,87,43,-0.0
102,87,44,-0.0
102,87,45,-0.0
102,87,46,-0.0
102,87,47,-0.0
102,87,48,-0.0
102,87,49,0.0
102,87,50,0.0
102,87,51,-0.0
102,87,52,6.0
102,87,53,0.0
102,87,54,6.0
102,87,55,0.0
102,87,56,-0.0
102,87,57,0.0
102,87,58,-0.0
102,87,59,-0.0
102,87,60,-0.0
102,87,61,4.0
102,87,62,-0.0
102,87,63,-0.0
102,87,64,-0.0
102,87,65,-0.0
102,87,66,0.0
102,87,67,-0.0
102,87,68,0.0
102,87,69,-0.0
102,87,70,-0.0
102,87,71,0.0
102,87,72,-0.0
102,87,73,-0.0
102,87,74,3.0
102,87,75,0.0
102,87,76,0.0
102,87,77,-0.0
102,87,78,-0.0
102,87,79,0.0
102,87,80,0.0
102,87,81,-0.0
102,87,82,-0.0
102,87,83,6.0
102,87,84,-0.0
102,87,85,-0.0
102,87,86,6.0
102,87,87,0.0
102,87,88,-0.0
102,87,89,-0.0
102,87,90,5.0
102,87,91,0.0
102,87,92,0.0
102,87,93,-0.0
102,87,94,0.0
102,87,95,-0.0
102,87,96,0.0
102,87,97,-0.0
102,87,98,-0.0
102,87,99,-0.0
102,87,100,6.0
102,87,101,-0.0
102,87,102,6.0
102,87,103,-0.0
102,87,104,-0.0
102,87,105,-0.0
102,87,106,-0.0
102,87,107,5.0
102,87,108,-0.0
102,87,109,6.0
102,87,110,0.0
102,87,111,6.0
102,87,112,6.0
102,87,113,-0.0
102,87,114,6.0
102,87,115,-0.0
102,87,116,0.0
102,87,117,5.0
102,87,118,-0.0
102,87,119,4.0
102,87,120,1.0
102,87,121,0.0
102,87,122,0.0
102,87,123,-0.0
102,87,124,0.0
102,87,125,-0.0
102,87,126,-0.0
102,87,127,-0.0
102,87,128,1.0
102,87,129,-0.0
102,87,130,0.0
102,87,131,-0.0
102,87,132,6.0
102,87,133,0.0
102,87,134,-0.0
102,87,135,-0.0
102,87,136,5.0
102,87,137,-0.0
102,87,138,6.0
102,87,139,0.0
102,87,140,0.0
102,87,141,0.0
102,87,142,-0.0
102,87,143,-0.0
102,87,144,-0.0
102,87,145,0.0
102,87,146,-0.0
102,87,147,-0.0
102,87,148,0.0
102,87,149,-0.0
102,87,150,-0.0
102,87,151,-0.0
102,87,152,6.0
102,87,153,-0.0
102,87,154,-0.0
102,87,155,-0.0
102,87,156,-0.0
102,87,157,5.0
102,87,158,0.0
102,87,159,-0.0
102,87,160,5.0
102,87,161,-0.0
102,87,162,-0.0
102,87,163,-0.0
102,87,164,-0.0
102,87,165,-0.0
102,87,166,-0.0
102,87,167,-0.0
102,87,168,0.0
102,87,169,0.0
102,87,170,-0.0
102,87,171,-0.0
102,87,172,4.0
102,87,173,6.0
102,87,174,5.0
102,87,175,-0.0
102,87,176,0.0
102,87,177,5.0
102,87,178,6.0
102,87,179,-0.0
102,87,180,0.0
102,87,181,-0.0
102,87,182,-0.0
102,87,183,-0.0
102,87,184,0.0
102,87,185,6.0
102,87,186,6.0
102,87,187,0.0
102,87,188,0.0
102,87,189,0.0
102,87,190,0.0
102,87,191,6.0
102,87,192,-0.0
102,87,193,6.0
102,87,194,0.0
102,87,195,-0.0
102,87,196,0.0
102,87,197,0.0
102,87,198,-0.0
102,87,199,-0.0
102,87,200,0.0
102,87,201,-0.0
102,87,202,0.0
102,87,203,0.0
102,87,204,0.0
102,87,205,-0.0
102,87,206,0.0
102,87,207,-0.0
102,87,208,0.0
102,87,209,-0.0
102,87,210,-0.0
102,87,211,-0.0
102,87,212,6.0
102,87,213,-0.0
102,87,214,-0.0
102,87,215,-0.0
102,87,216,-0.0
102,87,217,0.0
102,87,218,-0.0
102,87,219,-0.0
102,87,220,-0.0
102,87,221,0.0
102,87,222,-0.0
102,87,223,0.0
102,87,224,5.0
102,87,225,0.0
102,87,226,-0.0
102,87,227,-0.0
102,87,228,0.0
102,87,229,-0.0
102,87,230,-0.0
102,87,231,-0.0
102,87,232,-0.0
102,87,233,5.0
102,87,234,-0.0
102,87,235,-0.0
102,87,236,0.0
102,87,237,5.0
102,87,238,-0.0
102,87,239,0.0
102,87,240,-0.0
102,87,241,-0.0
102,87,242,-0.0
102,87,243,-0.0
102,87,244,-0.0
102,87,245,-0.0
102,87,246,0.0
102,87,247,6.0
102,87,248,-0.0
102,87,249,6.0
102,87,250,-0.0
102,87,251,5.0
102,87,252,-0.0
102,87,253,-0.0
102,87,254,-0.0
102,87,255,6.0
102,87,256,0.0
102,87,257,-0.0
102,87,258,-0.0
102,87,259,-0.0
102,87,260,-0.0
102,87,261,0.0
102,87,262,5.0
102,87,263,-0.0
102,87,264,6.0
102,87,265,4.0
102,87,266,-0.0
102,87,267,-0.0
102,87,268,-0.0
102,87,269,-0.0
102,87,270,-0.0
102,87,271,5.0
102,87,272,0.0
102,87,273,5.0
102,87,274,-0.0
102,87,275,-0.0
102,87,276,6.0
102,87,277,-0.0
102,87,278,0.0
102,87,279,6.0
102,87,280,0.0
102,87,281,-0.0
102,87,282,6.0
102,87,283,-0.0
102,87,284,5.0
102,87,285,0.0
102,87,286,-0.0
102,87,287,-0.0
102,87,288,1.0
102,87,289,-0.0
102,87,290,6.0
102,87,291,6.0
102,87,292,0.0
102,87,293,6.0
102,87,294,5.0
102,87,295,-0.0
102,87,296,-0.0
102,87,297,5.0
102,87,298,-0.0
102,87,299,6.0
102,87,300,6.0
102,87,301,-0.0
102,87,302,-0.0
102,87,303,-0.0
102,87,304,-0.0
102,87,305,-0.0
102,87,306,0.0
102,87,307,-0.0
102,87,308,-0.0
102,87,309,6.0
102,87,310,6.0
102,87,311,6.0
102,87,312,6.0
102,87,313,0.0
102,87,314,-0.0
102,87,315,0.0
102,87,316,-0.0
102,87,317,-0.0
102,87,318,-0.0
102,87,319,-0.0
102,87,320,-0.0
102,87,321,0.0
102,87,322,6.0
102,87,323,-0.0
102,87,324,6.0
102,87,325,-0.0
102,87,326,5.0
102,87,327,-0.0
102,87,328,5.0
102,87,329,-0.0
102,87,330,6.0
102,87,331,-0.0
102,87,332,-0.0
102,87,333,-0.0
102,87,334,6.0
102,87,335,6.0
102,87,336,0.0
102,87,337,-0.0
102,87,338,0.0
102,87,339,-0.0
102,87,340,5.0
102,87,341,6.0
102,87,342,-0.0
102,87,343,-0.0
102,87,344,-0.0
102,87,345,0.0
102,87,346,6.0
102,87,347,-0.0
102,87,348,0.0
102,87,349,-0.0
102,87,350,-0.0
102,87,351,-0.0
102,87,352,-0.0
102,87,353,-0.0
102,87,354,-0.0
102,87,355,0.0
102,87,356,0.0
102,87,357,0.0
102,87,358,-0.0
102,87,359,-0.0
102,87,360,-0.0
95,48,0,0.0
95,48,1,0.0
95,48,2,3.0
95,48,3,-0.0
95,48,4,0.0
95,48,5,-0.0
95,48,6,-0.0
95,48,7,-0.0
95,48,8,-0.0
95,48,9,-0.0
95,48,10,-0.0
95,48,11,0.0
95,48,12,0.0
95,48,13,-0.0
95,48,14,-0.0
95,48,15,0.0
95,48,16,0.0
95,48,17,-0.0
95,48,18,-0.0
95,48,19,0.0
95,48,20,-0.0
95,48,21,0.0
95,48,22,0.0
95,48,23,-0.0
95,48,24,-0.0
95,48,25,-0.0
95,48,26,-0.0
95,48,27,0.0
95,48,28,-0.0
95,48,29,-0.0
95,48,30,2.0
95,48,31,0.0
95,48,32,-0.0
95,48,33,2.0
95,48,34,0.0
95,48,35,-0.0
95,48,36,-0.0
95,48,37,0.0
95,48,38,0.0
95,48,39,-0.0
95,48,40,-0.0
95,48,41,-0.0
95,48,42,0.0
95,48,43,2.0
95,48,44,-0.0
95,48,45,-0.0
95,48,46,-0.0
95,48,47,0.0
95,48,48,-0.0
95,48,49,0.0
95,48,50,-0.0
95,48,51,-0.0
95,48,52,-0.0
95,48,53,0.0
95,48,54,-0.0
95,48,55,-0.0
95,48,56,-0.0
95,48,57,0.0
95,48,58,-0.0
95,48,59,-0.0
95,48,60,0.0
95,48,61,0.0
95,48,62,0.0
95,48,63,0.0
95,48,64,0.0
95,48,65,0.0
95,48,66,-0.0
95,48,67,0.0
95,48,68,-0.0
95,48,69,-0.0
95,48,70,-0.0
95,48,71,3.0
95,48,72,0.0
95,48,73,-0.0
95,48,74,-0.0
95,48,75,-0.0
95,48,76,-0.0
95,48,77,-0.0
95,48,78,-0.0
95,48,79,0.0
95,48,80,0.0
95,48,81,0.0
95,48,82,-0.0
95,48,83,1.0
95,48,84,-0.0
95,48,85,0.0
95,48,86,0.0
95,48,87,0.0
95,48,88,0.0
95,48,89,0.0
95,48,90,-0.0
95,48,91,-0.0
95,48,92,-0.0
95,48,93,0.0
95,48,94,0.0
95,48,95,-0.0
95,48,96,0.0
95,48,97,0.0
95,48,98,-0.0
95,48,99,0.0
95,48,100,1.0
95,48,101,-0.0
95,48,102,0.0
95,48,103,-0.0
95,48,104,-0.0
95,48,105,1.0
95,48,106,0.0
95,48,107,0.0
95,48,108,0.0
95,48,109,-0.0
95,48,110,0.0
95,48,111,-0.0
95,48,112,0.0
95,48,113,0.0
95,48,114,0.0
95,48,115,2.0
95,48,116,0.0
95,48,117,0.0
95,48,118,0.0
95,48,119,0.0
95,48,120,1.0
95,48,121,-0.0
95,48,122,0.0
95,48,123,0.0
95,48,124,0.0
95,48,125,-0.0
95,48,126,0.0
95,48,127,-0.0
95,48,128,0.0
95,48,129,-0.0
95,48,130,1.0
95,48,131,0.0
95,48,132,-0.0
95,48,133,-0.0
95,48,134,-0.0
95,48,135,-0.0
95,48,136,-0.0
95,48,137,0.0
95,48,138,0.0
95,48,139,-0.0
95,48,140,-0.0
95,48,141,0.0
95,48,142,-0.0
95,48,143,0.0
95,48,144,-0.0
95,48,145,0.0
95,48,146,0.0
95,48,147,-0.0
95,48,148,2.0
95,48,149,-0.0
95,48,150,-0.0
95,48,151,0.0
95,48,152,0.0
95,48,153,0.0
95,48,154,-0.0
95,48,155,0.0
95,48,156,-0.0
95,48,157,0.0
95,48,158,0.0
95,48,159,0.0
95,48,160,0.0
95,48,161,0.0
95,48,162,-0.0
95,48,163,0.0
95,48,164,-0.0
95,48,165,1.0
95,48,166,-0.0
95,48,167,0.0
95,48,168,3.0
95,48,169,0.0
95,48,170,0.0
95,48,171,0.0
95,48,172,0.0
95,48,173,0.0
95,48,174,0.0
95,48,175,0.0
95,48,176,3.0
95,48,177,2.0
95,48,178,1.0
95,48,179,0.0
95,48,180,0.0
95,48,181,0.0
95,48,182,0.0
95,48,183,-0.0
95,48,184,-0.0
95,48,185,0.0
95,48,186,-0.0
95,48,187,-0.0
95,48,188,0.0
95,48,189,0.0
95,48,190,-0.0
95,48,191,-0.0
95,48,192,0.0
95,48,193,0.0
95,48,194,0.0
95,48,195,1.0
95,48,196,3.0
95,48,197,0.0
95,48,198,0.0
95,48,199,0.0
95,48,200,-0.0
95,48,201,0.0
95,48,202,0.0
95,48,203,-0.0
95,48,204,0.0
95,48,205,0.0
95,48,206,0.0
95,48,207,-0.0
95,48,208,0.0
95,48,209,3.0
95,48,210,0.0
95,48,211,0.0
95,48,212,-0.0
95,48,213,0.0
95,48,214,-0.0
95,48,215,0.0
95,48,216,-0.0
95,48,217,0.0
95,48,218,0.0
95,48,219,0.0
95,48,220,0.0
95,48,221,-0.0
95,48,222,-0.0
95,48,223,0.0
95,48,224,0.0
95,48,225,0.0
95,48,226,0.0
95,48,227,0.0
95,48,228,-0.0
95,48,229,0.0
95,48,230,0.0
95,48,231,0.0
95,48,232,0.0
95,48,233,0.0
95,48,234,0.0
95,48,235,-0.0
95,48,236,0.0
95,48,237,0.0
95,48,238,0.0
95,48,239,-0.0
95,48,240,-0.0
95,48,241,0.0
95,48,242,0.0
95,48,243,0.0
95,48,244,0.0
95,48,245,-0.0
95,48,246,-0.0
95,48,247,0.0
95,48,248,1.0
95,48,249,0.0
95,48,250,3.0
95,48,251,0.0
95,48,252,0.0
95,48,253,-0.0
95,48,254,0.0
95,48,255,0.0
95,48,256,-0.0
95,48,257,0.0
95,48,258,-0.0
95,48,259,0.0
95,48,260,-0.0
95,48,261,-0.0
95,48,262,-0.0
95,48,263,0.0
95,48,264,-0.0
95,48,265,-0.0
95,48,266,-0.0
95,48,267,0.0
95,48,268,-0.0
95,48,269,0.0
95,48,270,-0.0
95,48,271,0.0
95,48,272,0.0
95,48,273,0.0
95,48,274,0.0
95,48,275,-0.0
95,48,276,-0.0
95,48,277,-0.0
95,48,278,3.0
95,48,279,0.0
95,48,280,0.0
95,48,281,0.0
95,48,282,0.0
95,48,283,0.0
95,48,284,0.0
95,48,285,0.0
95,48,286,0.0
95,48,287,0.0
95,48,288,0.0
95,48,289,0.0
95,48,290,0.0
95,48,291,-0.0
95,48,292,0.0
95,48,293,0.0
95,48,294,0.0
95,48,295,0.0
95,48,296,0.0
95,48,297,-0.0
95,48,298,0.0
95,48,299,0.0
95,48,300,2.0
95,48,301,-0.0
95,48,302,-0.0
95,48,303,-0.0
95,48,304,0.0
95,48,305,-0.0
95,48,306,0.0
95,48,307,0.0
95,48,308,2.0
95,48,309,0.0
95,48,310,-0.0
95,48,311,-0.0
95,48,312,-0.0
95,48,313,0.0
95,48,314,-0.0
95,48,315,0.0
95,48,316,0.0
95,48,317,-0.0
95,48,318,0.0
95,48,319,0.0
95,48,320,0.0
95,48,321,-0.0
95,48,322,0.0
95,48,323,0.0
95,48,324,0.0
95,48,325,-0.0
95,48,326,-0.0
95,48,327,0.0
95,48,328,-0.0
95,48,329,2.0
95,48,330,0.0
95,48,331,2.0
95,48,332,0.0
95,48,333,0.0
95,48,334,0.0
95,48,335,0.0
95,48,336,0.0
95,48,337,-0.0
95,48,338,-0.0
95,48,339,-0.0
95,48,340,0.0
95,48,341,-0.0
95,48,342,0.0
95,48,343,2.0
95,48,344,-0.0
95,48,345,0.0
95,48,346,-0.0
95,48,347,0.0
95,48,348,2.0
95,48,349,0.0
95,48,350,-0.0
95,48,351,2.0
95,48,352,-0.0
95,48,353,0.0
95,48,354,0.0
95,48,355,2.0
95,48,356,2.0
95,48,357,0.0
95,48,358,-0.0
95,48,359,-0.0
95,48,360,-0.0
34,35,0,0.0
34,35,1,0.0
34,35,2,0.0
34,35,3,5.0
34,35,4,0.0
34,35,5,6.0
34,35,6,3.0
34,35,7,0.0
34,35,8,0.0
34,35,9,5.0
34,35,10,0.0
34,35,11,5.0
34,35,12,5.0
34,35,13,0.0
34,35,14,5.0
34,35,15,3.0
34,35,16,0.0
34,35,17,5.0
34,35,18,5.0
34,35,19,0.0
34,35,20,0.0
34,35,21,0.0
34,35,22,1.0
34,35,23,0.0
34,35,24,0.0
34,35,25,6.0
34,35,26,0.0
34,35,27,0.0
34,35,28,3.0
34,35,29,5.0
34,35,30,0.0
34,35,31,1.0
34,35,32,0.0
34,35,33,0.0
34,35,34,0.0
34,35,35,5.0
34,35,36,0.0
34,35,37,6.0
34,35,38,0.0
34,35,39,5.0
34,35,40,6.0
34,35,41,0.0
34,35,42,0.0
34,35,43,0.0
34,35,44,3.0
34,35,45,0.0
34,35,46,5.0
34,35,47,0.0
34,35,48,0.0
34,35,49,0.0
34,35,50,0.0
34,35,51,0.0
34,35,52,0.0
34,35,53,0.0
34,35,54,0.0
34,35,55,5.0
34,35,56,0.0
34,35,57,0.0
34,35,58,5.0
34,35,59,0.0
34,35,60,0.0
34,35,61,0.0
34,35,62,0.0
34,35,63,5.0
34,35,64,0.0
34,35,65,0.0
34,35,66,0.0
34,35,67,-0.0
34,35,68,3.0
34,35,69,0.0
34,35,70,0.0
34,35,71,0.0
34,35,72,0.0
34,35,73,0.0
34,35,74,0.0
34,35,75,0.0
34,35,76,0.0
34,35,77,3.0
34,35,78,3.0
34,35,79,0.0
34,35,80,0.0
34,35,81,0.0
34,35,82,0.0
34,35,83,0.0
34,35,84,0.0
34,35,85,0.0
34,35,86,0.0
34,35,87,0.0
34,35,88,0.0
34,35,89,1.0
34,35,90,0.0
34,35,91,3.0
34,35,92,3.0
34,35,93,0.0
34,35,94,0.0
34,35,95,0.0
34,35,96,0.0
34,35,97,0.0
34,35,98,0.0
34,35,99,0.0
34,35,100,0.0
34,35,101,0.0
34,35,102,0.0
34,35,103,3.0
34,35,104,0.0
34,35,105,0.0
34,35,106,0.0
34,35,107,0.0
34,35,108,1.0
34,35,109,0.0
34,35,110,0.0
34,35,111,0.0
34,35,112,0.0
34,35,113,0.0
34,35,114,0.0
34,35,115,0.0
34,35,116,0.0
34,35,117,0.0
34,35,118,0.0
34,35,119,0.0
34,35,120,3.0
34,35,121,0.0
34,35,122,0.0
34,35,123,0.0
34,35,124,5.0
34,35,125,0.0
34,35,126,0.0
34,35,127,6.0
34,35,128,0.0
34,35,129,0.0
34,35,130,0.0
34,35,131,0.0
34,35,132,0.0
34,35,133,0.0
34,35,134,0.0
34,35,135,3.0
34,35,136,0.0
34,35,137,0.0
34,35,138,0.0
34,35,139,3.0
34,35,140,0.0
34,35,141,5.0
34,35,142,0.0
34,35,143,0.0
34,35,144,3.0
34,35,145,0.0
34,35,146,0.0
34,35,147,3.0
34,35,148,0.0
34,35,149,0.0
34,35,150,0.0
34,35,151,0.0
34,35,152,0.0
34,35,153,3.0
34,35,154,0.0
34,35,155,1.0
34,35,156,6.0
34,35,157,6.0
34,35,158,0.0
34,35,159,0.0
34,35,160,0.0
34,35,161,0.0
34,35,162,1.0
34,35,163,0.0
34,35,164,0.0
34,35,165,0.0
34,35,166,0.0
34,35,167,0.0
34,35,168,0.0
34,35,169,0.0
34,35,170,0.0
34,35,171,0.0
34,35,172,0.0
34,35,173,0.0
34,35,174,0.0
34,35,175,3.0
34,35,176,3.0
34,35,177,0.0
34,35,178,0.0
34,35,179,0.0
34,35,180,5.0
34,35,181,0.0
34,35,182,0.0
34,35,183,0.0
34,35,184,0.0
34,35,185,4.0
34,35,186,0.0
34,35,187,5.0
34,35,188,0.0
34,35,189,0.0
34,35,190,0.0
34,35,191,0.0
34,35,192,0.0
34,35,193,0.0
34,35,194,0.0
34,35,195,0.0
34,35,196,0.0
34,35,197,0.0
34,35,198,0.0
34,35,199,0.0
34,35,200,0.0
34,35,201,3.0
34,35,202,3.0
34,35,203,0.0
34,35,204,0.0
34,35,205,0.0
34,35,206,0.0
34,35,207,0.0
34,35,208,3.0
34,35,209,0.0
34,35,210,5.0
34,35,211,0.0
34,35,212,0.0
34,35,213,3.0
34,35,214,0.0
34,35,215,0.0
34,35,216,3.0
34,35,217,0.0
34,35,218,0.0
34,35,219,0.0
34,35,220,3.0
34,35,221,0.0
34,35,222,0.0
34,35,223,0.0
34,35,224,0.0
34,35,225,0.0
34,35,226,0.0
34,35,227,0.0
34,35,228,3.0
34,35,229,0.0
34,35,230,0.0
34,35,231,5.0
34,35,232,0.0
34,35,233,3.0
34,35,234,0.0
34,35,235,0.0
34,35,236,0.0
34,35,237,3.0
34,35,238,0.0
34,35,239,0.0
34,35,240,3.0
34,35,241,3.0
34,35,242,1.0
34,35,243,0.0
34,35,244,0.0
34,35,245,3.0
34,35,246,0.0
34,35,247,0.0
34,35,248,0.0
34,35,249,5.0
34,35,250,0.0
34,35,251,6.0
34,35,252,0.0
34,35,253,0.0
34,35,254,0.0
34,35,255,3.0
34,35,256,0.0
34,35,257,0.0
34,35,258,5.0
34,35,259,3.0
34,35,260,0.0
34,35,261,0.0
34,35,262,0.0
34,35,263,0.0
34,35,264,0.0
34,35,265,3.0
34,35,266,3.0
34,35,267,0.0
34,35,268,0.0
34,35,269,0.0
34,35,270,0.0
34,35,271,0.0
34,35,272,0.0
34,35,273,0.0
34,35,274,0.0
34,35,275,0.0
34,35,276,0.0
34,35,277,0.0
34,35,278,0.0
34,35,279,0.0
34,35,280,0.0
34,35,281,0.0
34,35,282,0.0
34,35,283,6.0
34,35,284,3.0
34,35,285,0.0
34,35,286,0.0
34,35,287,0.0
34,35,288,0.0
34,35,289,0.0
34,35,290,0.0
34,35,291,0.0
34,35,292,3.0
34,35,293,0.0
34,35,294,0.0
34,35,295,0.0
34,35,296,3.0
34,35,297,0.0
34,35,298,0.0
34,35,299,0.0
34,35,300,0.0
34,35,301,0.0
34,35,302,0.0
34,35,303,0.0
34,35,304,0.0
34,35,305,0.0
34,35,306,0.0
34,35,307,0.0
34,35,308,0.0
34,35,309,0.0
34,35,310,0.0
34,35,311,0.0
34,35,312,0.0
34,35,313,0.0
34,35,314,3.0
34,35,315,0.0
34,35,316,0.0
34,35,317,3.0
34,35,318,0.0
34,35,319,0.0
34,35,320,0.0
34,35,321,0.0
34,35,322,0.0
34,35,323,0.0
34,35,324,0.0
34,35,325,0.0
34,35,326,0.0
34,35,327,3.0
34,35,328,0.0
34,35,329,0.0
34,35,330,0.0
34,35,331,0.0
34,35,332,0.0
34,35,333,5.0
34,35,334,0.0
34,35,335,3.0
34,35,336,0.0
34,35,337,0.0
34,35,338,0.0
34,35,339,0.0
34,35,340,0.0
34,35,341,0.0
34,35,342,0.0
34,35,343,1.0
34,35,344,5.0
34,35,345,0.0
34,35,346,0.0
34,35,347,0.0
34,35,348,0.0
34,35,349,0.0
34,35,350,-0.0
34,35,351,0.0
34,35,352,0.0
34,35,353,0.0
34,35,354,0.0
34,35,355,5.0
34,35,356,1.0
34,35,357,4.0
34,35,358,0.0
34,35,359,0.0
34,35,360,-0.0
47,96,0,0.0
47,96,1,0.0
47,96,2,0.0
47,96,3,-0.0
47,96,4,0.0
47,96,5,-0.0
47,96,6,-0.0
47,96,7,-0.0
47,96,8,-0.0
47,96,9,-0.0
47,96,10,-0.0
47,96,11,0.0
47,96,12,0.0
47,96,13,-0.0
47,96,14,-0.0
47,96,15,-0.0
47,96,16,-0.0
47,96,17,-0.0
47,96,18,0.0
47,96,19,-0.0
47,96,20,0.0
47,96,21,0.0
47,96,22,-0.0
47,96,23,-0.0
47,96,24,-0.0
47,96,25,-0.0
47,96,26,-0.0
47,96,27,0.0
47,96,28,-0.0
47,96,29,-0.0
47,96,30,-0.0
47,96,31,-0.0
47,96,32,-0.0
47,96,33,-0.0
47,96,34,-0.0
47,96,35,-0.0
47,96,36,-0.0
47,96,37,-0.0
47,96,38,-0.0
47,96,39,-0.0
47,96,40,-0.0
47,96,41,-0.0
47,96,42,-0.0
47,96,43,-0.0
47,96,44,-0.0
47,96,45,-0.0
47,96,46,-0.0
47,96,47,-0.0
47,96,48,-0.0
47,96,49,0.0
47,96,50,-0.0
47,96,51,0.0
47,96,52,-0.0
47,96,53,0.0
47,96,54,-0.0
47,96,55,0.0
47,96,56,-0.0
47,96,57,-0.0
47,96,58,-0.0
47,96,59,-0.0
47,96,60,-0.0
47,96,61,-0.0
47,96,62,0.0
47,96,63,-0.0
47,96,64,-0.0
47,96,65,-0.0
47,96,66,-0.0
47,96,67,-0.0
47,96,68,-0.0
47,96,69,-0.0
47,96,70,-0.0
47,96,71,-0.0
47,96,72,-0.0
47,96,73,0.0
47,96,74,-0.0
47,96,75,-0.0
47,96,76,-0.0
47,96,77,-0.0
47,96,78,-0.0
47,96,79,-0.0
47,96,80,-0.0
47,96,81,-0.0
47,96,82,-0.0
47,96,83,-0.0
47,96,84,-0.0
47,96,85,-0.0
47,96,86,-0.0
47,96,87,-0.0
47,96,88,-0.0
47,96,89,-0.0
47,96,90,-0.0
47,96,91,-0.0
47,96,92,-0.0
47,96,93,-0.0
47,96,94,-0.0
47,96,95,-0.0
47,96,96,-0.0
47,96,97,-0.0
47,96,98,-0.0
47,96,99,-0.0
47,96,100,-0.0
47,96,101,-0.0
47,96,102,-0.0
47,96,103,0.0
47,96,104,-0.0
47,96,105,-0.0
47,96,106,-0.0
47,96,107,-0.0
47,96,108,-0.0
47,96,109,-0.0
47,96,110,-0.0
47,96,111,-0.0
47,96,112,-0.0
47,96,113,-0.0
47,96,114,-0.0
47,96,115,0.0
47,96,116,-0.0
47,96,117,-0.0
47,96,118,0.0
47,96,119,-0.0
47,96,120,-0.0
47,96,121,-0.0
47,96,122,-0.0
47,96,123,-0.0
47,96,124,-0.0
47,96,125,-0.0
47,96,126,-0.0
47,96,127,-0.0
47,96,128,-0.0
47,96,129,-0.0
47,96,130,-0.0
47,96,131,-0.0
47,96,132,-0.0
47,96,133,-0.0
47,96,134,-0.0
47,96,135,-0.0
47,96,136,-0.0
47,96,137,-0.0
47,96,138,-0.0
47,96,139,-0.0
47,96,140,-0.0
47,96,141,-0.0
47,96,142,-0.0
47,96,143,-0.0
47,96,144,-0.0
47,96,145,0.0
47,96,146,-0.0
47,96,147,-0.0
47,96,148,-0.0
47,96,149,-0.0
47,96,150,-0.0
47,96,151,-0.0
47,96,152,-0.0
47,96,153,-0.0
47,96,154,-0.0
47,96,155,-0.0
47,96,156,-0.0
47,96,157,-0.0
47,96,158,-0.0
47,96,159,-0.0
47,96,160,-0.0
47,96,161,-0.0
47,96,162,-0.0
47,96,163,-0.0
47,96,164,-0.0
47,96,165,-0.0
47,96,166,-0.0
47,96,167,-0.0
47,96,168,-0.0
47,96,169,0.0
47,96,170,-0.0
47,96,171,-0.0
47,96,172,-0.0
47,96,173,-0.0
47,96,174,-0.0
47,96,175,-0.0
47,96,176,-0.0
47,96,177,-0.0
47,96,178,-0.0
47,96,179,-0.0
47,96,180,-0.0
47,96,181,-0.0
47,96,182,-0.0
47,96,183,-0.0
47,96,184,-0.0
47,96,185,-0.0
47,96,186,-0.0
47,96,187,-0.0
47,96,188,-0.0
47,96,189,-0.0
47,96,190,-0.0
47,96,191,-0.0
47,96,192,-0.0
47,96,193,-0.0
47,96,194,-0.0
47,96,195,-0.0
47,96,196,-0.0
47,96,197,-0.0
47,96,198,-0.0
47,96,199,0.0
47,96,200,-0.0
47,96,201,-0.0
47,96,202,-0.0
47,96,203,-0.0
47,96,204,-0.0
47,96,205,-0.0
47,96,206,-0.0
47,96,207,0.0
47,96,208,-0.0
47,96,209,-0.0
47,96,210,-0.0
47,96,211,-0.0
47,96,212,-0.0
47,96,213,-0.0
47,96,214,-0.0
47,96,215,-0.0
47,96,216,-0.0
47,96,217,-0.0
47,96,218,-0.0
47,96,219,-0.0
47,96,220,-0.0
47,96,221,-0.0
47,96,222,-0.0
47,96,223,-0.0
47,96,224,-0.0
47,96,225,0.0
47,96,226,0.0
47,96,227,-0.0
47,96,228,-0.0
47,96,229,0.0
47,96,230,-0.0
47,96,231,-0.0
47,96,232,-0.0
47,96,233,-0.0
47,96,234,-0.0
47,96,235,-0.0
47,96,236,-0.0
47,96,237,-0.0
47,96,238,-0.0
47,96,239,-0.0
47,96,240,-0.0
47,96,241,-0.0
47,96,242,-0.0
47,96,243,-0.0
47,96,244,-0.0
47,96,245,-0.0
47,96,246,-0.0
47,96,247,-0.0
47,96,248,-0.0
47,96,249,-0.0
47,96,250,-0.0
47,96,251,-0.0
47,96,252,-0.0
47,96,253,-0.0
47,96,254,-0.0
47,96,255,-0.0
47,96,256,-0.0
47,96,257,-0.0
47,96,258,-0.0
47,96,259,-0.0
47,96,260,-0.0
47,96,261,-0.0
47,96,262,-0.0
47,96,263,-0.0
47,96,264,-0.0
47,96,265,-0.0
47,96,266,-0.0
47,96,267,-0.0
47,96,268,0.0
47,96,269,-0.0
47,96,270,-0.0
47,96,271,-0.0
47,96,272,-0.0
47,96,273,-0.0
47,96,274,-0.0
47,96,275,-0.0
47,96,276,-0.0
47,96,277,-0.0
47,96,278,-0.0
47,96,279,-0.0
47,96,280,-0.0
47,96,281,0.0
47,96,282,-0.0
47,96,283,-0.0
47,96,284,-0.0
47,96,285,-0.0
47,96,286,-0.0
47,96,287,-0.0
47,96,288,-0.0
47,96,289,-0.0
47,96,290,-0.0
47,96,291,-0.0
47,96,292,-0.0
47,96,293,-0.0
47,96,294,-0.0
47,96,295,-0.0
47,96,296,-0.0
47,96,297,-0.0
47,96,298,-0.0
47,96,299,-0.0
47,96,300,-0.0
47,96,301,-0.0
47,96,302,-0.0
47,96,303,-0.0
47,96,304,-0.0
47,96,305,-0.0
47,96,306,-0.0
47,96,307,-0.0
47,96,308,-0.0
47,96,309,0.0
47,96,310,-0.0
47,96,311,-0.0
47,96,312,-0.0
47,96,313,-0.0
47,96,314,-0.0
47,96,315,-0.0
47,96,316,-0.0
47,96,317,-0.0
47,96,318,0.0
47,96,319,-0.0
47,96,320,-0.0
47,96,321,-0.0
47,96,322,-0.0
47,96,323,-0.0
47,96,324,-0.0
47,96,325,-0.0
47,96,326,-0.0
47,96,327,-0.0
47,96,328,0.0
47,96,329,-0.0
47,96,330,-0.0
47,96,331,-0.0
47,96,332,-0.0
47,96,333,-0.0
47,96,334,-0.0
47,96,335,-0.0
47,96,336,-0.0
47,96,337,-0.0
47,96,338,-0.0
47,96,339,-0.0
47,96,340,0.0
47,96,341,-0.0
47,96,342,-0.0
47,96,343,-0.0
47,96,344,-0.0
47,96,345,0.0
47,96,346,-0.0
47,96,347,-0.0
47,96,348,-0.0
47,96,349,-0.0
47,96,350,-0.0
47,96,351,-0.0
47,96,352,-0.0
47,96,353,-0.0
47,96,354,-0.0
47,96,355,-0.0
47,96,356,0.0
47,96,357,-0.0
47,96,358,-0.0
47,96,359,-0.0
47,96,360,-0.0
111,108,0,0.0
111,108,1,0.0
111,108,2,0.0
111,108,3,0.0
111,108,4,0.0
111,108,5,0.0
111,108,6,0.0
111,108,7,0.0
111,108,8,0.0
111,108,9,0.0
111,108,10,0.0
111,108,11,0.0
111,108,12,0.0
111,108,13,0.0
111,108,14,0.0
111,108,15,-0.0
111,108,16,0.0
111,108,17,0.0
111,108,18,0.0
111,108,19,0.0
111,108,20,0.0
111,108,21,0.0
111,108,22,0.0
111,108,23,0.0
111,108,24,0.0
111,108,25,0.0
111,108,26,0.0
111,108,27,0.0
111,108,28,0.0
111,108,29,0.0
111,108,30,0.0
111,108,31,0.0
111,108,32,0.0
111,108,33,-0.0
111,108,34,0.0
111,108,35,0.0
111,108,36,0.0
111,108,37,0.0
111,108,38,0.0
111,108,39,0.0
111,108,40,0.0
111,108,41,0.0
111,108,42,0.0
111,108,43,0.0
111,108,44,0.0
111,108,45,0.0
111,108,46,0.0
111,108,47,0.0
111,108,48,0.0
111,108,49,0.0
111,108,50,0.0
111,108,51,0.0
111,108,52,0.0
111,108,53,0.0
111,108,54,0.0
111,108,55,0.0
111,108,56,0.0
111,108,57,0.0
111,108,58,0.0
111,108,59,0.0
111,108,60,0.0
111,108,61,0.0
111,108,62,0.0
111,108,63,0.0
111,108,64,0.0
111,108,65,0.0
111,108,66,0.0
111,108,67,0.0
111,108,68,0.0
111,108,69,0.0
111,108,70,0.0
111,108,71,0.0
111,108,72,0.0
111,108,73,0.0
111,108,74,0.0
111,108,75,0.0
111,108,76,0.0
111,108,77,0.0
111,108,78,0.0
111,108,79,0.0
111,108,80,0.0
111,108,81,0.0
111,108,82,0.0
111,108,83,0.0
111,108,84,0.0
111,108,85,0.0
111,108,86,0.0
111,108,87,0.0
111,108,88,0.0
111,108,89,0.0
111,108,90,0.0
111,108,91,0.0
111,108,92,0.0
111,108,93,0.0
111,108,94,0.0
111,108,95,0.0
111,108,96,0.0
111,108,97,0.0
111,108,98,0.0
111,108,99,0.0
111,108,100,0.0
111,108,101,0.0
111,108,102,0.0
111,108,103,0.0
111,108,104,0.0
111,108,105,0.0
111,108,106,0.0
111,108,107,0.0
111,108,108,0.0
111,108,109,0.0
111,108,110,0.0
111,108,111,0.0
111,108,112,0.0
111,108,113,0.0
111,108,114,0.0
111,108,115,0.0
111,108,116,0.0
111,108,117,0.0
111,108,118,0.0
111,108,119,0.0
111,108,120,0.0
111,108,121,0.0
111,108,122,0.0
111,108,123,0.0
111,108,124,0.0
111,108,125,0.0
111,108,126,0.0
111,108,127,0.0
111,108,128,0.0
111,108,129,0.0
111,108,130,0.0
111,108,131,0.0
111,108,132,0.0
111,108,133,0.0
111,108,134,0.0
111,108,135,0.0
111,108,136,0.0
111,108,137,0.0
111,108,138,0.0
111,108,139,0.0
111,108,140,0.0
111,108,141,0.0
111,108,142,0.0
111,108,143,0.0
111,108,144,0.0
111,108,145,0.0
111,108,146,0.0
111,108,147,0.0
111,108,148,0.0
111,108,149,0.0
111,108,150,0.0
111,108,151,0.0
111,108,152,0.0
111,108,153,0.0
111,108,154,0.0
111,108,155,0.0
111,108,156,0.0
111,108,157,0.0
111,108,158,0.0
111,108,159,0.0
111,108,160,0.0
111,108,161,0.0
111,108,162,0.0
111,108,163,0.0
111,108,164,0.0
111,108,165,0.0
111,108,166,0.0
111,108,167,0.0
111,108,168,0.0
111,108,169,0.0
111,108,170,0.0
111,108,171,0.0
111,108,172,0.0
111,108,173,0.0
111,108,174,0.0
111,108,175,0.0
111,108,176,0.0
111,108,177,0.0
111,108,178,0.0
111,108,179,0.0
111,108,180,0.0
111,108,181,-0.0
111,108,182,-0.0
111,108,183,0.0
111,108,184,0.0
111,108,185,0.0
111,108,186,0.0
111,108,187,0.0
111,108,188,0.0
111,108,189,0.0
111,108,190,0.0
111,108,191,0.0
111,108,192,0.0
111,108,193,0.0
111,108,194,0.0
111,108,195,0.0
111,108,196,0.0
111,108,197,0.0
111,108,198,0.0
111,108,199,-0.0
111,108,200,0.0
111,108,201,-0.0
111,108,202,0.0
111,108,203,0.0
111,108,204,0.0
111,108,205,-0.0
111,108,206,0.0
111,108,207,-0.0
111,108,208,0.0
111,108,209,0.0
111,108,210,0.0
111,108,211,-0.0
111,108,212,-0.0
111,108,213,0.0
111,108,214,-0.0
111,108,215,-0.0
111,108,216,0.0
111,108,217,0.0
111,108,218,0.0
111,108,219,0.0
111,108,220,-0.0
111,108,221,-0.0
111,108,222,-0.0
111,108,223,-0.0
111,108,224,-0.0
111,108,225,-0.0
111,108,226,0.0
111,108,227,-0.0
111,108,228,0.0
111,108,229,-0.0
111,108,230,0.0
111,108,231,0.0
111,108,232,0.0
111,108,233,0.0
111,108,234,0.0
111,108,235,0.0
111,108,236,0.0
111,108,237,0.0
111,108,238,0.0
111,108,239,0.0
111,108,240,0.0
111,108,241,0.0
111,108,242,0.0
111,108,243,0.0
111,108,244,0.0
111,108,245,0.0
111,108,246,0.0
111,108,247,0.0
111,108,248,0.0
111,108,249,0.0
111,108,250,0.0
111,108,251,0.0
111,108,252,0.0
111,108,253,0.0
111,108,254,0.0
111,108,255,0.0
111,108,256,0.0
111,108,257,0.0
111,108,258,0.0
111,108,259,0.0
111,108,260,0.0
111,108,261,-0.0
111,108,262,0.0
111,108,263,0.0
111,108,264,0.0
111,108,265,0.0
111,108,266,0.0
111,108,267,0.0
111,108,268,0.0
111,108,269,0.0
111,108,270,0.0
111,108,271,0.0
111,108,272,0.0
111,108,273,0.0
111,108,274,0.0
111,108,275,0.0
111,108,276,0.0
111,108,277,0.0
111,108,278,0.0
111,108,279,0.0
111,108,280,0.0
111,108,281,-0.0
111,108,282,-0.0
111,108,283,0.0
111,108,284,0.0
111,108,285,0.0
111,108,286,0.0
111,108,287,0.0
111,108,288,0.0
111,108,289,0.0
111,108,290,0.0
111,108,291,0.0
111,108,292,0.0
111,108,293,0.0
111,108,294,0.0
111,108,295,0.0
111,108,296,0.0
111,108,297,-0.0
111,108,298,-0.0
111,108,299,0.0
111,108,300,0.0
111,108,301,0.0
111,108,302,0.0
111,108,303,0.0
111,108,304,0.0
111,108,305,0.0
111,108,306,0.0
111,108,307,0.0
111,108,308,0.0
111,108,309,0.0
111,108,310,0.0
111,108,311,0.0
111,108,312,0.0
111,108,313,0.0
111,108,314,0.0
111,108,315,0.0
111,108,316,-0.0
111,108,317,-0.0
111,108,318,0.0
111,108,319,0.0
111,108,320,-0.0
111,108,321,-0.0
111,108,322,0.0
111,108,323,0.0
111,108,324,0.0
111,108,325,0.0
111,108,326,-0.0
111,108,327,0.0
111,108,328,0.0
111,108,329,0.0
111,108,330,0.0
111,108,331,0.0
111,108,332,0.0
111,108,333,-0.0
111,108,334,0.0
111,108,335,0.0
111,108,336,0.0
111,108,337,0.0
111,108,338,0.0
111,108,339,0.0
111,108,340,-0.0
111,108,341,-0.0
111,108,342,0.0
111,108,343,0.0
111,108,344,0.0
111,108,345,0.0
111,108,346,0.0
111,108,347,0.0
111,108,348,0.0
111,108,349,0.0
111,108,350,0.0
111,108,351,0.0
111,108,352,0.0
111,108,353,0.0
111,108,354,0.0
111,108,355,0.0
111,108,356,0.0
111,108,357,-0.0
111,108,358,-0.0
111,108,359,-0.0
111,108,360,-0.0
13,15,0,0.0
13,15,1,0.0
13,15,2,0.0
13,15,3,0.0
13,15,4,-0.0
13,15,5,0.0
13,15,6,0.0
13,15,7,-0.0
13,15,8,0.0
13,15,9,-0.0
13,15,10,0.0
13,15,11,-0.0
13,15,12,0.0
13,15,13,-0.0
13,15,14,-0.0
13,15,15,-0.0
13,15,16,0.0
13,15,17,-0.0
13,15,18,0.0
13,15,19,-0.0
13,15,20,0.0
13,15,21,-0.0
13,15,22,-0.0
13,15,23,-0.0
13,15,24,0.0
13,15,25,-0.0
13,15,26,0.0
13,15,27,-0.0
13,15,28,-0.0
13,15,29,0.0
13,15,30,0.0
13,15,31,-0.0
13,15,32,0.0
13,15,33,-0.0
13,15,34,0.0
13,15,35,-0.0
13,15,36,-0.0
13,15,37,0.0
13,15,38,0.0
13,15,39,-0.0
13,15,40,0.0
13,15,41,-0.0
13,15,42,0.0
13,15,43,0.0
13,15,44,0.0
13,15,45,-0.0
13,15,46,-0.0
13,15,47,0.0
13,15,48,0.0
13,15,49,0.0
13,15,50,0.0
13,15,51,0.0
13,15,52,-0.0
13,15,53,0.0
13,15,54,0.0
13,15,55,0.0
13,15,56,0.0
13,15,57,-0.0
13,15,58,0.0
13,15,59,0.0
13,15,60,-0.0
13,15,61,0.0
13,15,62,0.0
13,15,63,0.0
13,15,64,0.0
13,15,65,0.0
13,15,66,-0.0
13,15,67,0.0
13,15,68,-0.0
13,15,69,0.0
13,15,70,0.0
13,15,71,0.0
13,15,72,0.0
13,15,73,0.0
13,15,74,0.0
13,15,75,0.0
13,15,76,0.0
13,15,77,0.0
13,15,78,0.0
13,15,79,0.0
13,15,80,0.0
13,15,81,0.0
13,15,82,0.0
13,15,83,0.0
13,15,84,0.0
13,15,85,0.0
13,15,86,0.0
13,15,87,0.0
13,15,88,0.0
13,15,89,0.0
13,15,90,0.0
13,15,91,-0.0
13,15,92,0.0
13,15,93,0.0
13,15,94,0.0
13,15,95,0.0
13,15,96,0.0
13,15,97,0.0
13,15,98,0.0
13,15,99,0.0
13,15,100,-0.0
13,15,101,0.0
13,15,102,0.0
13,15,103,0.0
13,15,104,0.0
13,15,105,0.0
13,15,106,0.0
13,15,107,0.0
13,15,108,0.0
13,15,109,0.0
13,15,110,0.0
13,15,111,0.0
13,15,112,0.0
13,15,113,0.0
13,15,114,0.0
13,15,115,0.0
13,15,116,0.0
13,15,117,0.0
13,15,118,-0.0
13,15,119,0.0
13,15,120,0.0
13,15,121,0.0
13,15,122,0.0
13,15,123,-0.0
13,15,124,-0.0
13,15,125,0.0
13,15,126,0.0
13,15,127,0.0
13,15,128,0.0
13,15,129,0.0
13,15,130,0.0
13,15,131,0.0
13,15,132,0.0
13,15,133,-0.0
13,15,134,0.0
13,15,135,0.0
13,15,136,0.0
13,15,137,0.0
13,15,138,0.0
13,15,139,0.0
13,15,140,0.0
13,15,141,0.0
13,15,142,0.0
13,15,143,0.0
13,15,144,-0.0
13,15,145,0.0
13,15,146,0.0
13,15,147,-0.0
13,15,148,0.0
13,15,149,0.0
13,15,150,0.0
13,15,151,0.0
13,15,152,0.0
13,15,153,0.0
13,15,154,0.0
13,15,155,0.0
13,15,156,0.0
13,15,157,0.0
13,15,158,0.0
13,15,159,0.0
13,15,160,0.0
13,15,161,0.0
13,15,162,0.0
13,15,163,0.0
13,15,164,0.0
13,15,165,0.0
13,15,166,0.0
13,15,167,0.0
13,15,168,0.0
13,15,169,0.0
13,15,170,0.0
13,15,171,0.0
13,15,172,0.0
13,15,173,0.0
13,15,174,0.0
13,15,175,0.0
13,15,176,0.0
13,15,177,0.0
13,15,178,0.0
13,15,179,0.0
13,15,180,0.0
13,15,181,0.0
13,15,182,0.0
13,15,183,0.0
13,15,184,0.0
13,15,185,0.0
13,15,186,0.0
13,15,187,0.0
13,15,188,0.0
13,15,189,0.0
13,15,190,0.0
13,15,191,0.0
13,15,192,0.0
13,15,193,0.0
13,15,194,0.0
13,15,195,-0.0
13,15,196,0.0
13,15,197,0.0
13,15,198,0.0
13,15,199,0.0
13,15,200,0.0
13,15,201,0.0
13,15,202,0.0
13,15,203,0.0
13,15,204,-0.0
13,15,205,0.0
13,15,206,0.0
13,15,207,0.0
13,15,208,0.0
13,15,209,0.0
13,15,210,0.0
13,15,211,0.0
13,15,212,0.0
13,15,213,0.0
13,15,214,0.0
13,15,215,0.0
13,15,216,0.0
13,15,217,0.0
13,15,218,0.0
13,15,219,0.0
13,15,220,0.0
13,15,221,0.0
13,15,222,0.0
13,15,223,0.0
13,15,224,0.0
13,15,225,-0.0
13,15,226,0.0
13,15,227,0.0
13,15,228,0.0
13,15,229,0.0
13,15,230,0.0
13,15,231,0.0
13,15,232,0.0
13,15,233,0.0
13,15,234,0.0
13,15,235,0.0
13,15,236,0.0
13,15,237,0.0
13,15,238,0.0
13,15,239,0.0
13,15,240,0.0
13,15,241,0.0
13,15,242,0.0
13,15,243,0.0
13,15,244,0.0
13,15,245,-0.0
13,15,246,0.0
13,15,247,0.0
13,15,248,0.0
13,15,249,-0.0
13,15,250,0.0
13,15,251,-0.0
13,15,252,0.0
13,15,253,-0.0
13,15,254,0.0
13,15,255,0.0
13,15,256,0.0
13,15,257,0.0
13,15,258,0.0
13,15,259,0.0
13,15,260,0.0
13,15,261,0.0
13,15,262,0.0
13,15,263,0.0
13,15,264,0.0
13,15,265,0.0
13,15,266,0.0
13,15,267,0.0
13,15,268,0.0
13,15,269,-0.0
13,15,270,0.0
13,15,271,0.0
13,15,272,0.0
13,15,273,0.0
13,15,274,0.0
13,15,275,0.0
13,15,276,0.0
13,15,277,0.0
13,15,278,0.0
13,15,279,0.0
13,15,280,0.0
13,15,281,0.0
13,15,282,0.0
13,15,283,0.0
13,15,284,0.0
13,15,285,0.0
13,15,286,0.0
13,15,287,0.0
13,15,288,0.0
13,15,289,0.0
13,15,290,0.0
13,15,291,0.0
13,15,292,-0.0
13,15,293,0.0
13,15,294,0.0
13,15,295,0.0
13,15,296,0.0
13,15,297,0.0
13,15,298,0.0
13,15,299,0.0
13,15,300,0.0
13,15,301,0.0
13,15,302,0.0
13,15,303,0.0
13,15,304,-0.0
13,15,305,0.0
13,15,306,0.0
13,15,307,0.0
13,15,308,0.0
13,15,309,0.0
13,15,310,0.0
13,15,311,0.0
13,15,312,0.0
13,15,313,0.0
13,15,314,0.0
13,15,315,-0.0
13,15,316,0.0
13,15,317,0.0
13,15,318,0.0
13,15,319,0.0
13,15,320,0.0
13,15,321,0.0
13,15,322,-0.0
13,15,323,0.0
13,15,324,0.0
13,15,325,0.0
13,15,326,0.0
13,15,327,0.0
13,15,328,0.0
13,15,329,0.0
13,15,330,0.0
13,15,331,0.0
13,15,332,0.0
13,15,333,0.0
13,15,334,0.0
13,15,335,0.0
13,15,336,-0.0
13,15,337,0.0
13,15,338,-0.0
13,15,339,0.0
13,15,340,0.0
13,15,341,0.0
13,15,342,0.0
13,15,343,0.0
13,15,344,0.0
13,15,345,0.0
13,15,346,0.0
13,15,347,0.0
13,15,348,0.0
13,15,349,0.0
13,15,350,0.0
13,15,351,0.0
13,15,352,0.0
13,15,353,0.0
13,15,354,0.0
13,15,355,0.0
13,15,356,0.0
13,15,357,-0.0
13,15,358,0.0
13,15,359,-0.0
13,15,360,-0.0
112,82,0,0.0
112,82,1,0.0
112,82,2,-0.0
112,82,3,-0.0
112,82,4,-0.0
112,82,5,-0.0
112,82,6,-0.0
112,82,7,-0.0
112,82,8,-0.0
112,82,9,0.0
112,82,10,0.0
112,82,11,-0.0
112,82,12,0.0
112,82,13,-0.0
112,82,14,-0.0
112,82,15,-0.0
112,82,16,-0.0
112,82,17,-0.0
112,82,18,0.0
112,82,19,0.0
112,82,20,-0.0
112,82,21,0.0
112,82,22,-0.0
112,82,23,0.0
112,82,24,-0.0
112,82,25,-0.0
112,82,26,-0.0
112,82,27,-0.0
112,82,28,-0.0
112,82,29,-0.0
112,82,30,-0.0
112,82,31,-0.0
112,82,32,-0.0
112,82,33,-0.0
112,82,34,-0.0
112,82,35,-0.0
112,82,36,-0.0
112,82,37,-0.0
112,82,38,-0.0
112,82,39,-0.0
112,82,40,-0.0
112,82,41,-0.0
112,82,42,-0.0
112,82,43,-0.0
112,82,44,-0.0
112,82,45,0.0
112,82,46,-0.0
112,82,47,-0.0
112,82,48,-0.0
112,82,49,-0.0
112,82,50,-0.0
112,82,51,-0.0
112,82,52,-0.0
112,82,53,0.0
112,82,54,-0.0
112,82,55,-0.0
112,82,56,-0.0
112,82,57,-0.0
112,82,58,-0.0
112,82,59,-0.0
112,82,60,-0.0
112,82,61,-0.0
112,82,62,0.0
112,82,63,-0.0
112,82,64,-0.0
112,82,65,-0.0
112,82,66,-0.0
112,82,67,-0.0
112,82,68,-0.0
112,82,69,-0.0
112,82,70,-0.0
112,82,71,-0.0
112,82,72,-0.0
112,82,73,-0.0
112,82,74,-0.0
112,82,75,-0.0
112,82,76,-0.0
112,82,77,-0.0
112,82,78,-0.0
112,82,79,0.0
112,82,80,0.0
112,82,81,0.0
112,82,82,0.0
112,82,83,0.0
112,82,84,0.0
112,82,85,0.0
112,82,86,-0.0
112,82,87,-0.0
112,82,88,0.0
112,82,89,-0.0
112,82,90,-0.0
112,82,91,-0.0
112,82,92,-0.0
112,82,93,-0.0
112,82,94,-0.0
112,82,95,0.0
112,82,96,0.0
112,82,97,-0.0
112,82,98,0.0
112,82,99,-0.0
112,82,100,0.0
112,82,101,-0.0
112,82,102,-0.0
112,82,103,-0.0
112,82,104,-0.0
112,82,105,-0.0
112,82,106,-0.0
112,82,107,0.0
112,82,108,-0.0
112,82,109,-0.0
112,82,110,-0.0
112,82,111,0.0
112,82,112,0.0
112,82,113,-0.0
112,82,114,-0.0
112,82,115,-0.0
112,82,116,-0.0
112,82,117,0.0
112,82,118,-0.0
112,82,119,-0.0
112,82,120,-0.0
112,82,121,-0.0
112,82,122,-0.0
112,82,123,-0.0
112,82,124,0.0
112,82,125,0.0
112,82,126,-0.0
112,82,127,-0.0
112,82,128,0.0
112,82,129,0.0
112,82,130,-0.0
112,82,131,-0.0
112,82,132,-0.0
112,82,133,-0.0
112,82,134,-0.0
112,82,135,-0.0
112,82,136,-0.0
112,82,137,-0.0
112,82,138,-0.0
112,82,139,-0.0
112,82,140,-0.0
112,82,141,0.0
112,82,142,0.0
112,82,143,-0.0
112,82,144,0.0
112,82,145,-0.0
112,82,146,0.0
112,82,147,0.0
112,82,148,0.0
112,82,149,-0.0
112,82,150,-0.0
112,82,151,0.0
112,82,152,-0.0
112,82,153,-0.0
112,82,154,-0.0
112,82,155,0.0
112,82,156,-0.0
112,82,157,-0.0
112,82,158,0.0
112,82,159,-0.0
112,82,160,-0.0
112,82,161,-0.0
112,82,162,-0.0
112,82,163,-0.0
112,82,164,-0.0
112,82,165,-0.0
112,82,166,-0.0
112,82,167,-0.0
112,82,168,-0.0
112,82,169,-0.0
112,82,170,-0.0
112,82,171,-0.0
112,82,172,-0.0
112,82,173,0.0
112,82,174,-0.0
112,82,175,0.0
112,82,176,0.0
112,82,177,0.0
112,82,178,0.0
112,82,179,-0.0
112,82,180,0.0
112,82,181,-0.0
112,82,182,0.0
112,82,183,0.0
112,82,184,-0.0
112,82,185,-0.0
112,82,186,-0.0
112,82,187,-0.0
112,82,188,-0.0
112,82,189,-0.0
112,82,190,-0.0
112,82,191,-0.0
112,82,192,-0.0
112,82,193,-0.0
112,82,194,-0.0
112,82,195,-0.0
112,82,196,-0.0
112,82,197,-0.0
112,82,198,-0.0
112,82,199,-0.0
112,82,200,-0.0
112,82,201,-0.0
112,82,202,-0.0
112,82,203,-0.0
112,82,204,-0.0
112,82,205,-0.0
112,82,206,0.0
112,82,207,-0.0
112,82,208,-0.0
112,82,209,-0.0
112,82,210,-0.0
112,82,211,-0.0
112,82,212,-0.0
112,82,213,-0.0
112,82,214,-0.0
112,82,215,-0.0
112,82,216,-0.0
112,82,217,-0.0
112,82,218,-0.0
112,82,219,-0.0
112,82,220,-0.0
112,82,221,-0.0
112,82,222,-0.0
112,82,223,-0.0
112,82,224,-0.0
112,82,225,0.0
112,82,226,-0.0
112,82,227,-0.0
112,82,228,-0.0
112,82,229,-0.0
112,82,230,-0.0
112,82,231,-0.0
112,82,232,-0.0
112,82,233,-0.0
112,82,234,-0.0
112,82,235,-0.0
112,82,236,-0.0
112,82,237,-0.0
112,82,238,0.0
112,82,239,-0.0
112,82,240,-0.0
112,82,241,-0.0
112,82,242,-0.0
112,82,243,-0.0
112,82,244,-0.0
112,82,245,-0.0
112,82,246,-0.0
112,82,247,-0.0
112,82,248,-0.0
112,82,249,-0.0
112,82,250,-0.0
112,82,251,-0.0
112,82,252,-0.0
112,82,253,-0.0
112,82,254,-0.0
112,82,255,-0.0
112,82,256,-0.0
112,82,257,-0.0
112,82,258,-0.0
112,82,259,-0.0
112,82,260,-0.0
112,82,261,-0.0
112,82,262,-0.0
112,82,263,-0.0
112,82,264,-0.0
112,82,265,-0.0
112,82,266,-0.0
112,82,267,-0.0
112,82,268,-0.0
112,82,269,-0.0
112,82,270,0.0
112,82,271,-0.0
112,82,272,-0.0
112,82,273,-0.0
112,82,274,-0.0
112,82,275,-0.0
112,82,276,-0.0
112,82,277,-0.0
112,82,278,-0.0
112,82,279,-0.0
112,82,280,-0.0
112,82,281,0.0
112,82,282,-0.0
112,82,283,-0.0
112,82,284,-0.0
112,82,285,-0.0
112,82,286,-0.0
112,82,287,-0.0
112,82,288,-0.0
112,82,289,-0.0
112,82,290,-0.0
112,82,291,-0.0
112,82,292,-0.0
112,82,293,-0.0
112,82,294,-0.0
112,82,295,-0.0
112,82,296,-0.0
112,82,297,-0.0
112,82,298,-0.0
112,82,299,-0.0
112,82,300,-0.0
112,82,301,-0.0
112,82,302,-0.0
112,82,303,-0.0
112,82,304,-0.0
112,82,305,-0.0
112,82,306,-0.0
112,82,307,0.0
112,82,308,-0.0
112,82,309,-0.0
112,82,310,-0.0
112,82,311,-0.0
112,82,312,-0.0
112,82,313,-0.0
112,82,314,-0.0
112,82,315,-0.0
112,82,316,-0.0
112,82,317,-0.0
112,82,318,-0.0
112,82,319,-0.0
112,82,320,-0.0
112,82,321,-0.0
112,82,322,-0.0
112,82,323,-0.0
112,82,324,-0.0
112,82,325,-0.0
112,82,326,-0.0
112,82,327,-0.0
112,82,328,-0.0
112,82,329,-0.0
112,82,330,-0.0
112,82,331,-0.0
112,82,332,-0.0
112,82,333,-0.0
112,82,334,-0.0
112,82,335,-0.0
112,82,336,-0.0
112,82,337,-0.0
112,82,338,0.0
112,82,339,0.0
112,82,340,0.0
112,82,341,0.0
112,82,342,-0.0
112,82,343,-0.0
112,82,344,-0.0
112,82,345,-0.0
112,82,346,-0.0
112,82,347,-0.0
112,82,348,-0.0
112,82,349,-0.0
112,82,350,-0.0
112,82,351,-0.0
112,82,352,-0.0
112,82,353,-0.0
112,82,354,-0.0
112,82,355,-0.0
112,82,356,0.0
112,82,357,-0.0
112,82,358,0.0
112,82,359,-0.0
112,82,360,-0.0
7,8,0,0.0
7,8,1,0.0
7,8,2,0.0
7,8,3,0.0
7,8,4,0.0
7,8,5,5.0
7,8,6,0.0
7,8,7,0.0
7,8,8,0.0
7,8,9,0.0
7,8,10,5.0
7,8,11,0.0
7,8,12,0.0
7,8,13,5.0
7,8,14,0.0
7,8,15,-0.0
7,8,16,5.0
7,8,17,0.0
7,8,18,0.0
7,8,19,5.0
7,8,20,5.0
7,8,21,0.0
7,8,22,0.0
7,8,23,0.0
7,8,24,-0.0
7,8,25,6.0
7,8,26,4.0
7,8,27,5.0
7,8,28,5.0
7,8,29,5.0
7,8,30,0.0
7,8,31,0.0
7,8,32,5.0
7,8,33,0.0
7,8,34,5.0
7,8,35,0.0
7,8,36,5.0
7,8,37,5.0
7,8,38,5.0
7,8,39,0.0
7,8,40,0.0
7,8,41,5.0
7,8,42,5.0
7,8,43,0.0
7,8,44,0.0
7,8,45,0.0
7,8,46,0.0
7,8,47,5.0
7,8,48,0.0
7,8,49,0.0
7,8,50,0.0
7,8,51,0.0
7,8,52,5.0
7,8,53,5.0
7,8,54,5.0
7,8,55,5.0
7,8,56,0.0
7,8,57,0.0
7,8,58,0.0
7,8,59,0.0
7,8,60,0.0
7,8,61,0.0
7,8,62,0.0
7,8,63,5.0
7,8,64,0.0
7,8,65,0.0
7,8,66,0.0
7,8,67,0.0
7,8,68,0.0
7,8,69,0.0
7,8,70,5.0
7,8,71,0.0
7,8,72,0.0
7,8,73,0.0
7,8,74,0.0
7,8,75,0.0
7,8,76,0.0
7,8,77,0.0
7,8,78,0.0
7,8,79,0.0
7,8,80,5.0
7,8,81,5.0
7,8,82,4.0
7,8,83,0.0
7,8,84,5.0
7,8,85,5.0
7,8,86,6.0
7,8,87,4.0
7,8,88,5.0
7,8,89,0.0
7,8,90,0.0
7,8,91,0.0
7,8,92,0.0
7,8,93,5.0
7,8,94,5.0
7,8,95,5.0
7,8,96,0.0
7,8,97,0.0
7,8,98,0.0
7,8,99,0.0
7,8,100,0.0
7,8,101,0.0
7,8,102,0.0
7,8,103,0.0
7,8,104,4.0
7,8,105,5.0
7,8,106,0.0
7,8,107,0.0
7,8,108,5.0
7,8,109,0.0
7,8,110,0.0
7,8,111,5.0
7,8,112,0.0
7,8,113,0.0
7,8,114,5.0
7,8,115,5.0
7,8,116,0.0
7,8,117,6.0
7,8,118,0.0
7,8,119,5.0
7,8,120,0.0
7,8,121,5.0
7,8,122,0.0
7,8,123,0.0
7,8,124,5.0
7,8,125,0.0
7,8,126,0.0
7,8,127,0.0
7,8,128,0.0
7,8,129,0.0
7,8,130,0.0
7,8,131,5.0
7,8,132,0.0
7,8,133,0.0
7,8,134,0.0
7,8,135,0.0
7,8,136,0.0
7,8,137,0.0
7,8,138,0.0
7,8,139,0.0
7,8,140,0.0
7,8,141,0.0
7,8,142,0.0
7,8,143,0.0
7,8,144,0.0
7,8,145,0.0
7,8,146,0.0
7,8,147,0.0
7,8,148,0.0
7,8,149,0.0
7,8,150,5.0
7,8,151,5.0
7,8,152,0.0
7,8,153,0.0
7,8,154,5.0
7,8,155,0.0
7,8,156,0.0
7,8,157,0.0
7,8,158,0.0
7,8,159,0.0
7,8,160,0.0
7,8,161,0.0
7,8,162,0.0
7,8,163,6.0
7,8,164,0.0
7,8,165,0.0
7,8,166,0.0
7,8,167,0.0
7,8,168,0.0
7,8,169,0.0
7,8,170,0.0
7,8,171,0.0
7,8,172,0.0
7,8,173,0.0
7,8,174,0.0
7,8,175,0.0
7,8,176,0.0
7,8,177,0.0
7,8,178,0.0
7,8,179,0.0
7,8,180,0.0
7,8,181,0.0
7,8,182,0.0
7,8,183,0.0
7,8,184,5.0
7,8,185,0.0
7,8,186,5.0
7,8,187,0.0
7,8,188,0.0
7,8,189,5.0
7,8,190,5.0
7,8,191,0.0
7,8,192,0.0
7,8,193,0.0
7,8,194,0.0
7,8,195,0.0
7,8,196,5.0
7,8,197,0.0
7,8,198,0.0
7,8,199,0.0
7,8,200,0.0
7,8,201,0.0
7,8,202,5.0
7,8,203,5.0
7,8,204,5.0
7,8,205,0.0
7,8,206,0.0
7,8,207,-0.0
7,8,208,0.0
7,8,209,5.0
7,8,210,0.0
7,8,211,5.0
7,8,212,5.0
7,8,213,0.0
7,8,214,0.0
7,8,215,0.0
7,8,216,0.0
7,8,217,5.0
7,8,218,5.0
7,8,219,0.0
7,8,220,0.0
7,8,221,0.0
7,8,222,0.0
7,8,223,0.0
7,8,224,0.0
7,8,225,0.0
7,8,226,0.0
7,8,227,0.0
7,8,228,0.0
7,8,229,5.0
7,8,230,0.0
7,8,231,0.0
7,8,232,0.0
7,8,233,0.0
7,8,234,0.0
7,8,235,0.0
7,8,236,0.0
7,8,237,0.0
7,8,238,0.0
7,8,239,0.0
7,8,240,0.0
7,8,241,5.0
7,8,242,5.0
7,8,243,0.0
7,8,244,0.0
7,8,245,0.0
7,8,246,0.0
7,8,247,5.0
7,8,248,0.0
7,8,249,0.0
7,8,250,0.0
7,8,251,0.0
7,8,252,0.0
7,8,253,0.0
7,8,254,0.0
7,8,255,0.0
7,8,256,0.0
7,8,257,0.0
7,8,258,0.0
7,8,259,5.0
7,8,260,0.0
7,8,261,0.0
7,8,262,5.0
7,8,263,5.0
7,8,264,0.0
7,8,265,0.0
7,8,266,5.0
7,8,267,5.0
7,8,268,5.0
7,8,269,5.0
7,8,270,0.0
7,8,271,0.0
7,8,272,5.0
7,8,273,5.0
7,8,274,0.0
7,8,275,5.0
7,8,276,0.0
7,8,277,0.0
7,8,278,0.0
7,8,279,0.0
7,8,280,5.0
7,8,281,0.0
7,8,282,0.0
7,8,283,0.0
7,8,284,0.0
7,8,285,0.0
7,8,286,0.0
7,8,287,0.0
7,8,288,5.0
7,8,289,0.0
7,8,290,0.0
7,8,291,0.0
7,8,292,0.0
7,8,293,0.0
7,8,294,0.0
7,8,295,0.0
7,8,296,0.0
7,8,297,0.0
7,8,298,0.0
7,8,299,5.0
7,8,300,5.0
7,8,301,0.0
7,8,302,5.0
7,8,303,5.0
7,8,304,0.0
7,8,305,0.0
7,8,306,5.0
7,8,307,0.0
7,8,308,0.0
7,8,309,0.0
7,8,310,5.0
7,8,311,0.0
7,8,312,5.0
7,8,313,0.0
7,8,314,0.0
7,8,315,0.0
7,8,316,5.0
7,8,317,5.0
7,8,318,5.0
7,8,319,0.0
7,8,320,6.0
7,8,321,0.0
7,8,322,0.0
7,8,323,5.0
7,8,324,0.0
7,8,325,0.0
7,8,326,0.0
7,8,327,5.0
7,8,328,5.0
7,8,329,2.0
7,8,330,0.0
7,8,331,0.0
7,8,332,0.0
7,8,333,0.0
7,8,334,0.0
7,8,335,0.0
7,8,336,0.0
7,8,337,0.0
7,8,338,0.0
7,8,339,5.0
7,8,340,0.0
7,8,341,5.0
7,8,342,0.0
7,8,343,5.0
7,8,344,5.0
7,8,345,5.0
7,8,346,5.0
7,8,347,0.0
7,8,348,5.0
7,8,349,5.0
7,8,350,0.0
7,8,351,5.0
7,8,352,2.0
7,8,353,5.0
7,8,354,5.0
7,8,355,5.0
7,8,356,0.0
7,8,357,0.0
7,8,358,0.0
7,8,359,0.0
7,8,360,-0.0
